?cls	?xref
<http://purl.obolibrary.org/obo/PO_0009010>	"FNA:f5c50e73-61e3-48ec-b918-6f85b3f40738"
<http://purl.obolibrary.org/obo/PO_0009010>	"PO_GIT:405"
<http://purl.obolibrary.org/obo/PO_0025530>	"PO_GIT:517"
<http://purl.obolibrary.org/obo/PO_0025496>	"PO_GIT:480"
<http://purl.obolibrary.org/obo/PO_0009005>	"FNA:bf0ce902-e91c-401a-92a8-26b20142ce5f"
<http://purl.obolibrary.org/obo/PO_0009005>	"PO_GIT:578"
<http://purl.obolibrary.org/obo/PO_0009062>	"PO_GIT:71"
<http://purl.obolibrary.org/obo/PO_0009062>	"PO_GIT:470"
<http://purl.obolibrary.org/obo/PO_0009062>	"PO_GIT:98"
<http://purl.obolibrary.org/obo/PO_0000037>	"PO_GIT:234"
<http://purl.obolibrary.org/obo/PO_0020148>	"PO_GIT:472"
<http://purl.obolibrary.org/obo/GO_0008150>	"Wikipedia:Biological_process"
<http://purl.obolibrary.org/obo/PO_0008028>	"PO_GIT:36"
<http://purl.obolibrary.org/obo/PO_0025338>	"PO_GIT:391"
<http://purl.obolibrary.org/obo/PO_0025430>	"PO_GIT:427"
<http://purl.obolibrary.org/obo/PO_0007033>	"PO_GIT:390"
<http://purl.obolibrary.org/obo/PO_0025497>	"PO_GIT:479"
<http://purl.obolibrary.org/obo/PO_0009046>	"PO_GIT:160"
<http://purl.obolibrary.org/obo/PO_0009046>	"PO_GIT:259"
<http://purl.obolibrary.org/obo/PO_0025128>	"PO_GIT:466"
<http://purl.obolibrary.org/obo/PO_0025527>	"PO_GIT:517"
<http://purl.obolibrary.org/obo/PO_0025477>	"PO_GIT:465"
<http://purl.obolibrary.org/obo/PO_0025025>	"PO_GIT:136"
<http://purl.obolibrary.org/obo/PO_0025025>	"FNA:b7ce680b-c6ed-4d2e-81e6-66970f7deff9"
<http://purl.obolibrary.org/obo/PO_0009011>	"PO_GIT:57"
<http://purl.obolibrary.org/obo/PO_0025337>	"PO_GIT:230"
<http://purl.obolibrary.org/obo/PO_0025007>	"PO_GIT:63"
<http://purl.obolibrary.org/obo/NCBITaxon_1>	"PMID:32761142"
<http://purl.obolibrary.org/obo/NCBITaxon_1>	"PMID:30365038"
<http://purl.obolibrary.org/obo/NCBITaxon_1>	"GC_ID:1"
<http://purl.obolibrary.org/obo/PO_0006210>	"PO_GIT:125"
<http://purl.obolibrary.org/obo/UBERON_0001062>	"MA:0000001"
<http://purl.obolibrary.org/obo/UBERON_0001062>	"TAO:0100000"
<http://purl.obolibrary.org/obo/UBERON_0001062>	"AAO:0010841"
<http://purl.obolibrary.org/obo/UBERON_0001062>	"HAO:0000000"
<http://purl.obolibrary.org/obo/UBERON_0001062>	"ZFA:0100000"
<http://purl.obolibrary.org/obo/UBERON_0001062>	"FMA:62955"
<http://purl.obolibrary.org/obo/UBERON_0001062>	"WBbt:0000100"
<http://purl.obolibrary.org/obo/UBERON_0001062>	"TGMA:0001822"
<http://purl.obolibrary.org/obo/UBERON_0001062>	"BFO:0000004"
<http://purl.obolibrary.org/obo/UBERON_0001062>	"BILA:0000000"
<http://purl.obolibrary.org/obo/UBERON_0001062>	"AEO:0000000"
<http://purl.obolibrary.org/obo/UBERON_0001062>	"NCIT:C12219"
<http://purl.obolibrary.org/obo/UBERON_0001062>	"XAO:0000000"
<http://purl.obolibrary.org/obo/UBERON_0001062>	"EHDAA2:0002229"
<http://purl.obolibrary.org/obo/UBERON_0001062>	"CARO:0000000"
<http://purl.obolibrary.org/obo/UBERON_0001062>	"BIRNLEX:6"
<http://purl.obolibrary.org/obo/UBERON_0001062>	"UMLS:C1515976"
<http://purl.obolibrary.org/obo/UBERON_0001062>	"FBbt:10000000"
<http://purl.obolibrary.org/obo/UBERON_0001062>	<http://linkedlifedata.com/resource/umls/id/C1515976>
<http://purl.obolibrary.org/obo/PO_0000019>	"PO_GIT:465"
<http://purl.obolibrary.org/obo/PO_0009009>	"PO_GIT:92"
<http://purl.obolibrary.org/obo/PO_0004010>	"PO_GIT:272"
<http://purl.obolibrary.org/obo/PO_0004010>	"CL:0000034"
<http://purl.obolibrary.org/obo/PO_0025395>	"PO_GIT:423"
<http://purl.obolibrary.org/obo/PO_0025023>	"GO:0048459"
<http://purl.obolibrary.org/obo/PO_0025023>	"GO:0048457"
<http://purl.obolibrary.org/obo/PO_0025023>	"PO_GIT:90"
<http://purl.obolibrary.org/obo/PO_0025023>	"GO:0048438"
<http://purl.obolibrary.org/obo/PO_0025023>	"PO_GIT:99"
<http://purl.obolibrary.org/obo/PO_0025023>	"FNA:d42df0a9-60f4-4c24-9c0b-ba815272f2fe"
<http://purl.obolibrary.org/obo/PO_0025023>	"FNA:12607624-3d2a-4113-bd86-0e2557f2f473"
<http://purl.obolibrary.org/obo/PO_0025023>	"GO:0048458"
<http://purl.obolibrary.org/obo/PO_0028002>	"PO_GIT:68"
<http://purl.obolibrary.org/obo/PO_0028002>	"PO_GIT:139"
<http://purl.obolibrary.org/obo/PO_0005029>	"PO_GIT:467"
<http://purl.obolibrary.org/obo/PO_0009002>	"PO_GIT:56"
<http://purl.obolibrary.org/obo/PO_0009007>	"PO_GIT:59"
<http://purl.obolibrary.org/obo/PO_0025127>	"PO_GIT:186"
<http://purl.obolibrary.org/obo/PO_0025433>	"PO_GIT:427"
<http://purl.obolibrary.org/obo/PO_0025099>	"PO_GIT:339"
<http://purl.obolibrary.org/obo/PO_0025099>	"PO_GIT:245"
<http://purl.obolibrary.org/obo/NCBITaxon_131567>	"GC_ID:1"
<http://purl.obolibrary.org/obo/PO_0009001>	"FNA:c13b1312-1cc5-4ace-98e2-fde12aec09da"
<http://purl.obolibrary.org/obo/PO_0009001>	"PO_GIT:76"
<http://purl.obolibrary.org/obo/PO_0009001>	"FNA:67fa41ae-b735-4d89-b5db-7631b873ef7a"
<http://purl.obolibrary.org/obo/PO_0020144>	"PO_GIT:579"
<http://purl.obolibrary.org/obo/PO_0025028>	"PO_GIT:281"
<http://purl.obolibrary.org/obo/PO_0000018>	"PO_GIT:465"
<http://purl.obolibrary.org/obo/PO_0020003>	"PO_GIT:464"
<http://purl.obolibrary.org/obo/PO_0020003>	"PO_GIT:70"
<http://purl.obolibrary.org/obo/PO_0009013>	"PO_GIT:472"
<http://purl.obolibrary.org/obo/PO_0009008>	"PO_GIT:55"
<http://purl.obolibrary.org/obo/PO_0009008>	"PATO:01503"
<http://purl.obolibrary.org/obo/PO_0025606>	"PO_GIT:586"
<http://purl.obolibrary.org/obo/PO_0025034>	"PO_GIT:301"
<http://purl.obolibrary.org/obo/PO_0025034>	"PO_GIT:274"
<http://purl.obolibrary.org/obo/NCBITaxon_2759>	"PMID:30257078"
<http://purl.obolibrary.org/obo/NCBITaxon_2759>	"PMID:23020233"
<http://purl.obolibrary.org/obo/NCBITaxon_2759>	"GC_ID:1"
<http://purl.obolibrary.org/obo/PO_0006079>	"PO_GIT:583"
<http://purl.obolibrary.org/obo/PO_0006079>	"PO_GIT:472"
<http://purl.obolibrary.org/obo/PO_0009006>	"PO_GIT:135"
<http://purl.obolibrary.org/obo/PO_0009006>	"FNA:02756ad4-a09c-48d7-8754-903254e557a9"
<http://purl.obolibrary.org/obo/PO_0009006>	"FNA:d1431b5c-7b86-46a0-8d3c-bd426fe12c85"
<http://purl.obolibrary.org/obo/PO_0009012>	"TAIR:0000205"
<http://purl.obolibrary.org/obo/PO_0009012>	"PO_GIT:185"
<http://purl.obolibrary.org/obo/GO_0016301>	"Reactome:R-HSA-6788867"
<http://purl.obolibrary.org/obo/GO_0016301>	"Reactome:R-HSA-6788855"
<http://purl.obolibrary.org/obo/PO_0025233>	"PO_GIT:338"
<http://purl.obolibrary.org/obo/PO_0000003>	"FNA:ec8c2064-2a67-43d7-8e14-aecfef5cf33b"
<http://purl.obolibrary.org/obo/PO_0000003>	"FNA:f8f31520-e4bc-4430-9274-8dd3cee7ffd8"
<http://purl.obolibrary.org/obo/PO_0000003>	"FNA:99508f62-7116-4e2b-90c0-19ff55ebd967"
<http://purl.obolibrary.org/obo/PO_0000003>	"FNA:ba1b1bd5-75bd-4195-b11c-3aba08da08c2"
<http://purl.obolibrary.org/obo/PO_0000003>	"FNA:4b610104-1bb0-4c6b-9bb9-e3cc61d11ac0"
<http://purl.obolibrary.org/obo/PO_0000003>	"PO_GIT:538"
<http://purl.obolibrary.org/obo/PO_0000003>	"PO_GIT:69"
<http://purl.obolibrary.org/obo/PO_0000003>	"FNA:e4dde193-57f7-4ab9-9d25-96b4ca0088ba"
<http://purl.obolibrary.org/obo/PO_0000003>	"FNA:c1ccca7d-2a98-4a9d-8603-c34b551935e0"
<http://purl.obolibrary.org/obo/PO_0025131>	"PO_GIT:224"
<http://purl.obolibrary.org/obo/ENVO_01000254>	"EcoLexicon:environment"
<http://purl.obolibrary.org/obo/NCBITaxon_4751>	"PMID:12684019"
<http://purl.obolibrary.org/obo/NCBITaxon_4751>	"PMID:11062127"
<http://purl.obolibrary.org/obo/NCBITaxon_4751>	"GC_ID:1"
<http://purl.obolibrary.org/obo/UBERON_0000465>	"HAO:0000006"
<http://purl.obolibrary.org/obo/UBERON_0000465>	"VHOG:0001721"
<http://purl.obolibrary.org/obo/UBERON_0000465>	"AAO:0010264"
<http://purl.obolibrary.org/obo/UBERON_0000465>	"FMA:67165"
<http://purl.obolibrary.org/obo/UBERON_0000465>	"BILA:0000006"
<http://purl.obolibrary.org/obo/UBERON_0000465>	"TAO:0001836"
<http://purl.obolibrary.org/obo/UBERON_0000465>	"AEO:0000006"
<http://purl.obolibrary.org/obo/UBERON_0000465>	"CARO:0000006"
<http://purl.obolibrary.org/obo/UBERON_0000465>	"EHDAA2:0003006"
<http://purl.obolibrary.org/obo/UBERON_0000465>	"TGMA:0001826"
<http://purl.obolibrary.org/obo/UBERON_0000465>	"FBbt:00007016"
<http://purl.obolibrary.org/obo/NCBITaxon_33511>	"GC_ID:1"
<http://purl.obolibrary.org/obo/NCBITaxon_33213>	"GC_ID:1"
<http://purl.obolibrary.org/obo/NCBITaxon_89593>	"GC_ID:1"
<http://purl.obolibrary.org/obo/NCBITaxon_8287>	"GC_ID:1"
<http://purl.obolibrary.org/obo/NCBITaxon_2157>	"PMID:12054223"
<http://purl.obolibrary.org/obo/NCBITaxon_2157>	"PMID:11411719"
<http://purl.obolibrary.org/obo/NCBITaxon_2157>	"PMID:11211268"
<http://purl.obolibrary.org/obo/NCBITaxon_2157>	"PMID:11541975"
<http://purl.obolibrary.org/obo/NCBITaxon_2157>	"PMID:11321113"
<http://purl.obolibrary.org/obo/NCBITaxon_2157>	"PMID:10425795"
<http://purl.obolibrary.org/obo/NCBITaxon_2157>	"PMID:11760965"
<http://purl.obolibrary.org/obo/NCBITaxon_2157>	"PMID:2112744"
<http://purl.obolibrary.org/obo/NCBITaxon_2157>	"PMID:11542149"
<http://purl.obolibrary.org/obo/NCBITaxon_2157>	"PMID:10939651"
<http://purl.obolibrary.org/obo/NCBITaxon_2157>	"GC_ID:11"
<http://purl.obolibrary.org/obo/NCBITaxon_2157>	"PMID:9336922"
<http://purl.obolibrary.org/obo/NCBITaxon_2157>	"PMID:10425797"
<http://purl.obolibrary.org/obo/NCBITaxon_2157>	"PMID:9103655"
<http://purl.obolibrary.org/obo/NCBITaxon_2157>	"PMID:11321083"
<http://purl.obolibrary.org/obo/NCBITaxon_2157>	"PMID:270744"
<http://purl.obolibrary.org/obo/NCBITaxon_2157>	"PMID:25527841"
<http://purl.obolibrary.org/obo/NCBITaxon_2157>	"PMID:10939677"
<http://purl.obolibrary.org/obo/NCBITaxon_2157>	"PMID:11540071"
<http://purl.obolibrary.org/obo/NCBITaxon_2157>	"PMID:10490293"
<http://purl.obolibrary.org/obo/NCBITaxon_2157>	"PMID:8590690"
<http://purl.obolibrary.org/obo/NCBITaxon_2157>	"PMID:8123559"
<http://purl.obolibrary.org/obo/NCBITaxon_2157>	"PMID:10425796"
<http://purl.obolibrary.org/obo/NCBITaxon_2157>	"PMID:10843050"
<http://purl.obolibrary.org/obo/NCBITaxon_2157>	"PMID:11542064"
<http://purl.obolibrary.org/obo/NCBITaxon_2157>	"PMID:10939673"
<http://purl.obolibrary.org/obo/NCBITaxon_314146>	"PMID:15522813"
<http://purl.obolibrary.org/obo/NCBITaxon_314146>	"PMID:12878460"
<http://purl.obolibrary.org/obo/NCBITaxon_314146>	"PMID:12082125"
<http://purl.obolibrary.org/obo/NCBITaxon_314146>	"PMID:11214319"
<http://purl.obolibrary.org/obo/NCBITaxon_314146>	"GC_ID:1"
<http://purl.obolibrary.org/obo/NCBITaxon_117570>	"GC_ID:1"
<http://purl.obolibrary.org/obo/NCBITaxon_9526>	"GC_ID:1"
<http://purl.obolibrary.org/obo/NCBITaxon_2>	"PMID:11760965"
<http://purl.obolibrary.org/obo/NCBITaxon_2>	"PMID:11542017"
<http://purl.obolibrary.org/obo/NCBITaxon_2>	"PMID:11321113"
<http://purl.obolibrary.org/obo/NCBITaxon_2>	"PMID:10939651"
<http://purl.obolibrary.org/obo/NCBITaxon_2>	"PMID:11211268"
<http://purl.obolibrary.org/obo/NCBITaxon_2>	"PMID:8590690"
<http://purl.obolibrary.org/obo/NCBITaxon_2>	"PMID:11542087"
<http://purl.obolibrary.org/obo/NCBITaxon_2>	"PMID:11411719"
<http://purl.obolibrary.org/obo/NCBITaxon_2>	"PMID:10425797"
<http://purl.obolibrary.org/obo/NCBITaxon_2>	"PMID:9336922"
<http://purl.obolibrary.org/obo/NCBITaxon_2>	"PMID:9103655"
<http://purl.obolibrary.org/obo/NCBITaxon_2>	"PMID:10425796"
<http://purl.obolibrary.org/obo/NCBITaxon_2>	"PMID:270744"
<http://purl.obolibrary.org/obo/NCBITaxon_2>	"PMID:10939677"
<http://purl.obolibrary.org/obo/NCBITaxon_2>	"PMID:11321083"
<http://purl.obolibrary.org/obo/NCBITaxon_2>	"PMID:8186100"
<http://purl.obolibrary.org/obo/NCBITaxon_2>	"PMID:12054223"
<http://purl.obolibrary.org/obo/NCBITaxon_2>	"PMID:10843050"
<http://purl.obolibrary.org/obo/NCBITaxon_2>	"PMID:7520741"
<http://purl.obolibrary.org/obo/NCBITaxon_2>	"PMID:10490293"
<http://purl.obolibrary.org/obo/NCBITaxon_2>	"PMID:11540071"
<http://purl.obolibrary.org/obo/NCBITaxon_2>	"GC_ID:11"
<http://purl.obolibrary.org/obo/NCBITaxon_2>	"PMID:10425795"
<http://purl.obolibrary.org/obo/NCBITaxon_2>	"PMID:8123559"
<http://purl.obolibrary.org/obo/NCBITaxon_2>	"PMID:10939673"
<http://purl.obolibrary.org/obo/NCBITaxon_2>	"PMID:2112744"
<http://purl.obolibrary.org/obo/ECOCORE_00000146>	"https://www.wikidata.org/entity/Q10253316"
<http://purl.obolibrary.org/obo/NCBITaxon_33208>	"GC_ID:1"
<http://purl.obolibrary.org/obo/NCBITaxon_1338369>	"GC_ID:1"
<http://purl.obolibrary.org/obo/NCBITaxon_314295>	"GC_ID:1"
<http://purl.obolibrary.org/obo/NCBITaxon_7711>	"GC_ID:1"
<http://purl.obolibrary.org/obo/NCBITaxon_32525>	"GC_ID:1"
<http://purl.obolibrary.org/obo/NCBITaxon_33154>	"GC_ID:1"
<http://purl.obolibrary.org/obo/NCBITaxon_1437010>	"PMID:11791233"
<http://purl.obolibrary.org/obo/NCBITaxon_1437010>	"PMID:11743200"
<http://purl.obolibrary.org/obo/NCBITaxon_1437010>	"GC_ID:1"
<http://purl.obolibrary.org/obo/NCBITaxon_9606>	"GC_ID:1"
<http://purl.obolibrary.org/obo/NCBITaxon_7776>	"GC_ID:1"
<http://purl.obolibrary.org/obo/NCBITaxon_9443>	"GC_ID:1"
<http://purl.obolibrary.org/obo/NCBITaxon_32523>	"GC_ID:1"
<http://purl.obolibrary.org/obo/NCBITaxon_7742>	"GC_ID:1"
<http://purl.obolibrary.org/obo/NCBITaxon_376913>	"GC_ID:1"
<http://purl.obolibrary.org/obo/NCBITaxon_207598>	"GC_ID:1"
<http://purl.obolibrary.org/obo/NCBITaxon_9604>	"GC_ID:1"
<http://purl.obolibrary.org/obo/NCBITaxon_6072>	"GC_ID:1"
<http://purl.obolibrary.org/obo/NCBITaxon_40674>	"GC_ID:1"
<http://purl.obolibrary.org/obo/PATO_0001241>	"snap:Quality"
<http://purl.obolibrary.org/obo/NCBITaxon_9347>	"GC_ID:1"
<http://purl.obolibrary.org/obo/NCBITaxon_32524>	"GC_ID:1"
<http://purl.obolibrary.org/obo/NCBITaxon_314293>	"GC_ID:1"
<http://purl.obolibrary.org/obo/NCBITaxon_9605>	"GC_ID:1"
<http://purl.obolibrary.org/obo/NCBITaxon_117571>	"GC_ID:1"
<http://purl.obolibrary.org/obo/UBERON_0001917>	"EMAPA:35148"
<http://purl.obolibrary.org/obo/UBERON_0001917>	"VHOG:0001215"
<http://purl.obolibrary.org/obo/UBERON_0001917>	"BTO:0004757"
<http://purl.obolibrary.org/obo/UBERON_0001917>	"NCIT:C49194"
<http://purl.obolibrary.org/obo/UBERON_0001917>	"AAO:0011013"
<http://purl.obolibrary.org/obo/UBERON_0001917>	"UMLS:C1179025"
<http://purl.obolibrary.org/obo/UBERON_0001917>	"XAO:0000357"
<http://purl.obolibrary.org/obo/UBERON_0001917>	<http://linkedlifedata.com/resource/umls/id/C1179025>
<http://purl.obolibrary.org/obo/UBERON_0001917>	"MA:0000707"
<http://purl.obolibrary.org/obo/UBERON_0001917>	"FMA:62116"
<http://purl.obolibrary.org/obo/UBERON_0003684>	"NCIT:C12664"
<http://purl.obolibrary.org/obo/UBERON_0003684>	"GAID:17"
<http://purl.obolibrary.org/obo/UBERON_0003684>	"EFO:0000213"
<http://purl.obolibrary.org/obo/UBERON_0003684>	"UMLS:C0230168"
<http://purl.obolibrary.org/obo/UBERON_0003684>	"OpenCyc:Mx4rvZR1TJwpEbGdrcN5Y29ycA"
<http://purl.obolibrary.org/obo/UBERON_0003684>	<http://linkedlifedata.com/resource/umls/id/C0230168>
<http://purl.obolibrary.org/obo/UBERON_0003684>	"MESH:A01.047.025"
<http://purl.obolibrary.org/obo/UBERON_0003684>	"FMA:12266"
<http://purl.obolibrary.org/obo/UBERON_0003684>	<http://www.snomedbrowser.com/Codes/Details/361294009>
<http://purl.obolibrary.org/obo/UBERON_0003684>	<http://en.wikipedia.org/wiki/Abdominal_cavity>
<http://purl.obolibrary.org/obo/UBERON_0003684>	"MA:0003057"
<http://purl.obolibrary.org/obo/UBERON_0003684>	"galen:AbdominalCavity"
<http://purl.obolibrary.org/obo/UBERON_0003684>	"EMAPA:36505"
<http://purl.obolibrary.org/obo/UBERON_0003684>	"MESH:D034841"
<http://purl.obolibrary.org/obo/UBERON_0003684>	"Wikipedia:Abdominal_cavity"
<http://purl.obolibrary.org/obo/UBERON_0003684>	"SCTID:361294009"
<http://purl.obolibrary.org/obo/UBERON_0015129>	"FMA:9871"
<http://purl.obolibrary.org/obo/UBERON_0015129>	<http://www.snomedbrowser.com/Codes/Details/42267001>
<http://purl.obolibrary.org/obo/UBERON_0004852>	"NCIT:C13053"
<http://purl.obolibrary.org/obo/UBERON_0004852>	"MA:0000717"
<http://purl.obolibrary.org/obo/UBERON_0004852>	<http://linkedlifedata.com/resource/umls/id/C0014261>
<http://purl.obolibrary.org/obo/UBERON_0004852>	"XAO:0000356"
<http://purl.obolibrary.org/obo/UBERON_0004852>	"UMLS:C0014261"
<http://purl.obolibrary.org/obo/UBERON_0004852>	"VHOG:0001217"
<http://purl.obolibrary.org/obo/UBERON_0004852>	"MESH:D004730"
<http://purl.obolibrary.org/obo/UBERON_0004852>	"ZFA:0001639"
<http://purl.obolibrary.org/obo/UBERON_0004852>	"TAO:0002171"
<http://purl.obolibrary.org/obo/UBERON_0004852>	"EMAPA:35201"
<http://purl.obolibrary.org/obo/UBERON_0004852>	"BTO:0001853"
<http://purl.obolibrary.org/obo/UBERON_0004852>	"GAID:519"
<http://purl.obolibrary.org/obo/UBERON_0000474>	"FBbt:00004864"
<http://purl.obolibrary.org/obo/UBERON_0000474>	<http://linkedlifedata.com/resource/umls/id/C0700038>
<http://purl.obolibrary.org/obo/UBERON_0000474>	"EV:0100110"
<http://purl.obolibrary.org/obo/UBERON_0000474>	"FMA:45663"
<http://purl.obolibrary.org/obo/UBERON_0000474>	"GAID:364"
<http://purl.obolibrary.org/obo/UBERON_0000474>	"HAO:0000324"
<http://purl.obolibrary.org/obo/UBERON_0000474>	"BTO:0000083"
<http://purl.obolibrary.org/obo/UBERON_0000474>	"EHDAA:8116"
<http://purl.obolibrary.org/obo/UBERON_0000474>	"EFO:0000969"
<http://purl.obolibrary.org/obo/UBERON_0000474>	"WikipediaCategory:Female_reproductive_system"
<http://purl.obolibrary.org/obo/UBERON_0000474>	"OpenCyc:Mx4rvVipTZwpEbGdrcN5Y29ycA"
<http://purl.obolibrary.org/obo/UBERON_0000474>	"NCIT:C12402"
<http://purl.obolibrary.org/obo/UBERON_0000474>	<http://en.wikipedia.org/wiki/Female_genitalia>
<http://purl.obolibrary.org/obo/UBERON_0000474>	"EMAPA:17959"
<http://purl.obolibrary.org/obo/UBERON_0000474>	"VHOG:0000726"
<http://purl.obolibrary.org/obo/UBERON_0000474>	"TGMA:0000635"
<http://purl.obolibrary.org/obo/UBERON_0000474>	"CALOHA:TS-1303"
<http://purl.obolibrary.org/obo/UBERON_0000474>	"UMLS:C0700038"
<http://purl.obolibrary.org/obo/UBERON_0000474>	"MA:0000381"
<http://purl.obolibrary.org/obo/UBERON_0000474>	"MIAA:0000028"
<http://purl.obolibrary.org/obo/UBERON_0000474>	"EHDAA2:0000506"
<http://purl.obolibrary.org/obo/UBERON_0000474>	"MESH:D005836"
<http://purl.obolibrary.org/obo/UBERON_0000474>	"XAO:0000156"
<http://purl.obolibrary.org/obo/UBERON_0000474>	<http://www.snomedbrowser.com/Codes/Details/361386004>
<http://purl.obolibrary.org/obo/UBERON_0000474>	"SCTID:361386004"
<http://purl.obolibrary.org/obo/UBERON_0000474>	"Wikipedia:Female_genitalia"
<http://purl.obolibrary.org/obo/CL_0002092>	"FMA:83621"
<http://purl.obolibrary.org/obo/CL_0002092>	"BTO:0004850"
<http://purl.obolibrary.org/obo/CL_0002092>	"MESH:D001854"
<http://purl.obolibrary.org/obo/GO_0030054>	"Wikipedia:Cell_junction"
<http://purl.obolibrary.org/obo/UBERON_0019304>	"MA:0003174"
<http://purl.obolibrary.org/obo/UBERON_0019304>	"EMAPA:35952"
<http://purl.obolibrary.org/obo/UBERON_0016514>	"EMAPA:26038"
<http://purl.obolibrary.org/obo/UBERON_0016514>	"FMA:9466"
<http://purl.obolibrary.org/obo/UBERON_0009616>	"BAMS:MES"
<http://purl.obolibrary.org/obo/UBERON_0009616>	<http://en.wikipedia.org/wiki/Mesencephalon>
<http://purl.obolibrary.org/obo/UBERON_0009616>	"TAO:0000148"
<http://purl.obolibrary.org/obo/UBERON_0009616>	"EFO:0003432"
<http://purl.obolibrary.org/obo/UBERON_0009616>	"EHDAA2:0000615"
<http://purl.obolibrary.org/obo/UBERON_0009616>	"EMAPA:16140"
<http://purl.obolibrary.org/obo/UBERON_0009616>	"ZFA:0000148"
<http://purl.obolibrary.org/obo/UBERON_0009616>	"Wikipedia:Mesencephalon"
<http://purl.obolibrary.org/obo/UBERON_0007242>	"EV:0100032"
<http://purl.obolibrary.org/obo/UBERON_0007242>	"EMAPA:36308"
<http://purl.obolibrary.org/obo/UBERON_0007242>	"FMA:14353"
<http://purl.obolibrary.org/obo/UBERON_0007242>	<http://www.snomedbrowser.com/Codes/Details/2436009>
<http://purl.obolibrary.org/obo/UBERON_0007242>	"SCTID:2436009"
<http://purl.obolibrary.org/obo/UBERON_0022350>	"FMA:15860"
<http://purl.obolibrary.org/obo/UBERON_0003084>	"ZFA:0000028"
<http://purl.obolibrary.org/obo/UBERON_0003084>	"UMLS:C1514450"
<http://purl.obolibrary.org/obo/UBERON_0003084>	<http://linkedlifedata.com/resource/umls/id/C1514450>
<http://purl.obolibrary.org/obo/UBERON_0003084>	"BTO:0001887"
<http://purl.obolibrary.org/obo/UBERON_0003084>	"XAO:0000336"
<http://purl.obolibrary.org/obo/UBERON_0003084>	"TAO:0000028"
<http://purl.obolibrary.org/obo/UBERON_0003084>	"NCIT:C34276"
<http://purl.obolibrary.org/obo/UBERON_0003084>	"AAO:0011044"
<http://purl.obolibrary.org/obo/UBERON_0000332>	<http://www.snomedbrowser.com/Codes/Details/328639002>
<http://purl.obolibrary.org/obo/UBERON_0000332>	"FMA:74596"
<http://purl.obolibrary.org/obo/UBERON_0000332>	<http://www.snomedbrowser.com/Codes/Details/5023006>
<http://purl.obolibrary.org/obo/UBERON_0000332>	"BTO:0000635"
<http://purl.obolibrary.org/obo/UBERON_0000332>	"SCTID:328639002"
<http://purl.obolibrary.org/obo/UBERON_0000332>	"SCTID:5023006"
<http://purl.obolibrary.org/obo/UBERON_0005744>	"ZFA:0005386"
<http://purl.obolibrary.org/obo/UBERON_0005744>	"AAO:0010438"
<http://purl.obolibrary.org/obo/UBERON_0005744>	"VHOG:0001760"
<http://purl.obolibrary.org/obo/UBERON_0005744>	"TAO:0001736"
<http://purl.obolibrary.org/obo/UBERON_0002082>	"XAO:0003193"
<http://purl.obolibrary.org/obo/UBERON_0002082>	"ZFA:0000009"
<http://purl.obolibrary.org/obo/UBERON_0002082>	<http://www.snomedbrowser.com/Codes/Details/277699000>
<http://purl.obolibrary.org/obo/UBERON_0002082>	<http://linkedlifedata.com/resource/umls/id/C0018827>
<http://purl.obolibrary.org/obo/UBERON_0002082>	"OpenCyc:Mx4rvVjj1pwpEbGdrcN5Y29ycA"
<http://purl.obolibrary.org/obo/UBERON_0002082>	"FMA:7100"
<http://purl.obolibrary.org/obo/UBERON_0002082>	"galen:Ventricle"
<http://purl.obolibrary.org/obo/UBERON_0002082>	"MA:0000091"
<http://purl.obolibrary.org/obo/UBERON_0002082>	"EV:0100020"
<http://purl.obolibrary.org/obo/UBERON_0002082>	"TAO:0000009"
<http://purl.obolibrary.org/obo/UBERON_0002082>	"NCIT:C12730"
<http://purl.obolibrary.org/obo/UBERON_0002082>	"EMAPA:17331"
<http://purl.obolibrary.org/obo/UBERON_0002082>	"MESH:D006352"
<http://purl.obolibrary.org/obo/UBERON_0002082>	"VHOG:0000435"
<http://purl.obolibrary.org/obo/UBERON_0002082>	"EHDAA2:0004164"
<http://purl.obolibrary.org/obo/UBERON_0002082>	"BTO:0000862"
<http://purl.obolibrary.org/obo/UBERON_0002082>	"EHDAA:1912"
<http://purl.obolibrary.org/obo/UBERON_0002082>	"UMLS:C0018827"
<http://purl.obolibrary.org/obo/UBERON_0002082>	"EFO:0000317"
<http://purl.obolibrary.org/obo/UBERON_0002082>	"CALOHA:TS-0444"
<http://purl.obolibrary.org/obo/UBERON_0002082>	"GAID:568"
<http://purl.obolibrary.org/obo/UBERON_0002082>	"AAO:0010249"
<http://purl.obolibrary.org/obo/UBERON_0002082>	"MAT:0000497"
<http://purl.obolibrary.org/obo/UBERON_0002082>	<http://en.wikipedia.org/wiki/Ventricle_(heart)>
<http://purl.obolibrary.org/obo/UBERON_0002082>	"SCTID:277699000"
<http://purl.obolibrary.org/obo/UBERON_0002082>	"Wikipedia:Ventricle_(heart)"
<http://purl.obolibrary.org/obo/UBERON_0000069>	<http://en.wikipedia.org/wiki/Larva>
<http://purl.obolibrary.org/obo/UBERON_0000069>	"ZFS:0000048"
<http://purl.obolibrary.org/obo/UBERON_0000069>	"EFO:0001303"
<http://purl.obolibrary.org/obo/UBERON_0000069>	"MIAA:0000400"
<http://purl.obolibrary.org/obo/UBERON_0000069>	"OGES:000008"
<http://purl.obolibrary.org/obo/UBERON_0000069>	"BTO:0000954"
<http://purl.obolibrary.org/obo/UBERON_0000069>	"FBdv:00005336"
<http://purl.obolibrary.org/obo/UBERON_0000069>	"BTO:0000915"
<http://purl.obolibrary.org/obo/UBERON_0003413>	"ZFA:0000789"
<http://purl.obolibrary.org/obo/UBERON_0003413>	"EHDAA2:0002135"
<http://purl.obolibrary.org/obo/UBERON_0003413>	"EMAPA:16408"
<http://purl.obolibrary.org/obo/UBERON_0003413>	"EHDAA:1703"
<http://purl.obolibrary.org/obo/UBERON_0003413>	"TAO:0000789"
<http://purl.obolibrary.org/obo/UBERON_0006915>	"NCIT:C13180"
<http://purl.obolibrary.org/obo/UBERON_0006915>	"FMA:45563"
<http://purl.obolibrary.org/obo/UBERON_0006915>	<http://en.wikipedia.org/wiki/Stratified_squamous_epithelium>
<http://purl.obolibrary.org/obo/UBERON_0006915>	<http://linkedlifedata.com/resource/umls/id/C0836131>
<http://purl.obolibrary.org/obo/UBERON_0006915>	"UMLS:C0836131"
<http://purl.obolibrary.org/obo/UBERON_0006915>	"Wikipedia:Stratified_squamous_epithelium"
<http://purl.obolibrary.org/obo/UBERON_0006267>	"EHDAA2:0001278"
<http://purl.obolibrary.org/obo/UBERON_0006267>	"EHDAA:264"
<http://purl.obolibrary.org/obo/UBERON_0006267>	"UMLS:C1518429"
<http://purl.obolibrary.org/obo/UBERON_0006267>	"NCIT:C34231"
<http://purl.obolibrary.org/obo/UBERON_0006267>	"VHOG:0001212"
<http://purl.obolibrary.org/obo/UBERON_0006267>	"EMAPA:16101"
<http://purl.obolibrary.org/obo/UBERON_0006267>	<http://linkedlifedata.com/resource/umls/id/C1518429>
<http://purl.obolibrary.org/obo/UBERON_0035552>	<http://linkedlifedata.com/resource/umls/id/C0226514>
<http://purl.obolibrary.org/obo/UBERON_0035552>	<http://en.wikipedia.org/wiki/Deep_vein>
<http://purl.obolibrary.org/obo/UBERON_0035552>	<http://www.snomedbrowser.com/Codes/Details/341484008>
<http://purl.obolibrary.org/obo/UBERON_0035552>	"NCIT:C32444"
<http://purl.obolibrary.org/obo/UBERON_0035552>	"FMA:76718"
<http://purl.obolibrary.org/obo/UBERON_0035552>	"UMLS:C0226514"
<http://purl.obolibrary.org/obo/UBERON_0035552>	"Wikipedia:Deep_vein"
<http://purl.obolibrary.org/obo/UBERON_0035552>	"SCTID:341484008"
<http://purl.obolibrary.org/obo/UBERON_0004797>	"EMAPA:36296"
<http://purl.obolibrary.org/obo/UBERON_0004797>	"MA:0002854"
<http://purl.obolibrary.org/obo/UBERON_0003077>	"ZFA:0000255"
<http://purl.obolibrary.org/obo/UBERON_0003077>	"NCIT:C34244"
<http://purl.obolibrary.org/obo/UBERON_0003077>	"VHOG:0000114"
<http://purl.obolibrary.org/obo/UBERON_0003077>	"TAO:0000255"
<http://purl.obolibrary.org/obo/UBERON_0003077>	<http://www.snomedbrowser.com/Codes/Details/361475002>
<http://purl.obolibrary.org/obo/UBERON_0003077>	<http://linkedlifedata.com/resource/umls/id/C1284009>
<http://purl.obolibrary.org/obo/UBERON_0003077>	<http://en.wikipedia.org/wiki/Paraxial_mesoderm>
<http://purl.obolibrary.org/obo/UBERON_0003077>	"AAO:0010568"
<http://purl.obolibrary.org/obo/UBERON_0003077>	"XAO:0000259"
<http://purl.obolibrary.org/obo/UBERON_0003077>	"FMA:293145"
<http://purl.obolibrary.org/obo/UBERON_0003077>	"EMAPA:16183"
<http://purl.obolibrary.org/obo/UBERON_0003077>	"EFO:0003515"
<http://purl.obolibrary.org/obo/UBERON_0003077>	"UMLS:C1284009"
<http://purl.obolibrary.org/obo/UBERON_0003077>	"EMAPA:16751"
<http://purl.obolibrary.org/obo/UBERON_0003077>	"Wikipedia:Paraxial_mesoderm"
<http://purl.obolibrary.org/obo/UBERON_0003077>	"SCTID:361475002"
<http://purl.obolibrary.org/obo/UBERON_0001773>	"MA:0000280"
<http://purl.obolibrary.org/obo/UBERON_0001773>	"XAO:0000183"
<http://purl.obolibrary.org/obo/UBERON_0001773>	"OpenCyc:Mx4rv7yR55wpEbGdrcN5Y29ycA"
<http://purl.obolibrary.org/obo/UBERON_0001773>	"MESH:D012590"
<http://purl.obolibrary.org/obo/UBERON_0001773>	"BTO:0001606"
<http://purl.obolibrary.org/obo/UBERON_0001773>	"ZFA:0005563"
<http://purl.obolibrary.org/obo/UBERON_0001773>	"UMLS:C0036410"
<http://purl.obolibrary.org/obo/UBERON_0001773>	<http://linkedlifedata.com/resource/umls/id/C0036410>
<http://purl.obolibrary.org/obo/UBERON_0001773>	"EV:0100342"
<http://purl.obolibrary.org/obo/UBERON_0001773>	"GAID:911"
<http://purl.obolibrary.org/obo/UBERON_0001773>	<http://www.snomedbrowser.com/Codes/Details/181163006>
<http://purl.obolibrary.org/obo/UBERON_0001773>	"NCIT:C12784"
<http://purl.obolibrary.org/obo/UBERON_0001773>	"EMAPA:19027"
<http://purl.obolibrary.org/obo/UBERON_0001773>	"VHOG:0001274"
<http://purl.obolibrary.org/obo/UBERON_0001773>	"AAO:0010354"
<http://purl.obolibrary.org/obo/UBERON_0001773>	<http://en.wikipedia.org/wiki/Sclera>
<http://purl.obolibrary.org/obo/UBERON_0001773>	"FMA:58269"
<http://purl.obolibrary.org/obo/UBERON_0001773>	"SCTID:181163006"
<http://purl.obolibrary.org/obo/UBERON_0001773>	"Wikipedia:Sclera"
<http://purl.obolibrary.org/obo/CL_0000547>	"FMA:83518"
<http://purl.obolibrary.org/obo/UBERON_0005501>	"EMAPA:32819"
<http://purl.obolibrary.org/obo/UBERON_0005501>	"EMAPA:35364"
<http://purl.obolibrary.org/obo/UBERON_0010371>	"FMA:69064"
<http://purl.obolibrary.org/obo/UBERON_0001676>	<http://en.wikipedia.org/wiki/Occipital_bone>
<http://purl.obolibrary.org/obo/UBERON_0001676>	<http://www.snomedbrowser.com/Codes/Details/181796003>
<http://purl.obolibrary.org/obo/UBERON_0001676>	"MESH:D009777"
<http://purl.obolibrary.org/obo/UBERON_0001676>	"EMAPA:25112"
<http://purl.obolibrary.org/obo/UBERON_0001676>	<http://linkedlifedata.com/resource/umls/id/C0028784>
<http://purl.obolibrary.org/obo/UBERON_0001676>	"GAID:227"
<http://purl.obolibrary.org/obo/UBERON_0001676>	"MA:0001468"
<http://purl.obolibrary.org/obo/UBERON_0001676>	"UMLS:C0028784"
<http://purl.obolibrary.org/obo/UBERON_0001676>	"OpenCyc:Mx4rwQtsiZwpEbGdrcN5Y29ycA"
<http://purl.obolibrary.org/obo/UBERON_0001676>	"NCIT:C12757"
<http://purl.obolibrary.org/obo/UBERON_0001676>	"FMA:52735"
<http://purl.obolibrary.org/obo/UBERON_0001676>	"SCTID:181796003"
<http://purl.obolibrary.org/obo/UBERON_0001676>	"Wikipedia:Occipital_bone"
<http://purl.obolibrary.org/obo/UBERON_0001190>	<http://www.snomedbrowser.com/Codes/Details/244280002>
<http://purl.obolibrary.org/obo/UBERON_0001190>	"UMLS:C0226411"
<http://purl.obolibrary.org/obo/UBERON_0001190>	<http://linkedlifedata.com/resource/umls/id/C0226411>
<http://purl.obolibrary.org/obo/UBERON_0001190>	"EMAPA:18620"
<http://purl.obolibrary.org/obo/UBERON_0001190>	"NCIT:C33242"
<http://purl.obolibrary.org/obo/UBERON_0001190>	"OpenCyc:Mx4rwOa9PZwpEbGdrcN5Y29ycA"
<http://purl.obolibrary.org/obo/UBERON_0001190>	"FMA:14761"
<http://purl.obolibrary.org/obo/UBERON_0001190>	"MA:0002012"
<http://purl.obolibrary.org/obo/UBERON_0001190>	<http://en.wikipedia.org/wiki/Ovarian_artery>
<http://purl.obolibrary.org/obo/UBERON_0001190>	"Wikipedia:Ovarian_artery"
<http://purl.obolibrary.org/obo/UBERON_0001190>	"SCTID:244280002"
<http://purl.obolibrary.org/obo/UBERON_0035804>	"FMA:293105"
<http://purl.obolibrary.org/obo/UBERON_0005243>	"EHDAA2:0000887"
<http://purl.obolibrary.org/obo/UBERON_0005243>	"VHOG:0000615"
<http://purl.obolibrary.org/obo/UBERON_0005243>	"EHDAA2:0000886"
<http://purl.obolibrary.org/obo/UBERON_0005243>	"FMA:83584"
<http://purl.obolibrary.org/obo/UBERON_0004148>	"UMLS:C0226654"
<http://purl.obolibrary.org/obo/UBERON_0004148>	"NCIT:C12882"
<http://purl.obolibrary.org/obo/UBERON_0004148>	<http://en.wikipedia.org/wiki/Coronary_circulation>
<http://purl.obolibrary.org/obo/UBERON_0004148>	<http://linkedlifedata.com/resource/umls/id/C0226654>
<http://purl.obolibrary.org/obo/UBERON_0004148>	"EHDAA2:0004507"
<http://purl.obolibrary.org/obo/UBERON_0004148>	"EMAPA:37137"
<http://purl.obolibrary.org/obo/UBERON_0004148>	<http://linkedlifedata.com/resource/umls/id/C0226737>
<http://purl.obolibrary.org/obo/UBERON_0004148>	"UMLS:C0226737"
<http://purl.obolibrary.org/obo/UBERON_0004148>	"ZFA:0005814"
<http://purl.obolibrary.org/obo/UBERON_0004148>	<http://www.snomedbrowser.com/Codes/Details/277726009>
<http://purl.obolibrary.org/obo/UBERON_0004148>	"NCIT:C12878"
<http://purl.obolibrary.org/obo/UBERON_0004148>	"FMA:12846"
<http://purl.obolibrary.org/obo/UBERON_0004148>	"galen:CoronaryVein"
<http://purl.obolibrary.org/obo/UBERON_0004148>	"Wikipedia:Coronary_circulation"
<http://purl.obolibrary.org/obo/UBERON_0004148>	"SCTID:277726009"
<http://purl.obolibrary.org/obo/UBERON_0005800>	<http://linkedlifedata.com/resource/umls/id/C0506947>
<http://purl.obolibrary.org/obo/UBERON_0005800>	"FMA:13087"
<http://purl.obolibrary.org/obo/UBERON_0005800>	"UMLS:C0506947"
<http://purl.obolibrary.org/obo/UBERON_0005800>	"NCIT:C34027"
<http://purl.obolibrary.org/obo/UBERON_0005800>	<http://www.snomedbrowser.com/Codes/Details/119203005>
<http://purl.obolibrary.org/obo/UBERON_0005800>	"SCTID:119203005"
<http://purl.obolibrary.org/obo/UBERON_0005292>	"MIAA:0000061"
<http://purl.obolibrary.org/obo/UBERON_0005292>	"BTO:0003360"
<http://purl.obolibrary.org/obo/UBERON_0005292>	"CALOHA:TS-2119"
<http://purl.obolibrary.org/obo/UBERON_0005292>	"EFO:0001406"
<http://purl.obolibrary.org/obo/UBERON_0005292>	"MAT:0000061"
<http://purl.obolibrary.org/obo/UBERON_0035539>	<http://linkedlifedata.com/resource/umls/id/C0226294>
<http://purl.obolibrary.org/obo/UBERON_0035539>	"NCIT:C32535"
<http://purl.obolibrary.org/obo/UBERON_0035539>	<http://www.snomedbrowser.com/Codes/Details/56548006>
<http://purl.obolibrary.org/obo/UBERON_0035539>	"FMA:4149"
<http://purl.obolibrary.org/obo/UBERON_0035539>	"UMLS:C0226294"
<http://purl.obolibrary.org/obo/UBERON_0035539>	"SCTID:56548006"
<http://purl.obolibrary.org/obo/CHEBI_25805>	"KEGG:C00007"
<http://purl.obolibrary.org/obo/CHEBI_25805>	"WebElements:O"
<http://purl.obolibrary.org/obo/UBERON_0000166>	"FMA:59806"
<http://purl.obolibrary.org/obo/UBERON_0002166>	"ZFA:0001614"
<http://purl.obolibrary.org/obo/UBERON_0002166>	"MA:0000077"
<http://purl.obolibrary.org/obo/UBERON_0002166>	"EMAPA:32745"
<http://purl.obolibrary.org/obo/UBERON_0002166>	<http://www.snomedbrowser.com/Codes/Details/192001005>
<http://purl.obolibrary.org/obo/UBERON_0002166>	"FMA:7284"
<http://purl.obolibrary.org/obo/UBERON_0002166>	"VHOG:0000606"
<http://purl.obolibrary.org/obo/UBERON_0002166>	"TAO:0002169"
<http://purl.obolibrary.org/obo/UBERON_0002166>	"SCTID:192001005"
<http://purl.obolibrary.org/obo/UBERON_0034921>	"CARO:0020001"
<http://purl.obolibrary.org/obo/UBERON_0010188>	"AEO:0000205"
<http://purl.obolibrary.org/obo/UBERON_0010188>	"EHDAA2:0003250"
<http://purl.obolibrary.org/obo/UBERON_0010188>	"FMA:82506"
<http://purl.obolibrary.org/obo/UBERON_0001496>	"FMA:3736"
<http://purl.obolibrary.org/obo/UBERON_0001496>	"EMAPA:17014"
<http://purl.obolibrary.org/obo/UBERON_0001496>	<http://linkedlifedata.com/resource/umls/id/C0003956>
<http://purl.obolibrary.org/obo/UBERON_0001496>	"OpenCyc:Mx4rwVFqO5wpEbGdrcN5Y29ycA"
<http://purl.obolibrary.org/obo/UBERON_0001496>	"NCIT:C32150"
<http://purl.obolibrary.org/obo/UBERON_0001496>	<http://www.snomedbrowser.com/Codes/Details/181299009>
<http://purl.obolibrary.org/obo/UBERON_0001496>	"EHDAA2:0000147"
<http://purl.obolibrary.org/obo/UBERON_0001496>	<http://en.wikipedia.org/wiki/Ascending_aorta>
<http://purl.obolibrary.org/obo/UBERON_0001496>	"UMLS:C0003956"
<http://purl.obolibrary.org/obo/UBERON_0001496>	"EHDAA:9828"
<http://purl.obolibrary.org/obo/UBERON_0001496>	"MA:0002570"
<http://purl.obolibrary.org/obo/UBERON_0001496>	"Wikipedia:Ascending_aorta"
<http://purl.obolibrary.org/obo/UBERON_0001496>	"SCTID:181299009"
<http://purl.obolibrary.org/obo/CL_0000134>	"FMA:70546"
<http://purl.obolibrary.org/obo/CL_0000134>	"BTO:0003298"
<http://purl.obolibrary.org/obo/CL_0000134>	"BTO:0002625"
<http://purl.obolibrary.org/obo/UBERON_0018135>	"FMA:83521"
<http://purl.obolibrary.org/obo/UBERON_0007026>	<http://linkedlifedata.com/resource/umls/id/C1514442>
<http://purl.obolibrary.org/obo/UBERON_0007026>	"NCIT:C34268"
<http://purl.obolibrary.org/obo/UBERON_0007026>	<http://www.snomedbrowser.com/Codes/Details/360394002>
<http://purl.obolibrary.org/obo/UBERON_0007026>	"UMLS:C1514442"
<http://purl.obolibrary.org/obo/UBERON_0007026>	"BILA:0000084"
<http://purl.obolibrary.org/obo/UBERON_0007026>	"SCTID:360394002"
<http://purl.obolibrary.org/obo/UBERON_0003406>	"EMAPA:18694"
<http://purl.obolibrary.org/obo/UBERON_0003406>	"MA:0001818"
<http://purl.obolibrary.org/obo/UBERON_0010363>	"VSAO:0000139"
<http://purl.obolibrary.org/obo/UBERON_0010363>	"XAO:0004017"
<http://purl.obolibrary.org/obo/UBERON_0010363>	"ZFA:0005620"
<http://purl.obolibrary.org/obo/UBERON_0003914>	"EHDAA2:0003114"
<http://purl.obolibrary.org/obo/UBERON_0003914>	"AEO:0000114"
<http://purl.obolibrary.org/obo/UBERON_0003914>	"FBbt:00007474"
<http://purl.obolibrary.org/obo/UBERON_0010377>	"EHDAA2:0001120"
<http://purl.obolibrary.org/obo/UBERON_0005856>	"EHDAA:8979"
<http://purl.obolibrary.org/obo/UBERON_0005856>	"EHDAA2_RETIRED:0003148"
<http://purl.obolibrary.org/obo/UBERON_0005856>	"AEO:0000148"
<http://purl.obolibrary.org/obo/UBERON_0005666>	"EHDAA2:0004033"
<http://purl.obolibrary.org/obo/UBERON_0005666>	"RETIRED_EHDAA2:0000095"
<http://purl.obolibrary.org/obo/UBERON_0005666>	"VHOG:0001092"
<http://purl.obolibrary.org/obo/UBERON_0005666>	"EMAPA:16765"
<http://purl.obolibrary.org/obo/UBERON_0005666>	"EMAPA:16767"
<http://purl.obolibrary.org/obo/UBERON_0005666>	"EMAPA:16769"
<http://purl.obolibrary.org/obo/UBERON_0004456>	"FMA:78499"
<http://purl.obolibrary.org/obo/UBERON_0036422>	"FMA:18211"
<http://purl.obolibrary.org/obo/UBERON_0000379>	"FMA:7471"
<http://purl.obolibrary.org/obo/UBERON_0000379>	<http://www.snomedbrowser.com/Codes/Details/660006>
<http://purl.obolibrary.org/obo/UBERON_0000379>	"BTO:0001390"
<http://purl.obolibrary.org/obo/UBERON_0000379>	"SCTID:660006"
<http://purl.obolibrary.org/obo/UBERON_0005911>	"FMA:69065"
<http://purl.obolibrary.org/obo/UBERON_0001415>	"MA:0000546"
<http://purl.obolibrary.org/obo/UBERON_0001415>	"EMAPA:37282"
<http://purl.obolibrary.org/obo/UBERON_0001415>	<http://www.snomedbrowser.com/Codes/Details/181517009>
<http://purl.obolibrary.org/obo/UBERON_0001415>	"FMA:22984"
<http://purl.obolibrary.org/obo/UBERON_0001017>	<http://braininfo.rprc.washington.edu/centraldirectory.aspx?ID=854>
<http://purl.obolibrary.org/obo/UBERON_0001017>	"TAO:0000012"
<http://purl.obolibrary.org/obo/UBERON_0001017>	<http://www.snomedbrowser.com/Codes/Details/278199004>
<http://purl.obolibrary.org/obo/UBERON_0001017>	"BIRNLEX:1099"
<http://purl.obolibrary.org/obo/UBERON_0001017>	"EMAPA:16754"
<http://purl.obolibrary.org/obo/UBERON_0001017>	"BAMS:CNS"
<http://purl.obolibrary.org/obo/UBERON_0001017>	"ZFA:0000012"
<http://purl.obolibrary.org/obo/UBERON_0001017>	"NCIT:C12438"
<http://purl.obolibrary.org/obo/UBERON_0001017>	"EHDAA:828"
<http://purl.obolibrary.org/obo/UBERON_0001017>	"GAID:570"
<http://purl.obolibrary.org/obo/UBERON_0001017>	"XAO:0000215"
<http://purl.obolibrary.org/obo/UBERON_0001017>	"BILA:0000080"
<http://purl.obolibrary.org/obo/UBERON_0001017>	"EV:0100163"
<http://purl.obolibrary.org/obo/UBERON_0001017>	"FMA:55675"
<http://purl.obolibrary.org/obo/UBERON_0001017>	"MA:0000167"
<http://purl.obolibrary.org/obo/UBERON_0001017>	"MESH:D002490"
<http://purl.obolibrary.org/obo/UBERON_0001017>	"EFO:0000908"
<http://purl.obolibrary.org/obo/UBERON_0001017>	<http://en.wikipedia.org/wiki/Central_nervous_system>
<http://purl.obolibrary.org/obo/UBERON_0001017>	"EHDAA2:0000225"
<http://purl.obolibrary.org/obo/UBERON_0001017>	"FBbt:00005094"
<http://purl.obolibrary.org/obo/UBERON_0001017>	"UMLS:C0927232"
<http://purl.obolibrary.org/obo/UBERON_0001017>	"OpenCyc:Mx4rvzYt3pwpEbGdrcN5Y29ycA"
<http://purl.obolibrary.org/obo/UBERON_0001017>	"AAO:0000090"
<http://purl.obolibrary.org/obo/UBERON_0001017>	"EMAPA:16470"
<http://purl.obolibrary.org/obo/UBERON_0001017>	"CALOHA:TS-0150"
<http://purl.obolibrary.org/obo/UBERON_0001017>	<http://linkedlifedata.com/resource/umls/id/C0927232>
<http://purl.obolibrary.org/obo/UBERON_0001017>	"MAT:0000457"
<http://purl.obolibrary.org/obo/UBERON_0001017>	"BTO:0000227"
<http://purl.obolibrary.org/obo/UBERON_0001017>	"VHOG:0000293"
<http://purl.obolibrary.org/obo/UBERON_0001017>	"Wikipedia:Central_nervous_system"
<http://purl.obolibrary.org/obo/UBERON_0001017>	"neuronames:854"
<http://purl.obolibrary.org/obo/UBERON_0001017>	"SCTID:278199004"
<http://purl.obolibrary.org/obo/UBERON_0001071>	"FMA:10665"
<http://purl.obolibrary.org/obo/UBERON_0001071>	"UMLS:C0226271"
<http://purl.obolibrary.org/obo/UBERON_0001071>	<http://linkedlifedata.com/resource/umls/id/C0226271>
<http://purl.obolibrary.org/obo/UBERON_0001071>	"MA:0002052"
<http://purl.obolibrary.org/obo/UBERON_0001071>	"EMAPA:37117"
<http://purl.obolibrary.org/obo/UBERON_0001071>	"NCIT:C53005"
<http://purl.obolibrary.org/obo/UBERON_0001071>	<http://en.wikipedia.org/wiki/Superficial_part_of_transverse_cervical_artery>
<http://purl.obolibrary.org/obo/UBERON_0001071>	<http://www.snomedbrowser.com/Codes/Details/161746006>
<http://purl.obolibrary.org/obo/UBERON_0001071>	"SCTID:161746006"
<http://purl.obolibrary.org/obo/UBERON_0001071>	"Wikipedia:Superficial_part_of_transverse_cervical_artery"
<http://purl.obolibrary.org/obo/UBERON_0009129>	<http://www.snomedbrowser.com/Codes/Details/3194006>
<http://purl.obolibrary.org/obo/UBERON_0009129>	"EHDAA2:0000274"
<http://purl.obolibrary.org/obo/UBERON_0009129>	"NCIT:C102339"
<http://purl.obolibrary.org/obo/UBERON_0009129>	"VHOG:0001228"
<http://purl.obolibrary.org/obo/UBERON_0009129>	"FMA:7281"
<http://purl.obolibrary.org/obo/UBERON_0009129>	"SCTID:3194006"
<http://purl.obolibrary.org/obo/UBERON_0003071>	"EHDAA2:0004431"
<http://purl.obolibrary.org/obo/UBERON_0003071>	"AAO:0011038"
<http://purl.obolibrary.org/obo/UBERON_0003071>	"XAO:0004090"
<http://purl.obolibrary.org/obo/UBERON_0003071>	"ZFA:0000570"
<http://purl.obolibrary.org/obo/UBERON_0003071>	"TAO:0000570"
<http://purl.obolibrary.org/obo/UBERON_0003071>	"XAO:0000227"
<http://purl.obolibrary.org/obo/UBERON_0003071>	"EFO:0003541"
<http://purl.obolibrary.org/obo/UBERON_0003849>	"EHDAA:360"
<http://purl.obolibrary.org/obo/UBERON_0003849>	"ZFA:0000935"
<http://purl.obolibrary.org/obo/UBERON_0003849>	"EHDAA2:0001101"
<http://purl.obolibrary.org/obo/UBERON_0003849>	"EFO:0003591"
<http://purl.obolibrary.org/obo/UBERON_0003849>	"TAO:0000935"
<http://purl.obolibrary.org/obo/UBERON_0003849>	"VHOG:0000796"
<http://purl.obolibrary.org/obo/UBERON_0001084>	<http://linkedlifedata.com/resource/umls/id/C0205029>
<http://purl.obolibrary.org/obo/UBERON_0001084>	"MA:0000582"
<http://purl.obolibrary.org/obo/UBERON_0001084>	"FMA:12166"
<http://purl.obolibrary.org/obo/UBERON_0001084>	"FMA:24756"
<http://purl.obolibrary.org/obo/UBERON_0001084>	"NCIT:C52757"
<http://purl.obolibrary.org/obo/UBERON_0001084>	"UMLS:C0205029"
<http://purl.obolibrary.org/obo/UBERON_0001084>	<http://www.snomedbrowser.com/Codes/Details/181484006>
<http://purl.obolibrary.org/obo/UBERON_0001084>	"SCTID:181484006"
<http://purl.obolibrary.org/obo/UBERON_0009602>	"EMAPA:16730"
<http://purl.obolibrary.org/obo/UBERON_0009602>	"EMAPA:17654"
<http://purl.obolibrary.org/obo/UBERON_0009602>	"EHDAA2:0000944"
<http://purl.obolibrary.org/obo/UBERON_0002417>	"FMA:259211"
<http://purl.obolibrary.org/obo/UBERON_0002417>	<http://en.wikipedia.org/wiki/Lumbar>
<http://purl.obolibrary.org/obo/UBERON_0002417>	"EMAPA:35104"
<http://purl.obolibrary.org/obo/UBERON_0002417>	<http://www.snomedbrowser.com/Codes/Details/362875007>
<http://purl.obolibrary.org/obo/UBERON_0002417>	"MA:0000021"
<http://purl.obolibrary.org/obo/UBERON_0002417>	"Wikipedia:Lumbar"
<http://purl.obolibrary.org/obo/UBERON_0002417>	"SCTID:362875007"
<http://purl.obolibrary.org/obo/UBERON_0002213>	"EMAPA:36581"
<http://purl.obolibrary.org/obo/UBERON_0002213>	<http://www.snomedbrowser.com/Codes/Details/58442004>
<http://purl.obolibrary.org/obo/UBERON_0002213>	"FMA:7496"
<http://purl.obolibrary.org/obo/UBERON_0002213>	"TAO:0005155"
<http://purl.obolibrary.org/obo/UBERON_0002213>	<http://en.wikipedia.org/wiki/Cartilaginous_joint>
<http://purl.obolibrary.org/obo/UBERON_0002213>	"ZFA:0005155"
<http://purl.obolibrary.org/obo/UBERON_0002213>	"MA:0000320"
<http://purl.obolibrary.org/obo/UBERON_0002213>	"Wikipedia:Cartilaginous_joint"
<http://purl.obolibrary.org/obo/UBERON_0002213>	"SCTID:58442004"
<http://purl.obolibrary.org/obo/UBERON_0014777>	"ZFA:0001332"
<http://purl.obolibrary.org/obo/UBERON_0014777>	"TAO:0001332"
<http://purl.obolibrary.org/obo/UBERON_0001892>	"MAT:0000272"
<http://purl.obolibrary.org/obo/UBERON_0001892>	"EMAPA:16148"
<http://purl.obolibrary.org/obo/UBERON_0001892>	"TAO:0001064"
<http://purl.obolibrary.org/obo/UBERON_0001892>	"RETIRED_EHDAA2:0000669"
<http://purl.obolibrary.org/obo/UBERON_0001892>	"XAO:0004079"
<http://purl.obolibrary.org/obo/UBERON_0001892>	"MIAA:0000272"
<http://purl.obolibrary.org/obo/UBERON_0001892>	"VHOG:0000672"
<http://purl.obolibrary.org/obo/UBERON_0001892>	"FMA:295666"
<http://purl.obolibrary.org/obo/UBERON_0001892>	<http://en.wikipedia.org/wiki/Rhombomere>
<http://purl.obolibrary.org/obo/UBERON_0001892>	"ZFA:0001064"
<http://purl.obolibrary.org/obo/UBERON_0001892>	"DHBA:12664"
<http://purl.obolibrary.org/obo/UBERON_0001892>	"EFO:0003617"
<http://purl.obolibrary.org/obo/UBERON_0001892>	"Wikipedia:Rhombomere"
<http://purl.obolibrary.org/obo/UBERON_0009712>	"NCIT:C102343"
<http://purl.obolibrary.org/obo/UBERON_0009712>	"EHDAA2:0002188"
<http://purl.obolibrary.org/obo/UBERON_0009712>	"VHOG:0001235"
<http://purl.obolibrary.org/obo/UBERON_0009712>	"FMA:9536"
<http://purl.obolibrary.org/obo/UBERON_0009712>	"EMAPA:17341"
<http://purl.obolibrary.org/obo/UBERON_0009712>	<http://www.snomedbrowser.com/Codes/Details/8911002>
<http://purl.obolibrary.org/obo/UBERON_0009712>	"SCTID:8911002"
<http://purl.obolibrary.org/obo/UBERON_0000947>	<http://linkedlifedata.com/resource/umls/id/C0003483>
<http://purl.obolibrary.org/obo/UBERON_0000947>	"EV:0100027"
<http://purl.obolibrary.org/obo/UBERON_0000947>	"FMA:3734"
<http://purl.obolibrary.org/obo/UBERON_0000947>	"galen:Aorta"
<http://purl.obolibrary.org/obo/UBERON_0000947>	<http://www.snomedbrowser.com/Codes/Details/181298001>
<http://purl.obolibrary.org/obo/UBERON_0000947>	"XAO:0003010"
<http://purl.obolibrary.org/obo/UBERON_0000947>	"MA:0000062"
<http://purl.obolibrary.org/obo/UBERON_0000947>	<http://en.wikipedia.org/wiki/Aorta>
<http://purl.obolibrary.org/obo/UBERON_0000947>	"UMLS:C0003483"
<http://purl.obolibrary.org/obo/UBERON_0000947>	"EMAPA:18601"
<http://purl.obolibrary.org/obo/UBERON_0000947>	"MIAA:0000035"
<http://purl.obolibrary.org/obo/UBERON_0000947>	"NCIT:C12669"
<http://purl.obolibrary.org/obo/UBERON_0000947>	"AAO:0010213"
<http://purl.obolibrary.org/obo/UBERON_0000947>	"BTO:0000135"
<http://purl.obolibrary.org/obo/UBERON_0000947>	"OpenCyc:Mx4rvVjvTpwpEbGdrcN5Y29ycA"
<http://purl.obolibrary.org/obo/UBERON_0000947>	"CALOHA:TS-0046"
<http://purl.obolibrary.org/obo/UBERON_0000947>	"MESH:D001011"
<http://purl.obolibrary.org/obo/UBERON_0000947>	"GAID:469"
<http://purl.obolibrary.org/obo/UBERON_0000947>	"MAT:0000035"
<http://purl.obolibrary.org/obo/UBERON_0000947>	"VHOG:0001523"
<http://purl.obolibrary.org/obo/UBERON_0000947>	"EFO:0000265"
<http://purl.obolibrary.org/obo/UBERON_0000947>	"SCTID:181298001"
<http://purl.obolibrary.org/obo/UBERON_0000947>	"Wikipedia:Aorta"
<http://purl.obolibrary.org/obo/CL_0000232>	"FMA:81100"
<http://purl.obolibrary.org/obo/CL_0000232>	"CALOHA:TS-0290"
<http://purl.obolibrary.org/obo/CL_0000232>	"BTO:0000424"
<http://purl.obolibrary.org/obo/UBERON_0012075>	"ZFA:0001628"
<http://purl.obolibrary.org/obo/UBERON_0012075>	"TAO:0001637"
<http://purl.obolibrary.org/obo/UBERON_0012075>	"AAO:0010768"
<http://purl.obolibrary.org/obo/UBERON_0034705>	"FMA:64807"
<http://purl.obolibrary.org/obo/UBERON_0034705>	"EHDAA2_RETIRED:0004654"
<http://purl.obolibrary.org/obo/UBERON_0034705>	"BTO:0000314"
<http://purl.obolibrary.org/obo/UBERON_0034705>	"AEO:0001008"
<http://purl.obolibrary.org/obo/UBERON_0005248>	"VHOG:0000609"
<http://purl.obolibrary.org/obo/UBERON_0005248>	"EMAPA:36488"
<http://purl.obolibrary.org/obo/UBERON_0034873>	"FMA:84580"
<http://purl.obolibrary.org/obo/UBERON_0005702>	"RETIRED_EHDAA2:0001310"
<http://purl.obolibrary.org/obo/UBERON_0005702>	"EMAPA:16324"
<http://purl.obolibrary.org/obo/UBERON_0005702>	"VHOG:0001073"
<http://purl.obolibrary.org/obo/UBERON_0005702>	"EHDAA:942"
<http://purl.obolibrary.org/obo/UBERON_0003501>	"XAO:0004153"
<http://purl.obolibrary.org/obo/UBERON_0003501>	"EMAPA:36520"
<http://purl.obolibrary.org/obo/UBERON_0003501>	"GAID:509"
<http://purl.obolibrary.org/obo/UBERON_0003501>	<http://www.snomedbrowser.com/Codes/Details/280692003>
<http://purl.obolibrary.org/obo/UBERON_0003501>	"MA:0001317"
<http://purl.obolibrary.org/obo/UBERON_0003501>	"MESH:D012171"
<http://purl.obolibrary.org/obo/UBERON_0003501>	"SCTID:280692003"
<http://purl.obolibrary.org/obo/UBERON_0000926>	"GAID:522"
<http://purl.obolibrary.org/obo/UBERON_0000926>	"BTO:0000839"
<http://purl.obolibrary.org/obo/UBERON_0000926>	"FBbt:00000126"
<http://purl.obolibrary.org/obo/UBERON_0000926>	"EHDAA:124"
<http://purl.obolibrary.org/obo/UBERON_0000926>	"FMA:69072"
<http://purl.obolibrary.org/obo/UBERON_0000926>	"AAO:0000304"
<http://purl.obolibrary.org/obo/UBERON_0000926>	"MESH:A16.254.425.660"
<http://purl.obolibrary.org/obo/UBERON_0000926>	"EV:0100006"
<http://purl.obolibrary.org/obo/UBERON_0000926>	"EHDAA:183"
<http://purl.obolibrary.org/obo/UBERON_0000926>	"MAT:0000174"
<http://purl.obolibrary.org/obo/UBERON_0000926>	"EMAPA:16083"
<http://purl.obolibrary.org/obo/UBERON_0000926>	"NCIT:C12750"
<http://purl.obolibrary.org/obo/UBERON_0000926>	"ZFA:0000041"
<http://purl.obolibrary.org/obo/UBERON_0000926>	<http://www.snomedbrowser.com/Codes/Details/362854004>
<http://purl.obolibrary.org/obo/UBERON_0000926>	"EFO:0001981"
<http://purl.obolibrary.org/obo/UBERON_0000926>	"EHDAA2:0001128"
<http://purl.obolibrary.org/obo/UBERON_0000926>	<http://linkedlifedata.com/resource/umls/id/C0025485>
<http://purl.obolibrary.org/obo/UBERON_0000926>	"XAO:0000050"
<http://purl.obolibrary.org/obo/UBERON_0000926>	"VHOG:0000152"
<http://purl.obolibrary.org/obo/UBERON_0000926>	"MIAA:0000174"
<http://purl.obolibrary.org/obo/UBERON_0000926>	"EHDAA:160"
<http://purl.obolibrary.org/obo/UBERON_0000926>	<http://en.wikipedia.org/wiki/Mesoderm>
<http://purl.obolibrary.org/obo/UBERON_0000926>	"CALOHA:TS-0623"
<http://purl.obolibrary.org/obo/UBERON_0000926>	"TAO:0000041"
<http://purl.obolibrary.org/obo/UBERON_0000926>	"UMLS:C0025485"
<http://purl.obolibrary.org/obo/UBERON_0000926>	"BILA:0000037"
<http://purl.obolibrary.org/obo/UBERON_0000926>	"SCTID:362854004"
<http://purl.obolibrary.org/obo/UBERON_0000926>	"MESH:D008648"
<http://purl.obolibrary.org/obo/UBERON_0000926>	"Wikipedia:Mesoderm"
<http://purl.obolibrary.org/obo/UBERON_0002506>	"MA:0002826"
<http://purl.obolibrary.org/obo/UBERON_0002506>	"EMAPA:35447"
<http://purl.obolibrary.org/obo/UBERON_0002506>	"FMA:58517"
<http://purl.obolibrary.org/obo/UBERON_0003611>	"MA:0001820"
<http://purl.obolibrary.org/obo/UBERON_0003611>	"EMAPA:37579"
<http://purl.obolibrary.org/obo/CL_0000052>	"FMA:84790"
<http://purl.obolibrary.org/obo/CL_0000052>	"MESH:D039901"
<http://purl.obolibrary.org/obo/UBERON_0004732>	"FBbt:00005140"
<http://purl.obolibrary.org/obo/UBERON_0005965>	"FMA:9550"
<http://purl.obolibrary.org/obo/CL_0000066>	"FMA:66768"
<http://purl.obolibrary.org/obo/CL_0000066>	"CALOHA:TS-2026"
<http://purl.obolibrary.org/obo/CL_0000066>	"FBbt:00000124"
<http://purl.obolibrary.org/obo/CL_0000066>	"CARO:0000077"
<http://purl.obolibrary.org/obo/CL_0000066>	"WBbt:0003672"
<http://purl.obolibrary.org/obo/CL_0000066>	"BTO:0000414"
<http://purl.obolibrary.org/obo/UBERON_0004638>	"UMLS:C1706972"
<http://purl.obolibrary.org/obo/UBERON_0004638>	"NCIT:C53395"
<http://purl.obolibrary.org/obo/UBERON_0004638>	<http://linkedlifedata.com/resource/umls/id/C1706972>
<http://purl.obolibrary.org/obo/UBERON_0004638>	"TAO:0005257"
<http://purl.obolibrary.org/obo/UBERON_0004638>	"ZFA:0005257"
<http://purl.obolibrary.org/obo/UBERON_0004638>	"BTO:0000766"
<http://purl.obolibrary.org/obo/UBERON_0004638>	"MA:0000709"
<http://purl.obolibrary.org/obo/UBERON_0004638>	"EMAPA:35176"
<http://purl.obolibrary.org/obo/UBERON_0004638>	"CALOHA:TS-2155"
<http://purl.obolibrary.org/obo/GO_0007399>	"Reactome:R-HSA-9675108"
<http://purl.obolibrary.org/obo/UBERON_0009920>	"EHDAA:1122"
<http://purl.obolibrary.org/obo/UBERON_0009920>	"EHDAA2:0001315"
<http://purl.obolibrary.org/obo/GO_0001659>	"Wikipedia:Thermoregulation"
<http://purl.obolibrary.org/obo/UBERON_0003619>	"MA:0002904"
<http://purl.obolibrary.org/obo/UBERON_0003619>	"FMA:74419"
<http://purl.obolibrary.org/obo/UBERON_0003619>	"BTO:0005553"
<http://purl.obolibrary.org/obo/UBERON_0003619>	<http://www.snomedbrowser.com/Codes/Details/362031007>
<http://purl.obolibrary.org/obo/UBERON_0003619>	"EMAPA:35137"
<http://purl.obolibrary.org/obo/UBERON_0003619>	"SCTID:362031007"
<http://purl.obolibrary.org/obo/UBERON_0007616>	"BTO:0001338"
<http://purl.obolibrary.org/obo/UBERON_0007616>	"CALOHA:TS-0998"
<http://purl.obolibrary.org/obo/UBERON_0007616>	"FMA:66762"
<http://purl.obolibrary.org/obo/UBERON_0007303>	"TAO:0005003"
<http://purl.obolibrary.org/obo/UBERON_0007303>	"ZFA:0005003"
<http://purl.obolibrary.org/obo/UBERON_0000000>	"BFO:0000003"
<http://purl.obolibrary.org/obo/UBERON_0009657>	<http://linkedlifedata.com/resource/umls/id/C1708633>
<http://purl.obolibrary.org/obo/UBERON_0009657>	"NCIT:C52947"
<http://purl.obolibrary.org/obo/UBERON_0009657>	"EMAPA:37092"
<http://purl.obolibrary.org/obo/UBERON_0009657>	"UMLS:C1708633"
<http://purl.obolibrary.org/obo/UBERON_0009657>	"MA:0001987"
<http://purl.obolibrary.org/obo/UBERON_0000110>	"BILS:0000110"
<http://purl.obolibrary.org/obo/UBERON_0000110>	"XAO:1000006"
<http://purl.obolibrary.org/obo/UBERON_0000110>	"HsapDv:0000012"
<http://purl.obolibrary.org/obo/UBERON_0000110>	"MmusDv:0000017"
<http://purl.obolibrary.org/obo/UBERON_0000110>	"BilaDO:0000009"
<http://purl.obolibrary.org/obo/UBERON_0004880>	"ZFA:0000091"
<http://purl.obolibrary.org/obo/UBERON_0004880>	"EFO:0003426"
<http://purl.obolibrary.org/obo/UBERON_0004880>	"AAO:0000478"
<http://purl.obolibrary.org/obo/UBERON_0004880>	"TAO:0000091"
<http://purl.obolibrary.org/obo/UBERON_0010312>	"TAO:0002201"
<http://purl.obolibrary.org/obo/UBERON_0010312>	"ZFA:0001678"
<http://purl.obolibrary.org/obo/UBERON_0003953>	"EMAPA:37415"
<http://purl.obolibrary.org/obo/UBERON_0000118>	"BTO:0001643"
<http://purl.obolibrary.org/obo/UBERON_0000118>	"NCIT:C34282"
<http://purl.obolibrary.org/obo/UBERON_0000118>	"EHDAA2:0004089"
<http://purl.obolibrary.org/obo/UBERON_0000118>	<http://linkedlifedata.com/resource/umls/id/C1514420>
<http://purl.obolibrary.org/obo/UBERON_0000118>	<http://linkedlifedata.com/resource/umls/id/C1514897>
<http://purl.obolibrary.org/obo/UBERON_0000118>	<http://en.wikipedia.org/wiki/Respiratory_bud>
<http://purl.obolibrary.org/obo/UBERON_0000118>	<http://www.snomedbrowser.com/Codes/Details/361427007>
<http://purl.obolibrary.org/obo/UBERON_0000118>	"UMLS:C1514420"
<http://purl.obolibrary.org/obo/UBERON_0000118>	"NCIT:C34260"
<http://purl.obolibrary.org/obo/UBERON_0000118>	"UMLS:C1514897"
<http://purl.obolibrary.org/obo/UBERON_0000118>	"SCTID:361427007"
<http://purl.obolibrary.org/obo/UBERON_0000118>	"Wikipedia:Respiratory_bud"
<http://purl.obolibrary.org/obo/UBERON_0002443>	"MA:0001237"
<http://purl.obolibrary.org/obo/UBERON_0002443>	"FMA:76550"
<http://purl.obolibrary.org/obo/UBERON_0002443>	"EMAPA:17828"
<http://purl.obolibrary.org/obo/UBERON_0035965>	"EMAPA:37987"
<http://purl.obolibrary.org/obo/UBERON_0035965>	"BTO:0004378"
<http://purl.obolibrary.org/obo/UBERON_0035965>	"FMA:67473"
<http://purl.obolibrary.org/obo/UBERON_0003891>	"UMLS:C0927195"
<http://purl.obolibrary.org/obo/UBERON_0003891>	"NCIT:C67387"
<http://purl.obolibrary.org/obo/UBERON_0003891>	<http://linkedlifedata.com/resource/umls/id/C0927195>
<http://purl.obolibrary.org/obo/UBERON_0003891>	"FMA:81494"
<http://purl.obolibrary.org/obo/UBERON_0002078>	"UMLS:C0225844"
<http://purl.obolibrary.org/obo/UBERON_0002078>	"FMA:7096"
<http://purl.obolibrary.org/obo/UBERON_0002078>	"OpenCyc:Mx4runNcs6fqEdudWQACs5b6Bw"
<http://purl.obolibrary.org/obo/UBERON_0002078>	"EHDAA2:0000290"
<http://purl.obolibrary.org/obo/UBERON_0002078>	<http://linkedlifedata.com/resource/umls/id/C0225844>
<http://purl.obolibrary.org/obo/UBERON_0002078>	"VHOG:0000328"
<http://purl.obolibrary.org/obo/UBERON_0002078>	"NCIT:C12868"
<http://purl.obolibrary.org/obo/UBERON_0002078>	"EMAPA:17321"
<http://purl.obolibrary.org/obo/UBERON_0002078>	<http://en.wikipedia.org/wiki/Right_atrium>
<http://purl.obolibrary.org/obo/UBERON_0002078>	"galen:RightAtrium"
<http://purl.obolibrary.org/obo/UBERON_0002078>	"XAO:0003192"
<http://purl.obolibrary.org/obo/UBERON_0002078>	"OpenCyc:Mx8Ngh4rvgHsHZwpEbGdrcN5Y29ycB4rDJ89oqgPEdudWQACs5b6Bw"
<http://purl.obolibrary.org/obo/UBERON_0002078>	"MA:0000075"
<http://purl.obolibrary.org/obo/UBERON_0002078>	"BTO:0001703"
<http://purl.obolibrary.org/obo/UBERON_0002078>	"AAO:0010248"
<http://purl.obolibrary.org/obo/UBERON_0002078>	<http://www.snomedbrowser.com/Codes/Details/244383003>
<http://purl.obolibrary.org/obo/UBERON_0002078>	"Wikipedia:Right_atrium"
<http://purl.obolibrary.org/obo/UBERON_0002078>	"SCTID:244383003"
<http://purl.obolibrary.org/obo/UBERON_0011092>	"FMA:16582"
<http://purl.obolibrary.org/obo/CL_0000058>	"BTO:0003607"
<http://purl.obolibrary.org/obo/CL_0000058>	"FMA:66783"
<http://purl.obolibrary.org/obo/UBERON_0002346>	"XAO:0000042"
<http://purl.obolibrary.org/obo/UBERON_0002346>	"BILA:0000039"
<http://purl.obolibrary.org/obo/UBERON_0002346>	"AAO:0011074"
<http://purl.obolibrary.org/obo/UBERON_0002346>	"FMA:87657"
<http://purl.obolibrary.org/obo/UBERON_0002346>	"NCIT:C34228"
<http://purl.obolibrary.org/obo/UBERON_0002346>	<http://linkedlifedata.com/resource/umls/id/C1518271>
<http://purl.obolibrary.org/obo/UBERON_0002346>	"MAT:0000176"
<http://purl.obolibrary.org/obo/UBERON_0002346>	"EHDAA:255"
<http://purl.obolibrary.org/obo/UBERON_0002346>	"EHDAA2:0001248"
<http://purl.obolibrary.org/obo/UBERON_0002346>	"ZFA:0001120"
<http://purl.obolibrary.org/obo/UBERON_0002346>	"FBbt:00001061"
<http://purl.obolibrary.org/obo/UBERON_0002346>	<http://en.wikipedia.org/wiki/Neuroectoderm>
<http://purl.obolibrary.org/obo/UBERON_0002346>	"EV:0100004"
<http://purl.obolibrary.org/obo/UBERON_0002346>	"MIAA:0000176"
<http://purl.obolibrary.org/obo/UBERON_0002346>	"UMLS:C1518271"
<http://purl.obolibrary.org/obo/UBERON_0002346>	"TAO:0001120"
<http://purl.obolibrary.org/obo/UBERON_0002346>	"VHOG:0000150"
<http://purl.obolibrary.org/obo/UBERON_0002346>	"EHDAA:1498"
<http://purl.obolibrary.org/obo/UBERON_0002346>	"CALOHA:TS-1212"
<http://purl.obolibrary.org/obo/UBERON_0002346>	"EMAPA:16073"
<http://purl.obolibrary.org/obo/UBERON_0002346>	"Wikipedia:Neuroectoderm"
<http://purl.obolibrary.org/obo/UBERON_0000456>	"EMAPA:36535"
<http://purl.obolibrary.org/obo/UBERON_0000456>	"BTO:0002977"
<http://purl.obolibrary.org/obo/UBERON_0000456>	"BTO:0002979"
<http://purl.obolibrary.org/obo/UBERON_0000456>	"FMA:9675"
<http://purl.obolibrary.org/obo/UBERON_0000456>	<http://linkedlifedata.com/resource/umls/id/C1516992>
<http://purl.obolibrary.org/obo/UBERON_0000456>	"galen:Secretion"
<http://purl.obolibrary.org/obo/UBERON_0000456>	"AEO:0001005"
<http://purl.obolibrary.org/obo/UBERON_0000456>	"UMLS:C1516992"
<http://purl.obolibrary.org/obo/UBERON_0000456>	"MA:0002504"
<http://purl.obolibrary.org/obo/UBERON_0000456>	"MESH:D012634"
<http://purl.obolibrary.org/obo/UBERON_0000456>	"NCIT:C34062"
<http://purl.obolibrary.org/obo/CHEBI_10545>	"Wikipedia:Electron"
<http://purl.obolibrary.org/obo/CHEBI_10545>	"KEGG:C05359"
<http://purl.obolibrary.org/obo/GO_0009888>	"Wikipedia:Histogenesis"
<http://purl.obolibrary.org/obo/UBERON_0003113>	"XAO:0003169"
<http://purl.obolibrary.org/obo/UBERON_0003113>	"ZFA:0000863"
<http://purl.obolibrary.org/obo/UBERON_0003113>	"TAO:0000863"
<http://purl.obolibrary.org/obo/UBERON_0003113>	"AAO:0010154"
<http://purl.obolibrary.org/obo/UBERON_0003113>	<http://en.wikipedia.org/wiki/Skull_roof>
<http://purl.obolibrary.org/obo/UBERON_0003113>	"VHOG:0001665"
<http://purl.obolibrary.org/obo/UBERON_0003113>	"Wikipedia:Skull_roof"
<http://purl.obolibrary.org/obo/UBERON_0004872>	<http://en.wikipedia.org/wiki/Lateral_plate_mesoderm#Division_into_layers>
<http://purl.obolibrary.org/obo/UBERON_0004872>	"XAO:0000276"
<http://purl.obolibrary.org/obo/UBERON_0004872>	"BILA:0000044"
<http://purl.obolibrary.org/obo/UBERON_0004872>	"FMA:295568"
<http://purl.obolibrary.org/obo/UBERON_0004872>	"AAO:0011102"
<http://purl.obolibrary.org/obo/UBERON_0004872>	"Wikipedia:Lateral_plate_mesoderm#Division_into_layers"
<http://purl.obolibrary.org/obo/UBERON_0000102>	"FMA:73750"
<http://purl.obolibrary.org/obo/UBERON_0007241>	<http://www.snomedbrowser.com/Codes/Details/13202006>
<http://purl.obolibrary.org/obo/UBERON_0007241>	"FMA:14355"
<http://purl.obolibrary.org/obo/UBERON_0007241>	"EMAPA:36310"
<http://purl.obolibrary.org/obo/UBERON_0007241>	"EV:0100034"
<http://purl.obolibrary.org/obo/UBERON_0007241>	"SCTID:13202006"
<http://purl.obolibrary.org/obo/UBERON_0001652>	"NCIT:C32971"
<http://purl.obolibrary.org/obo/UBERON_0001652>	"MA:0002032"
<http://purl.obolibrary.org/obo/UBERON_0001652>	"FMA:50873"
<http://purl.obolibrary.org/obo/UBERON_0001652>	<http://www.snomedbrowser.com/Codes/Details/244234004>
<http://purl.obolibrary.org/obo/UBERON_0001652>	"galen:LeftPulmonaryArtery"
<http://purl.obolibrary.org/obo/UBERON_0001652>	<http://en.wikipedia.org/wiki/Left_pulmonary_artery>
<http://purl.obolibrary.org/obo/UBERON_0001652>	"EMAPA:37097"
<http://purl.obolibrary.org/obo/UBERON_0001652>	<http://linkedlifedata.com/resource/umls/id/C0923925>
<http://purl.obolibrary.org/obo/UBERON_0001652>	"UMLS:C0923925"
<http://purl.obolibrary.org/obo/UBERON_0001652>	"SCTID:244234004"
<http://purl.obolibrary.org/obo/UBERON_0001652>	"Wikipedia:Left_pulmonary_artery"
<http://purl.obolibrary.org/obo/UBERON_0007524>	"AEO:0000146"
<http://purl.obolibrary.org/obo/UBERON_0007524>	"EHDAA2:0003146"
<http://purl.obolibrary.org/obo/UBERON_0007846>	"FMA:64781"
<http://purl.obolibrary.org/obo/UBERON_0007846>	"XAO:0004030"
<http://purl.obolibrary.org/obo/UBERON_0007846>	<http://www.snomedbrowser.com/Codes/Details/22560007>
<http://purl.obolibrary.org/obo/UBERON_0007846>	<http://linkedlifedata.com/resource/umls/id/C0225333>
<http://purl.obolibrary.org/obo/UBERON_0007846>	<http://en.wikipedia.org/wiki/Dense_regular_connective_tissue>
<http://purl.obolibrary.org/obo/UBERON_0007846>	"VSAO:0000050"
<http://purl.obolibrary.org/obo/UBERON_0007846>	"UMLS:C0225333"
<http://purl.obolibrary.org/obo/UBERON_0007846>	"NCIT:C33453"
<http://purl.obolibrary.org/obo/UBERON_0007846>	"Wikipedia:Dense_regular_connective_tissue"
<http://purl.obolibrary.org/obo/UBERON_0007846>	"SCTID:22560007"
<http://purl.obolibrary.org/obo/UBERON_0018649>	"FMA:83450"
<http://purl.obolibrary.org/obo/UBERON_0006314>	"galen:BodyFluid"
<http://purl.obolibrary.org/obo/UBERON_0006314>	<http://en.wikipedia.org/wiki/Body_fluid>
<http://purl.obolibrary.org/obo/UBERON_0006314>	"FMA:280556"
<http://purl.obolibrary.org/obo/UBERON_0006314>	"EMAPA:37441"
<http://purl.obolibrary.org/obo/UBERON_0006314>	"MESH:D001826"
<http://purl.obolibrary.org/obo/UBERON_0006314>	"GAID:266"
<http://purl.obolibrary.org/obo/UBERON_0006314>	"BIRNLEX:20"
<http://purl.obolibrary.org/obo/UBERON_0006314>	"Wikipedia:Body_fluid"
<http://purl.obolibrary.org/obo/UBERON_0005902>	"BTO:0004675"
<http://purl.obolibrary.org/obo/UBERON_0005902>	"FMA:49187"
<http://purl.obolibrary.org/obo/UBERON_0005902>	<http://www.snomedbrowser.com/Codes/Details/362618001>
<http://purl.obolibrary.org/obo/UBERON_0005902>	"XAO:0003173"
<http://purl.obolibrary.org/obo/UBERON_0005902>	"ZFA:0001414"
<http://purl.obolibrary.org/obo/UBERON_0005902>	"TAO:0001414"
<http://purl.obolibrary.org/obo/UBERON_0005902>	"AAO:0010199"
<http://purl.obolibrary.org/obo/UBERON_0005902>	<http://braininfo.rprc.washington.edu/centraldirectory.aspx?ID=2431>
<http://purl.obolibrary.org/obo/UBERON_0005902>	"SCTID:362618001"
<http://purl.obolibrary.org/obo/UBERON_0005902>	"neuronames:2431"
<http://purl.obolibrary.org/obo/CL_0000223>	"FMA:72555"
<http://purl.obolibrary.org/obo/UBERON_0001043>	"TAO:0000204"
<http://purl.obolibrary.org/obo/UBERON_0001043>	"galen:Esophagus"
<http://purl.obolibrary.org/obo/UBERON_0001043>	"MIAA:0000048"
<http://purl.obolibrary.org/obo/UBERON_0001043>	"AAO:0000145"
<http://purl.obolibrary.org/obo/UBERON_0001043>	<http://en.wikipedia.org/wiki/Esophagus>
<http://purl.obolibrary.org/obo/UBERON_0001043>	"ANISEED:1235301"
<http://purl.obolibrary.org/obo/UBERON_0001043>	"EHDAA2:0001285"
<http://purl.obolibrary.org/obo/UBERON_0001043>	"EV:0100069"
<http://purl.obolibrary.org/obo/UBERON_0001043>	"EFO:0000835"
<http://purl.obolibrary.org/obo/UBERON_0001043>	"MA:0000352"
<http://purl.obolibrary.org/obo/UBERON_0001043>	"FMA:7131"
<http://purl.obolibrary.org/obo/UBERON_0001043>	"ZFA:0000204"
<http://purl.obolibrary.org/obo/UBERON_0001043>	"OpenCyc:Mx4rvVj9Q5wpEbGdrcN5Y29ycA"
<http://purl.obolibrary.org/obo/UBERON_0001043>	"BTO:0000959"
<http://purl.obolibrary.org/obo/UBERON_0001043>	"CALOHA:TS-0700"
<http://purl.obolibrary.org/obo/UBERON_0001043>	"GAID:291"
<http://purl.obolibrary.org/obo/UBERON_0001043>	"UMLS:C0014876"
<http://purl.obolibrary.org/obo/UBERON_0001043>	"VHOG:0000450"
<http://purl.obolibrary.org/obo/UBERON_0001043>	"NCIT:C12389"
<http://purl.obolibrary.org/obo/UBERON_0001043>	"EMAPA:16833"
<http://purl.obolibrary.org/obo/UBERON_0001043>	"EHDAA:2937"
<http://purl.obolibrary.org/obo/UBERON_0001043>	<http://linkedlifedata.com/resource/umls/id/C0014876>
<http://purl.obolibrary.org/obo/UBERON_0001043>	<http://www.snomedbrowser.com/Codes/Details/181245004>
<http://purl.obolibrary.org/obo/UBERON_0001043>	"XAO:0000127"
<http://purl.obolibrary.org/obo/UBERON_0001043>	"MAT:0000048"
<http://purl.obolibrary.org/obo/UBERON_0001043>	"MESH:A03.365"
<http://purl.obolibrary.org/obo/UBERON_0001043>	"MESH:D004947"
<http://purl.obolibrary.org/obo/UBERON_0001043>	"Wikipedia:Esophagus"
<http://purl.obolibrary.org/obo/UBERON_0001043>	"SCTID:181245004"
<http://purl.obolibrary.org/obo/UBERON_0004830>	"EMAPA:37583"
<http://purl.obolibrary.org/obo/UBERON_0004830>	"MA:0001829"
<http://purl.obolibrary.org/obo/UBERON_0036351>	"FMA:15089"
<http://purl.obolibrary.org/obo/UBERON_0036289>	"FMA:9553"
<http://purl.obolibrary.org/obo/UBERON_0005496>	"EMAPA:16166"
<http://purl.obolibrary.org/obo/UBERON_0005496>	"TAO:0001435"
<http://purl.obolibrary.org/obo/UBERON_0005496>	"EHDAA:2873"
<http://purl.obolibrary.org/obo/UBERON_0005496>	"ZFA:0001435"
<http://purl.obolibrary.org/obo/UBERON_0005496>	"EHDAA2:0001257"
<http://purl.obolibrary.org/obo/UBERON_0005496>	"EHDAA:912"
<http://purl.obolibrary.org/obo/UBERON_0005496>	"VHOG:0000513"
<http://purl.obolibrary.org/obo/UBERON_0005061>	"UMLS:C0814992"
<http://purl.obolibrary.org/obo/UBERON_0005061>	<http://braininfo.rprc.washington.edu/centraldirectory.aspx?ID=1363>
<http://purl.obolibrary.org/obo/UBERON_0005061>	<http://linkedlifedata.com/resource/umls/id/C0814992>
<http://purl.obolibrary.org/obo/UBERON_0005061>	<http://www.snomedbrowser.com/Codes/Details/361463007>
<http://purl.obolibrary.org/obo/UBERON_0005061>	"AAO:0011071"
<http://purl.obolibrary.org/obo/UBERON_0005061>	"FMA:295624"
<http://purl.obolibrary.org/obo/UBERON_0005061>	"EMAPA:35594"
<http://purl.obolibrary.org/obo/UBERON_0005061>	<http://en.wikipedia.org/wiki/Neural_groove>
<http://purl.obolibrary.org/obo/UBERON_0005061>	"NCIT:C34224"
<http://purl.obolibrary.org/obo/UBERON_0005061>	"XAO:0000248"
<http://purl.obolibrary.org/obo/UBERON_0005061>	"SCTID:361463007"
<http://purl.obolibrary.org/obo/UBERON_0005061>	"Wikipedia:Neural_groove"
<http://purl.obolibrary.org/obo/UBERON_0005061>	"neuronames:1363"
<http://purl.obolibrary.org/obo/UBERON_0003500>	"MA:0001241"
<http://purl.obolibrary.org/obo/UBERON_0003500>	"EMAPA:36611"
<http://purl.obolibrary.org/obo/UBERON_0003897>	"MA:0003153"
<http://purl.obolibrary.org/obo/UBERON_0003897>	"RETIRED_EHDAA2:0000160"
<http://purl.obolibrary.org/obo/UBERON_0003897>	"EMAPA:18167"
<http://purl.obolibrary.org/obo/UBERON_0003897>	"TAO:0001954"
<http://purl.obolibrary.org/obo/UBERON_0003897>	"EHDAA:5982"
<http://purl.obolibrary.org/obo/UBERON_0004779>	"EMAPA:37576"
<http://purl.obolibrary.org/obo/UBERON_0004779>	"MA:0001821"
<http://purl.obolibrary.org/obo/UBERON_0004664>	"FMA:14283"
<http://purl.obolibrary.org/obo/UBERON_0004664>	<http://www.snomedbrowser.com/Codes/Details/24996002>
<http://purl.obolibrary.org/obo/UBERON_0004664>	"EMAPA:35136"
<http://purl.obolibrary.org/obo/UBERON_0004664>	"MA:0002902"
<http://purl.obolibrary.org/obo/UBERON_0004664>	"SCTID:24996002"
<http://purl.obolibrary.org/obo/UBERON_0003618>	"FMA:74433"
<http://purl.obolibrary.org/obo/UBERON_0003618>	<http://www.snomedbrowser.com/Codes/Details/48467007>
<http://purl.obolibrary.org/obo/UBERON_0003618>	"MA:0002903"
<http://purl.obolibrary.org/obo/UBERON_0003618>	"EMAPA:35138"
<http://purl.obolibrary.org/obo/UBERON_0003618>	"SCTID:48467007"
<http://purl.obolibrary.org/obo/UBERON_0000047>	"TGMA:0000729"
<http://purl.obolibrary.org/obo/UBERON_0000047>	<http://en.wikipedia.org/wiki/Eye#Simple_eyes>
<http://purl.obolibrary.org/obo/UBERON_0000047>	"Wikipedia:Eye#Simple_eyes"
<http://purl.obolibrary.org/obo/UBERON_0007832>	"EHDAA2:0001426"
<http://purl.obolibrary.org/obo/UBERON_0007832>	"VHOG:0000305"
<http://purl.obolibrary.org/obo/UBERON_0007832>	"EHDAA:7149"
<http://purl.obolibrary.org/obo/UBERON_0007832>	"VSAO:0000155"
<http://purl.obolibrary.org/obo/UBERON_0007832>	"galen:PelvicGirdle"
<http://purl.obolibrary.org/obo/UBERON_0007832>	"EMAPA:18028"
<http://purl.obolibrary.org/obo/UBERON_0007832>	"FMA:87592"
<http://purl.obolibrary.org/obo/UBERON_0007832>	"AAO:0000768"
<http://purl.obolibrary.org/obo/UBERON_0007832>	"XAO:0003064"
<http://purl.obolibrary.org/obo/UBERON_0007832>	"ZFA:0000565"
<http://purl.obolibrary.org/obo/UBERON_0007832>	"AAO:0000426"
<http://purl.obolibrary.org/obo/UBERON_0007832>	<http://en.wikipedia.org/wiki/Pelvis>
<http://purl.obolibrary.org/obo/UBERON_0007832>	<http://people.eku.edu/ritchisong/pectoralgirdles.gif>
<http://purl.obolibrary.org/obo/UBERON_0007832>	"MIAA:0000182"
<http://purl.obolibrary.org/obo/UBERON_0007832>	"EHDAA:8324"
<http://purl.obolibrary.org/obo/UBERON_0007832>	"TAO:0000565"
<http://purl.obolibrary.org/obo/UBERON_0007832>	"MAT:0000182"
<http://purl.obolibrary.org/obo/UBERON_0007832>	"EFO:0000947"
<http://purl.obolibrary.org/obo/UBERON_0005985>	<http://en.wikipedia.org/wiki/Coronary_circulation>
<http://purl.obolibrary.org/obo/UBERON_0005985>	"MESH:D003331"
<http://purl.obolibrary.org/obo/UBERON_0005985>	"Wikipedia:Coronary_circulation"
<http://purl.obolibrary.org/obo/GO_0006936>	"Wikipedia:Muscle_contraction"
<http://purl.obolibrary.org/obo/GO_0006936>	"Reactome:R-HSA-445355"
<http://purl.obolibrary.org/obo/UBERON_0010131>	"FMA:83378"
<http://purl.obolibrary.org/obo/UBERON_0010131>	"EHDAA2:0004528"
<http://purl.obolibrary.org/obo/UBERON_0012320>	"UMLS:C1707349"
<http://purl.obolibrary.org/obo/UBERON_0012320>	"NCIT:C52850"
<http://purl.obolibrary.org/obo/UBERON_0012320>	<http://linkedlifedata.com/resource/umls/id/C1707349>
<http://purl.obolibrary.org/obo/UBERON_0012320>	"EMAPA:37075"
<http://purl.obolibrary.org/obo/CHEBI_16541>	"KEGG:C00017"
<http://purl.obolibrary.org/obo/UBERON_0003603>	"MA:0001819"
<http://purl.obolibrary.org/obo/UBERON_0003603>	"EMAPA:37547"
<http://purl.obolibrary.org/obo/UBERON_0003603>	"UMLS:C1708759"
<http://purl.obolibrary.org/obo/UBERON_0003603>	"NCIT:C49256"
<http://purl.obolibrary.org/obo/UBERON_0003603>	<http://linkedlifedata.com/resource/umls/id/C1708759>
<http://purl.obolibrary.org/obo/UBERON_0010256>	"VHOG:0000580"
<http://purl.obolibrary.org/obo/UBERON_0010256>	"EHDAA2:0000098"
<http://purl.obolibrary.org/obo/UBERON_0010256>	"EMAPA:16772"
<http://purl.obolibrary.org/obo/UBERON_0003430>	"MA:0000588"
<http://purl.obolibrary.org/obo/UBERON_0003430>	"EMAPA:37263"
<http://purl.obolibrary.org/obo/UBERON_0007690>	"EHDAA2:0001457"
<http://purl.obolibrary.org/obo/UBERON_0007690>	"EMAPA:32754"
<http://purl.obolibrary.org/obo/UBERON_0007690>	"ZFA:0001104"
<http://purl.obolibrary.org/obo/UBERON_0007690>	"EFO:0003626"
<http://purl.obolibrary.org/obo/UBERON_0007690>	"EHDAA:962"
<http://purl.obolibrary.org/obo/UBERON_0007690>	"TAO:0001104"
<http://purl.obolibrary.org/obo/UBERON_0007690>	"FMA:293087"
<http://purl.obolibrary.org/obo/UBERON_0001049>	<http://www.snomedbrowser.com/Codes/Details/362852000>
<http://purl.obolibrary.org/obo/UBERON_0001049>	"XAO:0003204"
<http://purl.obolibrary.org/obo/UBERON_0001049>	"BTO:0001057"
<http://purl.obolibrary.org/obo/UBERON_0001049>	"CALOHA:TS-2371"
<http://purl.obolibrary.org/obo/UBERON_0001049>	"ZFA:0001135"
<http://purl.obolibrary.org/obo/UBERON_0001049>	"EHDAA2:0001254"
<http://purl.obolibrary.org/obo/UBERON_0001049>	<http://linkedlifedata.com/resource/umls/id/C0231024>
<http://purl.obolibrary.org/obo/UBERON_0001049>	"NCIT:C34226"
<http://purl.obolibrary.org/obo/UBERON_0001049>	"EHDAA:2869"
<http://purl.obolibrary.org/obo/UBERON_0001049>	"MIAA:0000069"
<http://purl.obolibrary.org/obo/UBERON_0001049>	"EMAPA:16164"
<http://purl.obolibrary.org/obo/UBERON_0001049>	<http://braininfo.rprc.washington.edu/centraldirectory.aspx?ID=1365>
<http://purl.obolibrary.org/obo/UBERON_0001049>	"AAO:0010617"
<http://purl.obolibrary.org/obo/UBERON_0001049>	"MAT:0000069"
<http://purl.obolibrary.org/obo/UBERON_0001049>	"VHOG:0000307"
<http://purl.obolibrary.org/obo/UBERON_0001049>	"EHDAA:908"
<http://purl.obolibrary.org/obo/UBERON_0001049>	"FMA:293882"
<http://purl.obolibrary.org/obo/UBERON_0001049>	"TAO:0001135"
<http://purl.obolibrary.org/obo/UBERON_0001049>	"UMLS:C0231024"
<http://purl.obolibrary.org/obo/UBERON_0001049>	"DHBA:10154"
<http://purl.obolibrary.org/obo/UBERON_0001049>	"EMAPA:16757"
<http://purl.obolibrary.org/obo/UBERON_0001049>	<http://en.wikipedia.org/wiki/Neural_tube>
<http://purl.obolibrary.org/obo/UBERON_0001049>	"Wikipedia:Neural_tube"
<http://purl.obolibrary.org/obo/UBERON_0001049>	"SCTID:362852000"
<http://purl.obolibrary.org/obo/UBERON_0001049>	"neuronames:1365"
<http://purl.obolibrary.org/obo/CHEBI_33839>	"Wikipedia:Macromolecule"
<http://purl.obolibrary.org/obo/UBERON_0004765>	"XAO:0004012"
<http://purl.obolibrary.org/obo/UBERON_0004765>	"galen:SkeletalStructure"
<http://purl.obolibrary.org/obo/UBERON_0004765>	"AAO:0011129"
<http://purl.obolibrary.org/obo/UBERON_0004765>	"ZFA:0005494"
<http://purl.obolibrary.org/obo/UBERON_0004765>	"TAO:0001890"
<http://purl.obolibrary.org/obo/UBERON_0004765>	"VSAO:0000128"
<http://purl.obolibrary.org/obo/UBERON_0035809>	"FMA:12241"
<http://purl.obolibrary.org/obo/UBERON_0035809>	<http://www.snomedbrowser.com/Codes/Details/304404008>
<http://purl.obolibrary.org/obo/UBERON_0035809>	"SCTID:304404008"
<http://purl.obolibrary.org/obo/UBERON_0013765>	<http://www.snomedbrowser.com/Codes/Details/272627002>
<http://purl.obolibrary.org/obo/UBERON_0013765>	"EMAPA:37843"
<http://purl.obolibrary.org/obo/UBERON_0013765>	"SCTID:272627002"
<http://purl.obolibrary.org/obo/CL_0000099>	"BTO:0003811"
<http://purl.obolibrary.org/obo/CL_0000099>	"FMA:67313"
<http://purl.obolibrary.org/obo/CL_0000099>	"WBbt:0005113"
<http://purl.obolibrary.org/obo/CL_0000099>	"FBbt:00005125"
<http://purl.obolibrary.org/obo/UBERON_0001007>	"BILA:0000082"
<http://purl.obolibrary.org/obo/UBERON_0001007>	"MIAA:0000018"
<http://purl.obolibrary.org/obo/UBERON_0001007>	"MAT:0000018"
<http://purl.obolibrary.org/obo/UBERON_0001007>	"AAO:0000129"
<http://purl.obolibrary.org/obo/UBERON_0001007>	"galen:DigestiveSystem"
<http://purl.obolibrary.org/obo/UBERON_0001007>	"MESH:D004064"
<http://purl.obolibrary.org/obo/UBERON_0001007>	"ncithesaurus:Digestive_System"
<http://purl.obolibrary.org/obo/UBERON_0001007>	"EV:0100056"
<http://purl.obolibrary.org/obo/UBERON_0001007>	"MA:0002431"
<http://purl.obolibrary.org/obo/UBERON_0001007>	<http://www.snomedbrowser.com/Codes/Details/278859004>
<http://purl.obolibrary.org/obo/UBERON_0001007>	"EFO:0000793"
<http://purl.obolibrary.org/obo/UBERON_0001007>	"TAO:0000339"
<http://purl.obolibrary.org/obo/UBERON_0001007>	"XAO:0000125"
<http://purl.obolibrary.org/obo/UBERON_0001007>	<http://en.wikipedia.org/wiki/Digestive_system>
<http://purl.obolibrary.org/obo/UBERON_0001007>	"GAID:278"
<http://purl.obolibrary.org/obo/UBERON_0001007>	"CALOHA:TS-1293"
<http://purl.obolibrary.org/obo/UBERON_0001007>	"FMA:7152"
<http://purl.obolibrary.org/obo/UBERON_0001007>	"TADS:0000170"
<http://purl.obolibrary.org/obo/UBERON_0001007>	"FBbt:00005055"
<http://purl.obolibrary.org/obo/UBERON_0001007>	"ZFA:0000339"
<http://purl.obolibrary.org/obo/UBERON_0001007>	"WBbt:0005748"
<http://purl.obolibrary.org/obo/UBERON_0001007>	"BTO:0000058"
<http://purl.obolibrary.org/obo/UBERON_0001007>	"Wikipedia:Digestive_system"
<http://purl.obolibrary.org/obo/UBERON_0001007>	"SCTID:278859004"
<http://purl.obolibrary.org/obo/UBERON_0009953>	"MA:0002405"
<http://purl.obolibrary.org/obo/UBERON_0009494>	"FMA:295694"
<http://purl.obolibrary.org/obo/UBERON_0009494>	"EMAPA:32755"
<http://purl.obolibrary.org/obo/UBERON_0006562>	"MIAA:0000049"
<http://purl.obolibrary.org/obo/UBERON_0006562>	"MAT:0000049"
<http://purl.obolibrary.org/obo/UBERON_0006562>	"FBbt:00005380"
<http://purl.obolibrary.org/obo/UBERON_0006562>	"MESH:D010614"
<http://purl.obolibrary.org/obo/UBERON_0008895>	"AAO:0010157"
<http://purl.obolibrary.org/obo/UBERON_0008895>	<http://en.wikipedia.org/wiki/Facial_skeleton>
<http://purl.obolibrary.org/obo/UBERON_0008895>	"VSAO:0000149"
<http://purl.obolibrary.org/obo/UBERON_0008895>	"ZFA:0001216"
<http://purl.obolibrary.org/obo/UBERON_0008895>	"XAO:0003176"
<http://purl.obolibrary.org/obo/UBERON_0008895>	"VHOG:0000315"
<http://purl.obolibrary.org/obo/UBERON_0008895>	"TAO:0001216"
<http://purl.obolibrary.org/obo/UBERON_0008895>	"Wikipedia:Facial_skeleton"
<http://purl.obolibrary.org/obo/UBERON_0005177>	"EMAPA:37270"
<http://purl.obolibrary.org/obo/UBERON_0005177>	"MA:0000516"
<http://purl.obolibrary.org/obo/CL_0002320>	"CALOHA:TS-2096"
<http://purl.obolibrary.org/obo/CL_0002320>	"FMA:63875"
<http://purl.obolibrary.org/obo/CL_0002320>	"MESH:D003239"
<http://purl.obolibrary.org/obo/UBERON_0000033>	"FBbt:00000004"
<http://purl.obolibrary.org/obo/UBERON_0000033>	"GAID:61"
<http://purl.obolibrary.org/obo/UBERON_0000033>	"OpenCyc:Mx4rvVi6YJwpEbGdrcN5Y29ycA"
<http://purl.obolibrary.org/obo/UBERON_0000033>	"WBbt:0005739"
<http://purl.obolibrary.org/obo/UBERON_0000033>	"AEO:0000106"
<http://purl.obolibrary.org/obo/UBERON_0000033>	"UMLS:C0018670"
<http://purl.obolibrary.org/obo/UBERON_0000033>	"BIRNLEX:1230"
<http://purl.obolibrary.org/obo/UBERON_0000033>	<http://en.wikipedia.org/wiki/Head>
<http://purl.obolibrary.org/obo/UBERON_0000033>	<http://www.snomedbrowser.com/Codes/Details/302548004>
<http://purl.obolibrary.org/obo/UBERON_0000033>	"MA:0000023"
<http://purl.obolibrary.org/obo/UBERON_0000033>	"HAO:0000397"
<http://purl.obolibrary.org/obo/UBERON_0000033>	"XAO:0003024"
<http://purl.obolibrary.org/obo/UBERON_0000033>	<http://linkedlifedata.com/resource/umls/id/C0018670>
<http://purl.obolibrary.org/obo/UBERON_0000033>	"SPD:0000016"
<http://purl.obolibrary.org/obo/UBERON_0000033>	"galen:Head"
<http://purl.obolibrary.org/obo/UBERON_0000033>	"EFO:0000964"
<http://purl.obolibrary.org/obo/UBERON_0000033>	"MIAA:0000294"
<http://purl.obolibrary.org/obo/UBERON_0000033>	"BILA:0000115"
<http://purl.obolibrary.org/obo/UBERON_0000033>	"NCIT:C12419"
<http://purl.obolibrary.org/obo/UBERON_0000033>	"EHDAA2:0003106"
<http://purl.obolibrary.org/obo/UBERON_0000033>	"MESH:D006257"
<http://purl.obolibrary.org/obo/UBERON_0000033>	"BTO:0000282"
<http://purl.obolibrary.org/obo/UBERON_0000033>	"FMA:7154"
<http://purl.obolibrary.org/obo/UBERON_0000033>	"VHOG:0001644"
<http://purl.obolibrary.org/obo/UBERON_0000033>	"EMAPA:31858"
<http://purl.obolibrary.org/obo/UBERON_0000033>	"MAT:0000294"
<http://purl.obolibrary.org/obo/UBERON_0000033>	"ZFA:0001114"
<http://purl.obolibrary.org/obo/UBERON_0000033>	"TGMA:0000002"
<http://purl.obolibrary.org/obo/UBERON_0000033>	"AAO:0010335"
<http://purl.obolibrary.org/obo/UBERON_0000033>	"TAO:0001114"
<http://purl.obolibrary.org/obo/UBERON_0000033>	"OpenCyc:Mx4rEOLm4rgPEdmAAAACs6hRjg"
<http://purl.obolibrary.org/obo/UBERON_0000033>	"CALOHA:TS-0436"
<http://purl.obolibrary.org/obo/UBERON_0000033>	"Wikipedia:Head"
<http://purl.obolibrary.org/obo/UBERON_0000033>	"SCTID:302548004"
<http://purl.obolibrary.org/obo/UBERON_0001986>	"MESH:D004727"
<http://purl.obolibrary.org/obo/UBERON_0001986>	"UMLS:C0014257"
<http://purl.obolibrary.org/obo/UBERON_0001986>	"EFO:0002548"
<http://purl.obolibrary.org/obo/UBERON_0001986>	"FMA:63916"
<http://purl.obolibrary.org/obo/UBERON_0001986>	<http://linkedlifedata.com/resource/umls/id/C0014257>
<http://purl.obolibrary.org/obo/UBERON_0001986>	"galen:Endothelium"
<http://purl.obolibrary.org/obo/UBERON_0001986>	<http://www.snomedbrowser.com/Codes/Details/27168002>
<http://purl.obolibrary.org/obo/UBERON_0001986>	"BTO:0000393"
<http://purl.obolibrary.org/obo/UBERON_0001986>	"GAID:520"
<http://purl.obolibrary.org/obo/UBERON_0001986>	"NCIT:C12481"
<http://purl.obolibrary.org/obo/UBERON_0001986>	"CALOHA:TS-0278"
<http://purl.obolibrary.org/obo/UBERON_0001986>	"SCTID:27168002"
<http://purl.obolibrary.org/obo/UBERON_0003068>	"VHOG:0000107"
<http://purl.obolibrary.org/obo/UBERON_0003068>	"AAO:0011017"
<http://purl.obolibrary.org/obo/UBERON_0003068>	"EFO:0003647"
<http://purl.obolibrary.org/obo/UBERON_0003068>	"TAO:0001204"
<http://purl.obolibrary.org/obo/UBERON_0003068>	"XAO:0000205"
<http://purl.obolibrary.org/obo/UBERON_0003068>	"ZFA:0001204"
<http://purl.obolibrary.org/obo/UBERON_0003068>	<http://en.wikipedia.org/wiki/Chordamesoderm>
<http://purl.obolibrary.org/obo/UBERON_0003068>	"Wikipedia:Chordamesoderm"
<http://purl.obolibrary.org/obo/UBERON_0035639>	"NCIT:C32574"
<http://purl.obolibrary.org/obo/UBERON_0035639>	<http://en.wikipedia.org/wiki/Accessory_visual_structures>
<http://purl.obolibrary.org/obo/UBERON_0035639>	"FMA:76554"
<http://purl.obolibrary.org/obo/UBERON_0035639>	<http://linkedlifedata.com/resource/umls/id/C0229243>
<http://purl.obolibrary.org/obo/UBERON_0035639>	<http://www.snomedbrowser.com/Codes/Details/120612006>
<http://purl.obolibrary.org/obo/UBERON_0035639>	"SCTID:120612006"
<http://purl.obolibrary.org/obo/UBERON_0035639>	"UMLS:C0229243"
<http://purl.obolibrary.org/obo/UBERON_0035639>	"Wikipedia:Accessory_visual_structures"
<http://purl.obolibrary.org/obo/CHEBI_36342>	"Wikipedia:Subatomic_particle"
<http://purl.obolibrary.org/obo/UBERON_0000990>	"WBbt:0005747"
<http://purl.obolibrary.org/obo/UBERON_0000990>	"GAID:363"
<http://purl.obolibrary.org/obo/UBERON_0000990>	"UMLS:C1261210"
<http://purl.obolibrary.org/obo/UBERON_0000990>	"FBbt:00004857"
<http://purl.obolibrary.org/obo/UBERON_0000990>	"MA:0000326"
<http://purl.obolibrary.org/obo/UBERON_0000990>	"EV:0100100"
<http://purl.obolibrary.org/obo/UBERON_0000990>	"OpenCyc:Mx4rvVja4ZwpEbGdrcN5Y29ycA"
<http://purl.obolibrary.org/obo/UBERON_0000990>	"EFO:0000809"
<http://purl.obolibrary.org/obo/UBERON_0000990>	"CALOHA:TS-1318"
<http://purl.obolibrary.org/obo/UBERON_0000990>	"FMA:7160"
<http://purl.obolibrary.org/obo/UBERON_0000990>	"EHDAA2:0001603"
<http://purl.obolibrary.org/obo/UBERON_0000990>	"HAO:0000374"
<http://purl.obolibrary.org/obo/UBERON_0000990>	"MIAA:0000305"
<http://purl.obolibrary.org/obo/UBERON_0000990>	"HAO:0000895"
<http://purl.obolibrary.org/obo/UBERON_0000990>	<http://www.snomedbrowser.com/Codes/Details/278875001>
<http://purl.obolibrary.org/obo/UBERON_0000990>	"XAO:0000142"
<http://purl.obolibrary.org/obo/UBERON_0000990>	"BILA:0000103"
<http://purl.obolibrary.org/obo/UBERON_0000990>	"ZFA:0000632"
<http://purl.obolibrary.org/obo/UBERON_0000990>	"TAO:0000632"
<http://purl.obolibrary.org/obo/UBERON_0000990>	<http://en.wikipedia.org/wiki/Reproductive_system>
<http://purl.obolibrary.org/obo/UBERON_0000990>	"BTO:0000081"
<http://purl.obolibrary.org/obo/UBERON_0000990>	"NCIT:C12841"
<http://purl.obolibrary.org/obo/UBERON_0000990>	"EHDAA:5923"
<http://purl.obolibrary.org/obo/UBERON_0000990>	"AAO:0010258"
<http://purl.obolibrary.org/obo/UBERON_0000990>	"EMAPA:17381"
<http://purl.obolibrary.org/obo/UBERON_0000990>	"VHOG:0000182"
<http://purl.obolibrary.org/obo/UBERON_0000990>	<http://linkedlifedata.com/resource/umls/id/C1261210>
<http://purl.obolibrary.org/obo/UBERON_0000990>	"SCTID:278875001"
<http://purl.obolibrary.org/obo/UBERON_0000990>	"Wikipedia:Reproductive_system"
<http://purl.obolibrary.org/obo/UBERON_0005398>	"BTO:0000254"
<http://purl.obolibrary.org/obo/UBERON_0005398>	"MA:0000383"
<http://purl.obolibrary.org/obo/UBERON_0005423>	"MIAA:0000019"
<http://purl.obolibrary.org/obo/UBERON_0005423>	"CALOHA:TS-2122"
<http://purl.obolibrary.org/obo/UBERON_0005423>	"FMA:292313"
<http://purl.obolibrary.org/obo/UBERON_0005423>	"EHDAA2:0003125"
<http://purl.obolibrary.org/obo/UBERON_0005423>	"FBbt:00007006"
<http://purl.obolibrary.org/obo/UBERON_0005423>	"AEO:0000125"
<http://purl.obolibrary.org/obo/UBERON_0004160>	"EMAPA:36025"
<http://purl.obolibrary.org/obo/UBERON_0004160>	"ZFA:0005808"
<http://purl.obolibrary.org/obo/UBERON_0005730>	"TAO:0001454"
<http://purl.obolibrary.org/obo/UBERON_0005730>	"ZFA:0001454"
<http://purl.obolibrary.org/obo/UBERON_0003380>	<http://www.snomedbrowser.com/Codes/Details/189936008>
<http://purl.obolibrary.org/obo/UBERON_0003380>	"EMAPA:17320"
<http://purl.obolibrary.org/obo/UBERON_0003380>	"EHDAA2:0004154"
<http://purl.obolibrary.org/obo/UBERON_0003380>	"FMA:7285"
<http://purl.obolibrary.org/obo/UBERON_0003380>	"VHOG:0001225"
<http://purl.obolibrary.org/obo/UBERON_0003380>	"SCTID:189936008"
<http://purl.obolibrary.org/obo/UBERON_0003848>	<http://en.wikipedia.org/wiki/Gonadal_vein>
<http://purl.obolibrary.org/obo/UBERON_0003848>	<http://www.snomedbrowser.com/Codes/Details/278192008>
<http://purl.obolibrary.org/obo/UBERON_0003848>	"EHDAA:8703"
<http://purl.obolibrary.org/obo/UBERON_0003848>	"VHOG:0001340"
<http://purl.obolibrary.org/obo/UBERON_0003848>	"EHDAA2:0000719"
<http://purl.obolibrary.org/obo/UBERON_0003848>	"OpenCyc:Mx4rvlWYh5wpEbGdrcN5Y29ycA"
<http://purl.obolibrary.org/obo/UBERON_0003848>	"Wikipedia:Gonadal_vein"
<http://purl.obolibrary.org/obo/UBERON_0003848>	"SCTID:278192008"
<http://purl.obolibrary.org/obo/UBERON_0000109>	"OGES:000004"
<http://purl.obolibrary.org/obo/UBERON_0000109>	"FBdv:00005317"
<http://purl.obolibrary.org/obo/UBERON_0000109>	"BilaDO:0000008"
<http://purl.obolibrary.org/obo/UBERON_0000109>	"XAO:1000005"
<http://purl.obolibrary.org/obo/UBERON_0000109>	"EFO:0001296"
<http://purl.obolibrary.org/obo/UBERON_0000109>	"HsapDv:0000010"
<http://purl.obolibrary.org/obo/UBERON_0000109>	"BILS:0000109"
<http://purl.obolibrary.org/obo/UBERON_0000109>	"WBls:0000010"
<http://purl.obolibrary.org/obo/UBERON_0000109>	"OGES:000019"
<http://purl.obolibrary.org/obo/UBERON_0000109>	"MmusDv:0000013"
<http://purl.obolibrary.org/obo/UBERON_0000109>	"ZFS:0000047"
<http://purl.obolibrary.org/obo/UBERON_0004711>	"MA:0002154"
<http://purl.obolibrary.org/obo/UBERON_0004711>	"EMAPA:18638"
<http://purl.obolibrary.org/obo/UBERON_0004711>	<http://linkedlifedata.com/resource/umls/id/C0022427>
<http://purl.obolibrary.org/obo/UBERON_0004711>	"CALOHA:TS-0497"
<http://purl.obolibrary.org/obo/UBERON_0004711>	<http://www.snomedbrowser.com/Codes/Details/244403000>
<http://purl.obolibrary.org/obo/UBERON_0004711>	"MESH:D007601"
<http://purl.obolibrary.org/obo/UBERON_0004711>	"GAID:536"
<http://purl.obolibrary.org/obo/UBERON_0004711>	"UMLS:C0022427"
<http://purl.obolibrary.org/obo/UBERON_0004711>	"NCIT:C12738"
<http://purl.obolibrary.org/obo/UBERON_0004711>	<http://en.wikipedia.org/wiki/Jugular_vein>
<http://purl.obolibrary.org/obo/UBERON_0004711>	"BTO:0001744"
<http://purl.obolibrary.org/obo/UBERON_0004711>	"SCTID:244403000"
<http://purl.obolibrary.org/obo/UBERON_0004711>	"Wikipedia:Jugular_vein"
<http://purl.obolibrary.org/obo/CL_0000222>	"FMA:72554"
<http://purl.obolibrary.org/obo/CL_0000222>	"https://cellxgene.cziscience.com/cellguide/CL_0000222"
<http://purl.obolibrary.org/obo/UBERON_0001584>	"OpenCyc:Mx8Ngh4rvgIFoJwpEbGdrcN5Y29ycB4rvp8u1JwpEbGdrcN5Y29ycA"
<http://purl.obolibrary.org/obo/UBERON_0001584>	"EMAPA:37100"
<http://purl.obolibrary.org/obo/UBERON_0001584>	"MA:0002046"
<http://purl.obolibrary.org/obo/UBERON_0001584>	"FMA:4694"
<http://purl.obolibrary.org/obo/UBERON_0001584>	<http://www.snomedbrowser.com/Codes/Details/244245001>
<http://purl.obolibrary.org/obo/UBERON_0001584>	<http://en.wikipedia.org/wiki/Subclavian_artery>
<http://purl.obolibrary.org/obo/UBERON_0001584>	"OpenCyc:Mx4rtW7hw6gEEdudWQACs5b6Bw"
<http://purl.obolibrary.org/obo/UBERON_0001584>	"UMLS:C0226262"
<http://purl.obolibrary.org/obo/UBERON_0001584>	"NCIT:C32972"
<http://purl.obolibrary.org/obo/UBERON_0001584>	<http://linkedlifedata.com/resource/umls/id/C0226262>
<http://purl.obolibrary.org/obo/UBERON_0001584>	"SCTID:244245001"
<http://purl.obolibrary.org/obo/UBERON_0001584>	"Wikipedia:Subclavian_artery"
<http://purl.obolibrary.org/obo/UBERON_0001891>	"FMA:61993"
<http://purl.obolibrary.org/obo/UBERON_0001891>	"MAT:0000106"
<http://purl.obolibrary.org/obo/UBERON_0001891>	"BM:MB"
<http://purl.obolibrary.org/obo/UBERON_0001891>	"DHBA:10648"
<http://purl.obolibrary.org/obo/UBERON_0001891>	"CALOHA:TS-0630"
<http://purl.obolibrary.org/obo/UBERON_0001891>	"ZFA:0000128"
<http://purl.obolibrary.org/obo/UBERON_0001891>	"EHDAA2:0001162"
<http://purl.obolibrary.org/obo/UBERON_0001891>	"BTO:0000138"
<http://purl.obolibrary.org/obo/UBERON_0001891>	"DMBA:16649"
<http://purl.obolibrary.org/obo/UBERON_0001891>	<http://www.snomedbrowser.com/Codes/Details/279099009>
<http://purl.obolibrary.org/obo/UBERON_0001891>	"MIAA:0000106"
<http://purl.obolibrary.org/obo/UBERON_0001891>	"UMLS:C0025462"
<http://purl.obolibrary.org/obo/UBERON_0001891>	"http://braininfo.rprc.washington.edu/centraldirectory.aspx?ID=462"
<http://purl.obolibrary.org/obo/UBERON_0001891>	<http://braininfo.rprc.washington.edu/centraldirectory.aspx?ID=462>
<http://purl.obolibrary.org/obo/UBERON_0001891>	"MBA:313"
<http://purl.obolibrary.org/obo/UBERON_0001891>	"AAO:0010149"
<http://purl.obolibrary.org/obo/UBERON_0001891>	"BIRNLEX:1667"
<http://purl.obolibrary.org/obo/UBERON_0001891>	"EMAPA:16974"
<http://purl.obolibrary.org/obo/UBERON_0001891>	"BAMS:MES"
<http://purl.obolibrary.org/obo/UBERON_0001891>	"HBA:9001"
<http://purl.obolibrary.org/obo/UBERON_0001891>	"MA:0000207"
<http://purl.obolibrary.org/obo/UBERON_0001891>	"RETIRED_EHDAA2:0001104"
<http://purl.obolibrary.org/obo/UBERON_0001891>	"EHDAA:3694"
<http://purl.obolibrary.org/obo/UBERON_0001891>	"XAO:0000014"
<http://purl.obolibrary.org/obo/UBERON_0001891>	"EFO:0000919"
<http://purl.obolibrary.org/obo/UBERON_0001891>	"EV:0100242"
<http://purl.obolibrary.org/obo/UBERON_0001891>	"MESH:D008636"
<http://purl.obolibrary.org/obo/UBERON_0001891>	"VHOG:0000069"
<http://purl.obolibrary.org/obo/UBERON_0001891>	"NCIT:C12510"
<http://purl.obolibrary.org/obo/UBERON_0001891>	<http://en.wikipedia.org/wiki/Midbrain>
<http://purl.obolibrary.org/obo/UBERON_0001891>	"OpenCyc:Mx4rvsBUqpwpEbGdrcN5Y29ycA"
<http://purl.obolibrary.org/obo/UBERON_0001891>	"TAO:0000128"
<http://purl.obolibrary.org/obo/UBERON_0001891>	<http://linkedlifedata.com/resource/umls/id/C0025462>
<http://purl.obolibrary.org/obo/UBERON_0001891>	"Wikipedia:Midbrain"
<http://purl.obolibrary.org/obo/UBERON_0001891>	"SCTID:279099009"
<http://purl.obolibrary.org/obo/UBERON_0004571>	<http://en.wikipedia.org/wiki/Systemic_circulation#Arteries>
<http://purl.obolibrary.org/obo/UBERON_0004571>	"FMA:45623"
<http://purl.obolibrary.org/obo/UBERON_0004571>	"Wikipedia:Systemic_circulation#Arteries"
<http://purl.obolibrary.org/obo/UBERON_0002084>	"EMAPA:17337"
<http://purl.obolibrary.org/obo/UBERON_0002084>	<http://linkedlifedata.com/resource/umls/id/C0225897>
<http://purl.obolibrary.org/obo/UBERON_0002084>	"EHDAA2:0002178"
<http://purl.obolibrary.org/obo/UBERON_0002084>	"galen:LeftVentricle"
<http://purl.obolibrary.org/obo/UBERON_0002084>	"OpenCyc:Mx8Ngh4rvgIFoJwpEbGdrcN5Y29ycB4rvVjj1pwpEbGdrcN5Y29ycA"
<http://purl.obolibrary.org/obo/UBERON_0002084>	<http://www.snomedbrowser.com/Codes/Details/244385005>
<http://purl.obolibrary.org/obo/UBERON_0002084>	"NCIT:C12871"
<http://purl.obolibrary.org/obo/UBERON_0002084>	"MA:0000092"
<http://purl.obolibrary.org/obo/UBERON_0002084>	"UMLS:C0225897"
<http://purl.obolibrary.org/obo/UBERON_0002084>	"CALOHA:TS-0439"
<http://purl.obolibrary.org/obo/UBERON_0002084>	"VHOG:0000718"
<http://purl.obolibrary.org/obo/UBERON_0002084>	"OpenCyc:Mx4rtW8v46gEEdudWQACs5b6Bw"
<http://purl.obolibrary.org/obo/UBERON_0002084>	"FMA:7101"
<http://purl.obolibrary.org/obo/UBERON_0002084>	<http://en.wikipedia.org/wiki/Left_ventricle>
<http://purl.obolibrary.org/obo/UBERON_0002084>	"BTO:0001629"
<http://purl.obolibrary.org/obo/UBERON_0002084>	"Wikipedia:Left_ventricle"
<http://purl.obolibrary.org/obo/UBERON_0002084>	"SCTID:244385005"
<http://purl.obolibrary.org/obo/CL_0000125>	"FMA:54536"
<http://purl.obolibrary.org/obo/CL_0000125>	"BTO:0002606"
<http://purl.obolibrary.org/obo/CL_0000125>	"CALOHA:TS-0415"
<http://purl.obolibrary.org/obo/CL_0000125>	"https://cellxgene.cziscience.com/cellguide/CL_0000125"
<http://purl.obolibrary.org/obo/UBERON_0019143>	"BTO:0004043"
<http://purl.obolibrary.org/obo/UBERON_0012476>	"FMA:24140"
<http://purl.obolibrary.org/obo/UBERON_0005769>	"UMLS:C0004799"
<http://purl.obolibrary.org/obo/UBERON_0005769>	"NCIT:C13191"
<http://purl.obolibrary.org/obo/UBERON_0005769>	<http://www.snomedbrowser.com/Codes/Details/68989006>
<http://purl.obolibrary.org/obo/UBERON_0005769>	"AAO:0010596"
<http://purl.obolibrary.org/obo/UBERON_0005769>	<http://en.wikipedia.org/wiki/Basement_membrane>
<http://purl.obolibrary.org/obo/UBERON_0005769>	"FMA:63872"
<http://purl.obolibrary.org/obo/UBERON_0005769>	"GAID:915"
<http://purl.obolibrary.org/obo/UBERON_0005769>	<http://linkedlifedata.com/resource/umls/id/C0004799>
<http://purl.obolibrary.org/obo/UBERON_0005769>	"Wikipedia:Basement_membrane"
<http://purl.obolibrary.org/obo/UBERON_0005769>	"SCTID:68989006"
<http://purl.obolibrary.org/obo/GO_0001525>	"Wikipedia:Angiogenesis"
<http://purl.obolibrary.org/obo/UBERON_0002330>	"CALOHA:TS-2057"
<http://purl.obolibrary.org/obo/UBERON_0002330>	"MA:0002411"
<http://purl.obolibrary.org/obo/UBERON_0002330>	"NCIT:C12957"
<http://purl.obolibrary.org/obo/UBERON_0002330>	<http://linkedlifedata.com/resource/umls/id/C1516995>
<http://purl.obolibrary.org/obo/UBERON_0002330>	"FMA:85539"
<http://purl.obolibrary.org/obo/UBERON_0002330>	"UMLS:C1516995"
<http://purl.obolibrary.org/obo/UBERON_0002330>	"WikipediaCategory:Exocrine_system"
<http://purl.obolibrary.org/obo/UBERON_0002330>	"EHDAA2:0002225"
<http://purl.obolibrary.org/obo/UBERON_0002330>	<http://en.wikipedia.org/wiki/Exocrine_gland>
<http://purl.obolibrary.org/obo/UBERON_0002330>	"EMAPA:35329"
<http://purl.obolibrary.org/obo/UBERON_0002330>	"Wikipedia:Exocrine_gland"
<http://purl.obolibrary.org/obo/GO_0001706>	"Reactome:R-HSA-9823730"
<http://purl.obolibrary.org/obo/GO_0007610>	"Wikipedia:Behavior"
<http://purl.obolibrary.org/obo/UBERON_0035554>	<http://www.snomedbrowser.com/Codes/Details/362007002>
<http://purl.obolibrary.org/obo/UBERON_0035554>	"FMA:7165"
<http://purl.obolibrary.org/obo/UBERON_0035554>	"SCTID:362007002"
<http://purl.obolibrary.org/obo/GO_0005737>	"Wikipedia:Cytoplasm"
<http://purl.obolibrary.org/obo/UBERON_0000982>	"MAT:0000188"
<http://purl.obolibrary.org/obo/UBERON_0000982>	"AEO:0000182"
<http://purl.obolibrary.org/obo/UBERON_0000982>	"EFO:0000948"
<http://purl.obolibrary.org/obo/UBERON_0000982>	"XAO:0000171"
<http://purl.obolibrary.org/obo/UBERON_0000982>	"RETIRED_EHDAA2:0003182"
<http://purl.obolibrary.org/obo/UBERON_0000982>	"UMLS:C0022417"
<http://purl.obolibrary.org/obo/UBERON_0000982>	<http://linkedlifedata.com/resource/umls/id/C0022417>
<http://purl.obolibrary.org/obo/UBERON_0000982>	"MESH:D007596"
<http://purl.obolibrary.org/obo/UBERON_0000982>	"FMA:7490"
<http://purl.obolibrary.org/obo/UBERON_0000982>	"MA:0000319"
<http://purl.obolibrary.org/obo/UBERON_0000982>	"VSAO:0000101"
<http://purl.obolibrary.org/obo/UBERON_0000982>	"VHOG:0001276"
<http://purl.obolibrary.org/obo/UBERON_0000982>	"NCIT:C13044"
<http://purl.obolibrary.org/obo/UBERON_0000982>	"GAID:102"
<http://purl.obolibrary.org/obo/UBERON_0000982>	"galen:Joint"
<http://purl.obolibrary.org/obo/UBERON_0000982>	"ZFA:0001596"
<http://purl.obolibrary.org/obo/UBERON_0000982>	"TAO:0000367"
<http://purl.obolibrary.org/obo/UBERON_0000982>	"OpenCyc:Mx4rvVjjdpwpEbGdrcN5Y29ycA"
<http://purl.obolibrary.org/obo/UBERON_0000982>	"CALOHA:TS-2023"
<http://purl.obolibrary.org/obo/UBERON_0000982>	"BTO:0001686"
<http://purl.obolibrary.org/obo/UBERON_0000982>	"EMAPA:35456"
<http://purl.obolibrary.org/obo/UBERON_0000982>	"MIAA:0000188"
<http://purl.obolibrary.org/obo/UBERON_0000982>	<http://en.wikipedia.org/wiki/Joint>
<http://purl.obolibrary.org/obo/UBERON_0000982>	<http://www.snomedbrowser.com/Codes/Details/302536002>
<http://purl.obolibrary.org/obo/UBERON_0000982>	"SCTID:302536002"
<http://purl.obolibrary.org/obo/UBERON_0000982>	"Wikipedia:Joint"
<http://purl.obolibrary.org/obo/UBERON_0003104>	"NCIT:C13301"
<http://purl.obolibrary.org/obo/UBERON_0003104>	"CALOHA:TS-0620"
<http://purl.obolibrary.org/obo/UBERON_0003104>	"UMLS:C0162415"
<http://purl.obolibrary.org/obo/UBERON_0003104>	"VHOG:0000170"
<http://purl.obolibrary.org/obo/UBERON_0003104>	"EHDAA2:0003145"
<http://purl.obolibrary.org/obo/UBERON_0003104>	"EV:0100007"
<http://purl.obolibrary.org/obo/UBERON_0003104>	"ZFA:0000393"
<http://purl.obolibrary.org/obo/UBERON_0003104>	"AAO:0010427"
<http://purl.obolibrary.org/obo/UBERON_0003104>	<http://en.wikipedia.org/wiki/Mesenchyme>
<http://purl.obolibrary.org/obo/UBERON_0003104>	"AEO:0000145"
<http://purl.obolibrary.org/obo/UBERON_0003104>	"BTO:0001393"
<http://purl.obolibrary.org/obo/UBERON_0003104>	"XAO:0003046"
<http://purl.obolibrary.org/obo/UBERON_0003104>	<http://linkedlifedata.com/resource/umls/id/C0162415>
<http://purl.obolibrary.org/obo/UBERON_0003104>	"TAO:0000393"
<http://purl.obolibrary.org/obo/UBERON_0003104>	"Wikipedia:Mesenchyme"
<http://purl.obolibrary.org/obo/UBERON_0014892>	"EHDAA:5035"
<http://purl.obolibrary.org/obo/UBERON_0014892>	"EHDAA:5043"
<http://purl.obolibrary.org/obo/UBERON_0014892>	"TAO:0005277"
<http://purl.obolibrary.org/obo/UBERON_0014892>	"EV:0100377"
<http://purl.obolibrary.org/obo/UBERON_0014892>	"VHOG:0000319"
<http://purl.obolibrary.org/obo/UBERON_0014892>	"EFO:0000888"
<http://purl.obolibrary.org/obo/UBERON_0014892>	"MESH:D018482"
<http://purl.obolibrary.org/obo/UBERON_0014892>	"GAID:141"
<http://purl.obolibrary.org/obo/UBERON_0014892>	"OpenCyc:Mx4rv2kf-5wpEbGdrcN5Y29ycA"
<http://purl.obolibrary.org/obo/UBERON_0014892>	"AAO:0011099"
<http://purl.obolibrary.org/obo/UBERON_0014892>	"MIAA:0000302"
<http://purl.obolibrary.org/obo/UBERON_0014892>	"EMAPA:35988"
<http://purl.obolibrary.org/obo/UBERON_0014892>	"CALOHA:TS-0933"
<http://purl.obolibrary.org/obo/UBERON_0014892>	"XAO:0000174"
<http://purl.obolibrary.org/obo/UBERON_0014892>	"BTO:0001103"
<http://purl.obolibrary.org/obo/UBERON_0014892>	"ZFA:0005277"
<http://purl.obolibrary.org/obo/UBERON_0014892>	"MA:0003148"
<http://purl.obolibrary.org/obo/UBERON_0014892>	"EHDAA:5984"
<http://purl.obolibrary.org/obo/UBERON_0014892>	"MAT:0000302"
<http://purl.obolibrary.org/obo/UBERON_0014892>	"EHDAA:5978"
<http://purl.obolibrary.org/obo/UBERON_0007010>	"BILA:0000058"
<http://purl.obolibrary.org/obo/GO_0005622>	"Wikipedia:Intracellular"
<http://purl.obolibrary.org/obo/UBERON_0006965>	"EFO:0003709"
<http://purl.obolibrary.org/obo/UBERON_0006965>	"ZFA:0005077"
<http://purl.obolibrary.org/obo/UBERON_0006965>	"TAO:0005077"
<http://purl.obolibrary.org/obo/UBERON_0004549>	"EMAPA:37363"
<http://purl.obolibrary.org/obo/UBERON_0004549>	<http://www.snomedbrowser.com/Codes/Details/362502000>
<http://purl.obolibrary.org/obo/UBERON_0004549>	"NCIT:C119333"
<http://purl.obolibrary.org/obo/UBERON_0004549>	"MA:0002950"
<http://purl.obolibrary.org/obo/UBERON_0004549>	"FMA:12514"
<http://purl.obolibrary.org/obo/UBERON_0004549>	"SCTID:362502000"
<http://purl.obolibrary.org/obo/CL_0000214>	"FMA:66786"
<http://purl.obolibrary.org/obo/CL_0000214>	"BTO:0003652"
<http://purl.obolibrary.org/obo/CL_0000214>	"CALOHA:TS-0995"
<http://purl.obolibrary.org/obo/UBERON_0001605>	<http://linkedlifedata.com/resource/umls/id/C0559230>
<http://purl.obolibrary.org/obo/UBERON_0001605>	"EMAPA:35240"
<http://purl.obolibrary.org/obo/UBERON_0001605>	<http://www.snomedbrowser.com/Codes/Details/280862009>
<http://purl.obolibrary.org/obo/UBERON_0001605>	<http://en.wikipedia.org/wiki/Ciliary_muscle>
<http://purl.obolibrary.org/obo/UBERON_0001605>	"BTO:0000654"
<http://purl.obolibrary.org/obo/UBERON_0001605>	"MA:0001269"
<http://purl.obolibrary.org/obo/UBERON_0001605>	"UMLS:C0559230"
<http://purl.obolibrary.org/obo/UBERON_0001605>	"FMA:49151"
<http://purl.obolibrary.org/obo/UBERON_0001605>	"NCIT:C32315"
<http://purl.obolibrary.org/obo/UBERON_0001605>	"SCTID:280862009"
<http://purl.obolibrary.org/obo/UBERON_0001605>	"Wikipedia:Ciliary_muscle"
<http://purl.obolibrary.org/obo/CL_0000228>	"AEO:0000203"
<http://purl.obolibrary.org/obo/CL_0000228>	"WBbt:0008074"
<http://purl.obolibrary.org/obo/UBERON_0019267>	"FMA:83913"
<http://purl.obolibrary.org/obo/UBERON_0019267>	"DHBA:10649"
<http://purl.obolibrary.org/obo/UBERON_0003827>	"MA:0000559"
<http://purl.obolibrary.org/obo/UBERON_0003827>	"EMAPA:37247"
<http://purl.obolibrary.org/obo/UBERON_0003827>	<http://www.snomedbrowser.com/Codes/Details/426649006>
<http://purl.obolibrary.org/obo/UBERON_0003827>	"SCTID:426649006"
<http://purl.obolibrary.org/obo/UBERON_0011596>	"EHDAA2:0001020"
<http://purl.obolibrary.org/obo/UBERON_0014455>	"CALOHA:TS-2406"
<http://purl.obolibrary.org/obo/UBERON_0003605>	"EMAPA:37530"
<http://purl.obolibrary.org/obo/UBERON_0003605>	"MA:0002451"
<http://purl.obolibrary.org/obo/UBERON_0003937>	"MA:0001751"
<http://purl.obolibrary.org/obo/UBERON_0007794>	<http://en.wikipedia.org/wiki/Serous_fluid>
<http://purl.obolibrary.org/obo/UBERON_0007794>	"Wikipedia:Serous_fluid"
<http://purl.obolibrary.org/obo/UBERON_0003832>	<http://www.snomedbrowser.com/Codes/Details/360961009>
<http://purl.obolibrary.org/obo/UBERON_0003832>	"MA:0002682"
<http://purl.obolibrary.org/obo/UBERON_0003832>	"EMAPA:26983"
<http://purl.obolibrary.org/obo/UBERON_0003832>	"SCTID:360961009"
<http://purl.obolibrary.org/obo/UBERON_0000925>	"MAT:0000175"
<http://purl.obolibrary.org/obo/UBERON_0000925>	"EV:0100005"
<http://purl.obolibrary.org/obo/UBERON_0000925>	<http://linkedlifedata.com/resource/umls/id/C0014144>
<http://purl.obolibrary.org/obo/UBERON_0000925>	"GAID:1305"
<http://purl.obolibrary.org/obo/UBERON_0000925>	<http://www.snomedbrowser.com/Codes/Details/362855003>
<http://purl.obolibrary.org/obo/UBERON_0000925>	"UMLS:C0014144"
<http://purl.obolibrary.org/obo/UBERON_0000925>	"EMAPA:16062"
<http://purl.obolibrary.org/obo/UBERON_0000925>	"FBbt:00000125"
<http://purl.obolibrary.org/obo/UBERON_0000925>	<http://en.wikipedia.org/wiki/Endoderm>
<http://purl.obolibrary.org/obo/UBERON_0000925>	"BILA:0000038"
<http://purl.obolibrary.org/obo/UBERON_0000925>	"CALOHA:TS-0273"
<http://purl.obolibrary.org/obo/UBERON_0000925>	"TAO:0000017"
<http://purl.obolibrary.org/obo/UBERON_0000925>	"ZFA:0000017"
<http://purl.obolibrary.org/obo/UBERON_0000925>	"AAO:0000139"
<http://purl.obolibrary.org/obo/UBERON_0000925>	"MESH:A16.254.425.407"
<http://purl.obolibrary.org/obo/UBERON_0000925>	"EHDAA2:0000436"
<http://purl.obolibrary.org/obo/UBERON_0000925>	"VHOG:0000154"
<http://purl.obolibrary.org/obo/UBERON_0000925>	"BTO:0000800"
<http://purl.obolibrary.org/obo/UBERON_0000925>	"FMA:69071"
<http://purl.obolibrary.org/obo/UBERON_0000925>	"XAO:0000090"
<http://purl.obolibrary.org/obo/UBERON_0000925>	"EFO:0002545"
<http://purl.obolibrary.org/obo/UBERON_0000925>	"NCIT:C12706"
<http://purl.obolibrary.org/obo/UBERON_0000925>	"MIAA:0000175"
<http://purl.obolibrary.org/obo/UBERON_0000925>	"Wikipedia:Endoderm"
<http://purl.obolibrary.org/obo/UBERON_0000925>	"MESH:D004707"
<http://purl.obolibrary.org/obo/UBERON_0000925>	"SCTID:362855003"
<http://purl.obolibrary.org/obo/CL_0000034>	"FMA:63368"
<http://purl.obolibrary.org/obo/CL_0000034>	"CALOHA:TS-2086"
<http://purl.obolibrary.org/obo/UBERON_0001980>	"FMA:63182"
<http://purl.obolibrary.org/obo/UBERON_0001980>	"MESH:D001160"
<http://purl.obolibrary.org/obo/UBERON_0001980>	"MA:0000063"
<http://purl.obolibrary.org/obo/UBERON_0001980>	"ZFA:0005255"
<http://purl.obolibrary.org/obo/UBERON_0001980>	"VHOG:0001763"
<http://purl.obolibrary.org/obo/UBERON_0001980>	"TAO:0002138"
<http://purl.obolibrary.org/obo/UBERON_0001980>	"UMLS:C0003847"
<http://purl.obolibrary.org/obo/UBERON_0001980>	<http://www.snomedbrowser.com/Codes/Details/337724002>
<http://purl.obolibrary.org/obo/UBERON_0001980>	"NCIT:C12672"
<http://purl.obolibrary.org/obo/UBERON_0001980>	<http://linkedlifedata.com/resource/umls/id/C0003847>
<http://purl.obolibrary.org/obo/UBERON_0001980>	"EMAPA:35146"
<http://purl.obolibrary.org/obo/UBERON_0001980>	"BTO:0001997"
<http://purl.obolibrary.org/obo/UBERON_0001980>	<http://en.wikipedia.org/wiki/Arteriole>
<http://purl.obolibrary.org/obo/UBERON_0001980>	"AAO:0010253"
<http://purl.obolibrary.org/obo/UBERON_0001980>	"Wikipedia:Arteriole"
<http://purl.obolibrary.org/obo/UBERON_0001980>	"SCTID:337724002"
<http://purl.obolibrary.org/obo/CL_0000048>	"FMA:84789"
<http://purl.obolibrary.org/obo/UBERON_0002100>	"EFO:0000966"
<http://purl.obolibrary.org/obo/UBERON_0002100>	"ZFA:0001115"
<http://purl.obolibrary.org/obo/UBERON_0002100>	"MA:0000004"
<http://purl.obolibrary.org/obo/UBERON_0002100>	<http://www.snomedbrowser.com/Codes/Details/262225004>
<http://purl.obolibrary.org/obo/UBERON_0002100>	"galen:Trunk"
<http://purl.obolibrary.org/obo/UBERON_0002100>	"OpenCyc:Mx4rvVkJjpwpEbGdrcN5Y29ycA"
<http://purl.obolibrary.org/obo/UBERON_0002100>	"BTO:0001493"
<http://purl.obolibrary.org/obo/UBERON_0002100>	<http://linkedlifedata.com/resource/umls/id/C0460005>
<http://purl.obolibrary.org/obo/UBERON_0002100>	"BILA:0000116"
<http://purl.obolibrary.org/obo/UBERON_0002100>	"NCIT:C33816"
<http://purl.obolibrary.org/obo/UBERON_0002100>	"CALOHA:TS-1071"
<http://purl.obolibrary.org/obo/UBERON_0002100>	"XAO:0000054"
<http://purl.obolibrary.org/obo/UBERON_0002100>	"AAO:0010339"
<http://purl.obolibrary.org/obo/UBERON_0002100>	"MIAA:0000296"
<http://purl.obolibrary.org/obo/UBERON_0002100>	"XAO:0003025"
<http://purl.obolibrary.org/obo/UBERON_0002100>	"EMAPA:31857"
<http://purl.obolibrary.org/obo/UBERON_0002100>	"FMA:7181"
<http://purl.obolibrary.org/obo/UBERON_0002100>	"TAO:0001115"
<http://purl.obolibrary.org/obo/UBERON_0002100>	"UMLS:C0460005"
<http://purl.obolibrary.org/obo/UBERON_0002100>	"MAT:0000296"
<http://purl.obolibrary.org/obo/UBERON_0002100>	<http://en.wikipedia.org/wiki/Torso>
<http://purl.obolibrary.org/obo/UBERON_0002100>	"SCTID:262225004"
<http://purl.obolibrary.org/obo/UBERON_0002100>	"Wikipedia:Torso"
<http://purl.obolibrary.org/obo/UBERON_0007197>	"TADS:0000601"
<http://purl.obolibrary.org/obo/UBERON_0007197>	"HAO:0000029"
<http://purl.obolibrary.org/obo/UBERON_0007197>	"BILA:0000029"
<http://purl.obolibrary.org/obo/UBERON_0007197>	"AAO:0010035"
<http://purl.obolibrary.org/obo/UBERON_0007197>	"WBbt:0007849"
<http://purl.obolibrary.org/obo/UBERON_0007197>	"CARO:0000029"
<http://purl.obolibrary.org/obo/UBERON_0001803>	"MA:0001301"
<http://purl.obolibrary.org/obo/UBERON_0001803>	<http://www.snomedbrowser.com/Codes/Details/362523006>
<http://purl.obolibrary.org/obo/UBERON_0001803>	"EMAPA:32871"
<http://purl.obolibrary.org/obo/UBERON_0001803>	"XAO:0004094"
<http://purl.obolibrary.org/obo/UBERON_0001803>	<http://en.wikipedia.org/wiki/Lens_(anatomy)#Lens_Epithelium>
<http://purl.obolibrary.org/obo/UBERON_0001803>	"TAO:0001326"
<http://purl.obolibrary.org/obo/UBERON_0001803>	"BTO:0001873"
<http://purl.obolibrary.org/obo/UBERON_0001803>	"FMA:58871"
<http://purl.obolibrary.org/obo/UBERON_0001803>	"CALOHA:TS-0543"
<http://purl.obolibrary.org/obo/UBERON_0001803>	"ZFA:0001326"
<http://purl.obolibrary.org/obo/UBERON_0001803>	"SCTID:362523006"
<http://purl.obolibrary.org/obo/UBERON_0001803>	"Wikipedia:Lens_(anatomy)#Lens_Epithelium"
<http://purl.obolibrary.org/obo/UBERON_0000092>	"OGES:000010"
<http://purl.obolibrary.org/obo/UBERON_0000092>	"OGES:000024"
<http://purl.obolibrary.org/obo/UBERON_0000092>	"WBls:0000103"
<http://purl.obolibrary.org/obo/UBERON_0000092>	"WBls:0000022"
<http://purl.obolibrary.org/obo/UBERON_0000092>	"WBls:0000093"
<http://purl.obolibrary.org/obo/UBERON_0000092>	"OGES:000014"
<http://purl.obolibrary.org/obo/UBERON_0000092>	"BilaDO:0000003"
<http://purl.obolibrary.org/obo/UBERON_0000304>	"NCIT:C96299"
<http://purl.obolibrary.org/obo/UBERON_0000304>	"FMA:45087"
<http://purl.obolibrary.org/obo/UBERON_0000304>	"UMLS:C0224856"
<http://purl.obolibrary.org/obo/UBERON_0000304>	<http://en.wikipedia.org/wiki/Tendon_sheath>
<http://purl.obolibrary.org/obo/UBERON_0000304>	<http://www.snomedbrowser.com/Codes/Details/361885006>
<http://purl.obolibrary.org/obo/UBERON_0000304>	"BTO:0000051"
<http://purl.obolibrary.org/obo/UBERON_0000304>	<http://linkedlifedata.com/resource/umls/id/C0224856>
<http://purl.obolibrary.org/obo/UBERON_0000304>	"FMA:76715"
<http://purl.obolibrary.org/obo/UBERON_0000304>	"Wikipedia:Tendon_sheath"
<http://purl.obolibrary.org/obo/UBERON_0000304>	"SCTID:361885006"
<http://purl.obolibrary.org/obo/UBERON_0010347>	"EHDAA2:0004078"
<http://purl.obolibrary.org/obo/UBERON_0000484>	<http://linkedlifedata.com/resource/umls/id/C0836134>
<http://purl.obolibrary.org/obo/UBERON_0000484>	"ZFA:0001497"
<http://purl.obolibrary.org/obo/UBERON_0000484>	"CARO:0000067"
<http://purl.obolibrary.org/obo/UBERON_0000484>	<http://en.wikipedia.org/wiki/Simple_cuboidal_epithelium>
<http://purl.obolibrary.org/obo/UBERON_0000484>	"NCIT:C33553"
<http://purl.obolibrary.org/obo/UBERON_0000484>	"FMA:45566"
<http://purl.obolibrary.org/obo/UBERON_0000484>	"EHDAA2:0003067"
<http://purl.obolibrary.org/obo/UBERON_0000484>	"AAO:0010064"
<http://purl.obolibrary.org/obo/UBERON_0000484>	"XAO:0004009"
<http://purl.obolibrary.org/obo/UBERON_0000484>	"TAO:0001497"
<http://purl.obolibrary.org/obo/UBERON_0000484>	"BILA:0000067"
<http://purl.obolibrary.org/obo/UBERON_0000484>	"UMLS:C0836134"
<http://purl.obolibrary.org/obo/UBERON_0000484>	"HAO:0000067"
<http://purl.obolibrary.org/obo/UBERON_0000484>	"AEO:0000067"
<http://purl.obolibrary.org/obo/UBERON_0000484>	"Wikipedia:Simple_cuboidal_epithelium"
<http://purl.obolibrary.org/obo/UBERON_0007500>	"RETIRED_EHDAA2:0003116"
<http://purl.obolibrary.org/obo/UBERON_0007500>	"AEO_RETIRED:0000116"
<http://purl.obolibrary.org/obo/UBERON_0002315>	"NCIT:C32696"
<http://purl.obolibrary.org/obo/UBERON_0002315>	"BAMS:Scgrey"
<http://purl.obolibrary.org/obo/UBERON_0002315>	"UMLS:C0475853"
<http://purl.obolibrary.org/obo/UBERON_0002315>	"MA:0000002"
<http://purl.obolibrary.org/obo/UBERON_0002315>	"NLXANAT:100204"
<http://purl.obolibrary.org/obo/UBERON_0002315>	<http://linkedlifedata.com/resource/umls/id/C0475853>
<http://purl.obolibrary.org/obo/UBERON_0002315>	<http://braininfo.rprc.washington.edu/centraldirectory.aspx?ID=2619>
<http://purl.obolibrary.org/obo/UBERON_0002315>	"EMAPA:35792"
<http://purl.obolibrary.org/obo/UBERON_0002315>	"FMA:256580"
<http://purl.obolibrary.org/obo/UBERON_0002315>	<http://www.snomedbrowser.com/Codes/Details/279441003>
<http://purl.obolibrary.org/obo/UBERON_0002315>	"DHBA:146035048"
<http://purl.obolibrary.org/obo/UBERON_0002315>	"SCTID:279441003"
<http://purl.obolibrary.org/obo/UBERON_0002315>	"neuronames:2619"
<http://purl.obolibrary.org/obo/UBERON_0004710>	"VSAO:0000125"
<http://purl.obolibrary.org/obo/UBERON_0004710>	"VHOG:0001753"
<http://purl.obolibrary.org/obo/UBERON_0010291>	<http://en.wikipedia.org/wiki/Sclera#Histology>
<http://purl.obolibrary.org/obo/UBERON_0010291>	"Wikipedia:Sclera#Histology"
<http://purl.obolibrary.org/obo/GO_0005576>	"Wikipedia:Extracellular"
<http://purl.obolibrary.org/obo/UBERON_0007237>	"EHDAA2:0000031"
<http://purl.obolibrary.org/obo/UBERON_0007237>	"EHDAA:583"
<http://purl.obolibrary.org/obo/UBERON_0007237>	"EMAPA:16382"
<http://purl.obolibrary.org/obo/UBERON_0007237>	"VHOG:0000510"
<http://purl.obolibrary.org/obo/UBERON_0004236>	"MA:0000706"
<http://purl.obolibrary.org/obo/UBERON_0004236>	"FMA:312251"
<http://purl.obolibrary.org/obo/UBERON_0004236>	"EMAPA:36287"
<http://purl.obolibrary.org/obo/UBERON_0002425>	"EMAPA:19032"
<http://purl.obolibrary.org/obo/UBERON_0002425>	<http://en.wikipedia.org/wiki/Visceral_pericardium>
<http://purl.obolibrary.org/obo/UBERON_0002425>	"EMAPA:16589"
<http://purl.obolibrary.org/obo/UBERON_0002425>	"VHOG:0000538"
<http://purl.obolibrary.org/obo/UBERON_0002425>	"FMA:84882"
<http://purl.obolibrary.org/obo/UBERON_0002425>	<http://www.snomedbrowser.com/Codes/Details/243955001>
<http://purl.obolibrary.org/obo/UBERON_0002425>	"MA:0000484"
<http://purl.obolibrary.org/obo/UBERON_0002425>	"Wikipedia:Visceral_pericardium"
<http://purl.obolibrary.org/obo/UBERON_0002425>	"SCTID:243955001"
<http://purl.obolibrary.org/obo/UBERON_0009722>	"EMAPA:32754"
<http://purl.obolibrary.org/obo/UBERON_0009722>	"EHDAA2:0004621"
<http://purl.obolibrary.org/obo/UBERON_0009722>	"FMA:293087"
<http://purl.obolibrary.org/obo/GO_0005911>	"NIF_Subcellular:sao1922892319"
<http://purl.obolibrary.org/obo/UBERON_0004290>	"FMA:295654"
<http://purl.obolibrary.org/obo/UBERON_0004290>	"ZFA:0001513"
<http://purl.obolibrary.org/obo/UBERON_0004290>	<http://linkedlifedata.com/resource/umls/id/C1511786>
<http://purl.obolibrary.org/obo/UBERON_0004290>	"TAO:0001513"
<http://purl.obolibrary.org/obo/UBERON_0004290>	"AAO:0010572"
<http://purl.obolibrary.org/obo/UBERON_0004290>	"NCIT:C34140"
<http://purl.obolibrary.org/obo/UBERON_0004290>	"EHDAA2:0003259"
<http://purl.obolibrary.org/obo/UBERON_0004290>	"AEO:0000214"
<http://purl.obolibrary.org/obo/UBERON_0004290>	"EMAPA:31109"
<http://purl.obolibrary.org/obo/UBERON_0004290>	"VHOG:0000676"
<http://purl.obolibrary.org/obo/UBERON_0004290>	"UMLS:C1511786"
<http://purl.obolibrary.org/obo/UBERON_0013704>	"NCIT:C34230"
<http://purl.obolibrary.org/obo/UBERON_0013704>	<http://linkedlifedata.com/resource/umls/id/C1518428>
<http://purl.obolibrary.org/obo/UBERON_0013704>	"UMLS:C1518428"
<http://purl.obolibrary.org/obo/UBERON_0013704>	"FMA:293127"
<http://purl.obolibrary.org/obo/UBERON_0002203>	<http://www.snomedbrowser.com/Codes/Details/123846009>
<http://purl.obolibrary.org/obo/UBERON_0002203>	"FMA:74743"
<http://purl.obolibrary.org/obo/UBERON_0002203>	"TAO:0007057"
<http://purl.obolibrary.org/obo/UBERON_0002203>	"ZFA:0007057"
<http://purl.obolibrary.org/obo/UBERON_0002203>	"SCTID:123846009"
<http://purl.obolibrary.org/obo/UBERON_0002193>	"FMA:74562"
<http://purl.obolibrary.org/obo/UBERON_0002193>	"EMAPA:18765"
<http://purl.obolibrary.org/obo/UBERON_0002193>	"EHDAA2:0004615"
<http://purl.obolibrary.org/obo/UBERON_0002193>	"CALOHA:TS-2018"
<http://purl.obolibrary.org/obo/UBERON_0002193>	"MA:0000013"
<http://purl.obolibrary.org/obo/UBERON_0012416>	"EMAPA:37567"
<http://purl.obolibrary.org/obo/UBERON_0012416>	"MA:0001802"
<http://purl.obolibrary.org/obo/UBERON_0003495>	"MA:0001803"
<http://purl.obolibrary.org/obo/UBERON_0003495>	"EMAPA:37568"
<http://purl.obolibrary.org/obo/UBERON_0006567>	"FMA:9535"
<http://purl.obolibrary.org/obo/UBERON_0006567>	"EMAPA:17342"
<http://purl.obolibrary.org/obo/UBERON_0006567>	"MA:0002984"
<http://purl.obolibrary.org/obo/UBERON_0006567>	<http://www.snomedbrowser.com/Codes/Details/362020004>
<http://purl.obolibrary.org/obo/UBERON_0006567>	"SCTID:362020004"
<http://purl.obolibrary.org/obo/UBERON_2005260>	"FMA:63196"
<http://purl.obolibrary.org/obo/UBERON_2005260>	"NCIT:C32595"
<http://purl.obolibrary.org/obo/UBERON_2005260>	"TAO:0005260"
<http://purl.obolibrary.org/obo/UBERON_2005260>	<http://linkedlifedata.com/resource/umls/id/C1179615>
<http://purl.obolibrary.org/obo/UBERON_2005260>	<http://en.wikipedia.org/wiki/Capillary#Types>
<http://purl.obolibrary.org/obo/UBERON_2005260>	"UMLS:C1179615"
<http://purl.obolibrary.org/obo/UBERON_2005260>	"ZFA:0005260"
<http://purl.obolibrary.org/obo/UBERON_2005260>	"Wikipedia:Capillary#Types"
<http://purl.obolibrary.org/obo/UBERON_0003080>	"VHOG:0001384"
<http://purl.obolibrary.org/obo/UBERON_0003080>	"XAO:0000307"
<http://purl.obolibrary.org/obo/UBERON_0003080>	"TAO:0007038"
<http://purl.obolibrary.org/obo/UBERON_0003080>	"ZFA:0007038"
<http://purl.obolibrary.org/obo/UBERON_0003080>	"AAO:0011012"
<http://purl.obolibrary.org/obo/UBERON_0009480>	"EHDAA2:0000191"
<http://purl.obolibrary.org/obo/UBERON_0009480>	"EMAPA:16261"
<http://purl.obolibrary.org/obo/UBERON_0010740>	"MA:0000688"
<http://purl.obolibrary.org/obo/UBERON_0010740>	"EMAPA:35494"
<http://purl.obolibrary.org/obo/UBERON_0001533>	"MA:0002045"
<http://purl.obolibrary.org/obo/UBERON_0001533>	"AAO:0010232"
<http://purl.obolibrary.org/obo/UBERON_0001533>	<http://linkedlifedata.com/resource/umls/id/C0038530>
<http://purl.obolibrary.org/obo/UBERON_0001533>	"XAO:0000365"
<http://purl.obolibrary.org/obo/UBERON_0001533>	"NCIT:C33643"
<http://purl.obolibrary.org/obo/UBERON_0001533>	"UMLS:C0038530"
<http://purl.obolibrary.org/obo/UBERON_0001533>	"MESH:D013348"
<http://purl.obolibrary.org/obo/UBERON_0001533>	"FMA:3951"
<http://purl.obolibrary.org/obo/UBERON_0001533>	<http://www.snomedbrowser.com/Codes/Details/265790007>
<http://purl.obolibrary.org/obo/UBERON_0001533>	"TAO:0005086"
<http://purl.obolibrary.org/obo/UBERON_0001533>	"EMAPA:17617"
<http://purl.obolibrary.org/obo/UBERON_0001533>	<http://en.wikipedia.org/wiki/Subclavian_artery>
<http://purl.obolibrary.org/obo/UBERON_0001533>	"ZFA:0005086"
<http://purl.obolibrary.org/obo/UBERON_0001533>	"GAID:511"
<http://purl.obolibrary.org/obo/UBERON_0001533>	"EHDAA:4357"
<http://purl.obolibrary.org/obo/UBERON_0001533>	"OpenCyc:Mx4rvp8u1JwpEbGdrcN5Y29ycA"
<http://purl.obolibrary.org/obo/UBERON_0001533>	"EHDAA2:0001933"
<http://purl.obolibrary.org/obo/UBERON_0001533>	"SCTID:265790007"
<http://purl.obolibrary.org/obo/UBERON_0001533>	"Wikipedia:Subclavian_artery"
<http://purl.obolibrary.org/obo/UBERON_0001417>	"UMLS:C0205030"
<http://purl.obolibrary.org/obo/UBERON_0001417>	<http://www.snomedbrowser.com/Codes/Details/361705004>
<http://purl.obolibrary.org/obo/UBERON_0001417>	"FMA:23022"
<http://purl.obolibrary.org/obo/UBERON_0001417>	<http://linkedlifedata.com/resource/umls/id/C0205030>
<http://purl.obolibrary.org/obo/UBERON_0001417>	"FMA:23021"
<http://purl.obolibrary.org/obo/UBERON_0001417>	"MA:0000590"
<http://purl.obolibrary.org/obo/UBERON_0001417>	"EMAPA:37277"
<http://purl.obolibrary.org/obo/UBERON_0001417>	"NCIT:C52756"
<http://purl.obolibrary.org/obo/UBERON_0001417>	"SCTID:361705004"
<http://purl.obolibrary.org/obo/UBERON_0003887>	"UMLS:C1512940"
<http://purl.obolibrary.org/obo/UBERON_0003887>	<http://en.wikipedia.org/wiki/Intraembryonic_coelom>
<http://purl.obolibrary.org/obo/UBERON_0003887>	"NCIT:C34195"
<http://purl.obolibrary.org/obo/UBERON_0003887>	"VHOG:0000316"
<http://purl.obolibrary.org/obo/UBERON_0003887>	"EMAPA:16088"
<http://purl.obolibrary.org/obo/UBERON_0003887>	"EHDAA:251"
<http://purl.obolibrary.org/obo/UBERON_0003887>	<http://linkedlifedata.com/resource/umls/id/C1512940>
<http://purl.obolibrary.org/obo/UBERON_0003887>	"Wikipedia:Intraembryonic_coelom"
<http://purl.obolibrary.org/obo/UBERON_0035814>	<http://www.snomedbrowser.com/Codes/Details/42267001>
<http://purl.obolibrary.org/obo/UBERON_0035814>	"ZFA:0005765"
<http://purl.obolibrary.org/obo/UBERON_0035814>	"SCTID:42267001"
<http://purl.obolibrary.org/obo/UBERON_0002377>	"UMLS:C0027532"
<http://purl.obolibrary.org/obo/UBERON_0002377>	"GAID:149"
<http://purl.obolibrary.org/obo/UBERON_0002377>	<http://linkedlifedata.com/resource/umls/id/C0027532>
<http://purl.obolibrary.org/obo/UBERON_0002377>	"MA:0000587"
<http://purl.obolibrary.org/obo/UBERON_0002377>	"MESH:D009334"
<http://purl.obolibrary.org/obo/UBERON_0002377>	"NCIT:C33163"
<http://purl.obolibrary.org/obo/UBERON_0002377>	"FMA:9617"
<http://purl.obolibrary.org/obo/UBERON_0002377>	"EMAPA:36050"
<http://purl.obolibrary.org/obo/UBERON_0007473>	"AEO:0000079"
<http://purl.obolibrary.org/obo/CL_0002242>	"FMA:67513"
<http://purl.obolibrary.org/obo/UBERON_0001796>	"EMAPA:18232"
<http://purl.obolibrary.org/obo/UBERON_0001796>	<http://en.wikipedia.org/wiki/Aqueous_humor>
<http://purl.obolibrary.org/obo/UBERON_0001796>	"ENVO:02000024"
<http://purl.obolibrary.org/obo/UBERON_0001796>	"NCIT:C13190"
<http://purl.obolibrary.org/obo/UBERON_0001796>	<http://www.snomedbrowser.com/Codes/Details/280587006>
<http://purl.obolibrary.org/obo/UBERON_0001796>	"MA:0001236"
<http://purl.obolibrary.org/obo/UBERON_0001796>	"VHOG:0000548"
<http://purl.obolibrary.org/obo/UBERON_0001796>	"ZFA:0005564"
<http://purl.obolibrary.org/obo/UBERON_0001796>	"MESH:D001082"
<http://purl.obolibrary.org/obo/UBERON_0001796>	<http://linkedlifedata.com/resource/umls/id/C0003662>
<http://purl.obolibrary.org/obo/UBERON_0001796>	"FMA:58819"
<http://purl.obolibrary.org/obo/UBERON_0001796>	"UMLS:C0003662"
<http://purl.obolibrary.org/obo/UBERON_0001796>	"EHDAA:10196"
<http://purl.obolibrary.org/obo/UBERON_0001796>	"OpenCyc:Mx4rvdGd-5wpEbGdrcN5Y29ycA"
<http://purl.obolibrary.org/obo/UBERON_0001796>	"GAID:890"
<http://purl.obolibrary.org/obo/UBERON_0001796>	"EHDAA2:0000139"
<http://purl.obolibrary.org/obo/UBERON_0001796>	"SCTID:280587006"
<http://purl.obolibrary.org/obo/UBERON_0001796>	"Wikipedia:Aqueous_humor"
<http://purl.obolibrary.org/obo/UBERON_0000170>	"OpenCyc:Mx4rvVjKy5wpEbGdrcN5Y29ycA"
<http://purl.obolibrary.org/obo/UBERON_0000170>	"FMA:68877"
<http://purl.obolibrary.org/obo/CL_0000255>	"MESH:D005057"
<http://purl.obolibrary.org/obo/UBERON_0001919>	"VHOG:0001216"
<http://purl.obolibrary.org/obo/UBERON_0001919>	"UMLS:C1179027"
<http://purl.obolibrary.org/obo/UBERON_0001919>	"AAO:0011110"
<http://purl.obolibrary.org/obo/UBERON_0001919>	<http://linkedlifedata.com/resource/umls/id/C1179027>
<http://purl.obolibrary.org/obo/UBERON_0001919>	"EMAPA:36288"
<http://purl.obolibrary.org/obo/UBERON_0001919>	"NCIT:C49317"
<http://purl.obolibrary.org/obo/UBERON_0001919>	"BTO:0004756"
<http://purl.obolibrary.org/obo/UBERON_0001919>	"XAO:0000358"
<http://purl.obolibrary.org/obo/UBERON_0001919>	"MA:0000712"
<http://purl.obolibrary.org/obo/UBERON_0001919>	"FMA:62118"
<http://purl.obolibrary.org/obo/UBERON_0004151>	"OpenCyc:Mx4rmexpjPdAEduAAAAOpmP6tw"
<http://purl.obolibrary.org/obo/UBERON_0004151>	"FMA:7095"
<http://purl.obolibrary.org/obo/UBERON_0004151>	<http://www.snomedbrowser.com/Codes/Details/276456008>
<http://purl.obolibrary.org/obo/UBERON_0004151>	"SCTID:276456008"
<http://purl.obolibrary.org/obo/UBERON_0000476>	"AEO:0000040"
<http://purl.obolibrary.org/obo/UBERON_0000476>	"AAO:0010268"
<http://purl.obolibrary.org/obo/UBERON_0000476>	"CARO:0000040"
<http://purl.obolibrary.org/obo/UBERON_0000476>	"EHDAA2:0003040"
<http://purl.obolibrary.org/obo/UBERON_0000476>	"TAO:0000382"
<http://purl.obolibrary.org/obo/UBERON_0000476>	"FMA:63863"
<http://purl.obolibrary.org/obo/UBERON_0000476>	"HAO:0000040"
<http://purl.obolibrary.org/obo/UBERON_0000476>	"XAO:0003162"
<http://purl.obolibrary.org/obo/UBERON_0000476>	"ZFA:0000382"
<http://purl.obolibrary.org/obo/UBERON_0000476>	"FBbt:00007013"
<http://purl.obolibrary.org/obo/UBERON_0000476>	"TGMA:0001841"
<http://purl.obolibrary.org/obo/UBERON_0000476>	"BILA:0000040"
<http://purl.obolibrary.org/obo/UBERON_0003371>	"VHOG:0001048"
<http://purl.obolibrary.org/obo/UBERON_0003371>	"EMAPA:16780"
<http://purl.obolibrary.org/obo/UBERON_0003371>	"EHDAA2:0001034"
<http://purl.obolibrary.org/obo/UBERON_0009583>	"VHOG:0000911"
<http://purl.obolibrary.org/obo/UBERON_0009583>	"EMAPA:17580"
<http://purl.obolibrary.org/obo/UBERON_0004702>	"MA:0001805"
<http://purl.obolibrary.org/obo/UBERON_0004702>	"EMAPA:35732"
<http://purl.obolibrary.org/obo/UBERON_0002539>	"MAT:0000242"
<http://purl.obolibrary.org/obo/UBERON_0002539>	"AAO:0010359"
<http://purl.obolibrary.org/obo/UBERON_0002539>	"EHDAA:571"
<http://purl.obolibrary.org/obo/UBERON_0002539>	"MESH:A16.254.160"
<http://purl.obolibrary.org/obo/UBERON_0002539>	"VHOG:0000155"
<http://purl.obolibrary.org/obo/UBERON_0002539>	"GAID:1292"
<http://purl.obolibrary.org/obo/UBERON_0002539>	<http://en.wikipedia.org/wiki/Pharyngeal_arch>
<http://purl.obolibrary.org/obo/UBERON_0002539>	"EFO:0000959"
<http://purl.obolibrary.org/obo/UBERON_0002539>	<http://linkedlifedata.com/resource/umls/id/C0080322>
<http://purl.obolibrary.org/obo/UBERON_0002539>	"ZFA:0001306"
<http://purl.obolibrary.org/obo/UBERON_0002539>	"UMLS:C0080322"
<http://purl.obolibrary.org/obo/UBERON_0002539>	"XAO:0000096"
<http://purl.obolibrary.org/obo/UBERON_0002539>	"TAO:0001306"
<http://purl.obolibrary.org/obo/UBERON_0002539>	"NCIT:C34249"
<http://purl.obolibrary.org/obo/UBERON_0002539>	"BTO:0001785"
<http://purl.obolibrary.org/obo/UBERON_0002539>	"EMAPA:16117"
<http://purl.obolibrary.org/obo/UBERON_0002539>	"FMA:293015"
<http://purl.obolibrary.org/obo/UBERON_0002539>	<http://www.snomedbrowser.com/Codes/Details/308766004>
<http://purl.obolibrary.org/obo/UBERON_0002539>	"MIAA:0000242"
<http://purl.obolibrary.org/obo/UBERON_0002539>	"SCTID:308766004"
<http://purl.obolibrary.org/obo/UBERON_0002539>	"MESH:D001934"
<http://purl.obolibrary.org/obo/UBERON_0002539>	"Wikipedia:Pharyngeal_arch"
<http://purl.obolibrary.org/obo/UBERON_0000409>	"EMAPA:37950"
<http://purl.obolibrary.org/obo/UBERON_0000409>	"BTO:0001837"
<http://purl.obolibrary.org/obo/UBERON_0000409>	"FMA:62889"
<http://purl.obolibrary.org/obo/UBERON_0000409>	<http://en.wikipedia.org/wiki/Serous_gland>
<http://purl.obolibrary.org/obo/UBERON_0000409>	"Wikipedia:Serous_gland"
<http://purl.obolibrary.org/obo/CHEBI_25555>	"WebElements:N"
<http://purl.obolibrary.org/obo/UBERON_0000974>	"MAT:0000297"
<http://purl.obolibrary.org/obo/UBERON_0000974>	"CALOHA:TS-2045"
<http://purl.obolibrary.org/obo/UBERON_0000974>	"BTO:0000420"
<http://purl.obolibrary.org/obo/UBERON_0000974>	"UMLS:C0027530"
<http://purl.obolibrary.org/obo/UBERON_0000974>	"EHDAA2:0003108"
<http://purl.obolibrary.org/obo/UBERON_0000974>	"EFO:0000967"
<http://purl.obolibrary.org/obo/UBERON_0000974>	"AEO:0000108"
<http://purl.obolibrary.org/obo/UBERON_0000974>	"galen:Neck"
<http://purl.obolibrary.org/obo/UBERON_0000974>	"MIAA:0000297"
<http://purl.obolibrary.org/obo/UBERON_0000974>	"NCIT:C13063"
<http://purl.obolibrary.org/obo/UBERON_0000974>	"MA:0000024"
<http://purl.obolibrary.org/obo/UBERON_0000974>	<http://linkedlifedata.com/resource/umls/id/C0027530>
<http://purl.obolibrary.org/obo/UBERON_0000974>	"GAID:86"
<http://purl.obolibrary.org/obo/UBERON_0000974>	"MESH:D009333"
<http://purl.obolibrary.org/obo/UBERON_0000974>	"FMA:7155"
<http://purl.obolibrary.org/obo/UBERON_0000974>	"EMAPA:35587"
<http://purl.obolibrary.org/obo/UBERON_0000974>	"OpenCyc:Mx4rvVjLF5wpEbGdrcN5Y29ycA"
<http://purl.obolibrary.org/obo/UBERON_0000974>	<http://en.wikipedia.org/wiki/Neck>
<http://purl.obolibrary.org/obo/UBERON_0000974>	<http://www.snomedbrowser.com/Codes/Details/302550007>
<http://purl.obolibrary.org/obo/UBERON_0000974>	"Wikipedia:Neck"
<http://purl.obolibrary.org/obo/UBERON_0000974>	"SCTID:302550007"
<http://purl.obolibrary.org/obo/UBERON_0009030>	"UMLS:C0226670"
<http://purl.obolibrary.org/obo/UBERON_0009030>	<http://linkedlifedata.com/resource/umls/id/C0226670>
<http://purl.obolibrary.org/obo/UBERON_0009030>	"MA:0002207"
<http://purl.obolibrary.org/obo/UBERON_0009030>	<http://www.snomedbrowser.com/Codes/Details/304057004>
<http://purl.obolibrary.org/obo/UBERON_0009030>	"EMAPA:37165"
<http://purl.obolibrary.org/obo/UBERON_0009030>	"NCIT:C48946"
<http://purl.obolibrary.org/obo/UBERON_0009030>	"SCTID:304057004"
<http://purl.obolibrary.org/obo/UBERON_0006914>	<http://linkedlifedata.com/resource/umls/id/C0221909>
<http://purl.obolibrary.org/obo/UBERON_0006914>	<http://en.wikipedia.org/wiki/Squamous_epithelium>
<http://purl.obolibrary.org/obo/UBERON_0006914>	"BTO:0002072"
<http://purl.obolibrary.org/obo/UBERON_0006914>	"UMLS:C0221909"
<http://purl.obolibrary.org/obo/UBERON_0006914>	<http://www.snomedbrowser.com/Codes/Details/40118003>
<http://purl.obolibrary.org/obo/UBERON_0006914>	"NCIT:C12848"
<http://purl.obolibrary.org/obo/UBERON_0006914>	"SCTID:40118003"
<http://purl.obolibrary.org/obo/UBERON_0006914>	"Wikipedia:Squamous_epithelium"
<http://purl.obolibrary.org/obo/UBERON_0005866>	"EMAPA:32736"
<http://purl.obolibrary.org/obo/UBERON_0005866>	"AEO:0000150"
<http://purl.obolibrary.org/obo/UBERON_0005866>	"EHDAA2:0003150"
<http://purl.obolibrary.org/obo/GO_0048609>	"Reactome:R-HSA-1474165"
<http://purl.obolibrary.org/obo/UBERON_0014793>	"EMAPA:37861"
<http://purl.obolibrary.org/obo/UBERON_0014793>	"FMA:71296"
<http://purl.obolibrary.org/obo/UBERON_0001630>	"OpenCyc:Mx4rv2kf-5wpEbGdrcN5Y29ycA"
<http://purl.obolibrary.org/obo/UBERON_0001630>	"galen:Muscle"
<http://purl.obolibrary.org/obo/UBERON_0001630>	"VHOG:0001245"
<http://purl.obolibrary.org/obo/UBERON_0001630>	"EMAPA:37474"
<http://purl.obolibrary.org/obo/UBERON_0001630>	"ZFA:0005145"
<http://purl.obolibrary.org/obo/UBERON_0001630>	<http://www.snomedbrowser.com/Codes/Details/71616004>
<http://purl.obolibrary.org/obo/UBERON_0001630>	"GAID:131"
<http://purl.obolibrary.org/obo/UBERON_0001630>	"MA:0000015"
<http://purl.obolibrary.org/obo/UBERON_0001630>	"EMAPA:32715"
<http://purl.obolibrary.org/obo/UBERON_0001630>	"EV:0100146"
<http://purl.obolibrary.org/obo/UBERON_0001630>	"AAO:0011066"
<http://purl.obolibrary.org/obo/UBERON_0001630>	"XAO:0000172"
<http://purl.obolibrary.org/obo/UBERON_0001630>	"FMA:5022"
<http://purl.obolibrary.org/obo/UBERON_0001630>	"TAO:0005145"
<http://purl.obolibrary.org/obo/UBERON_0001630>	"SCTID:71616004"
<http://purl.obolibrary.org/obo/UBERON_0005316>	"FMA:83596"
<http://purl.obolibrary.org/obo/UBERON_0004522>	"FMA:239607"
<http://purl.obolibrary.org/obo/PATO_0001018>	"Wikipedia:Physical_property"
<http://purl.obolibrary.org/obo/CL_0000514>	"FMA:84798"
<http://purl.obolibrary.org/obo/CL_0000514>	"https://cellxgene.cziscience.com/cellguide/CL_0000514"
<http://purl.obolibrary.org/obo/UBERON_0001021>	"EV:0100371"
<http://purl.obolibrary.org/obo/UBERON_0001021>	"NCIT:C12466"
<http://purl.obolibrary.org/obo/UBERON_0001021>	"MA:0000217"
<http://purl.obolibrary.org/obo/UBERON_0001021>	"EMAPA:32808"
<http://purl.obolibrary.org/obo/UBERON_0001021>	<http://linkedlifedata.com/resource/umls/id/C0027740>
<http://purl.obolibrary.org/obo/UBERON_0001021>	"TAO:0007009"
<http://purl.obolibrary.org/obo/UBERON_0001021>	"EHDAA:3776"
<http://purl.obolibrary.org/obo/UBERON_0001021>	"EHDAA:4657"
<http://purl.obolibrary.org/obo/UBERON_0001021>	"MESH:D010525"
<http://purl.obolibrary.org/obo/UBERON_0001021>	<http://www.snomedbrowser.com/Codes/Details/256864008>
<http://purl.obolibrary.org/obo/UBERON_0001021>	<http://en.wikipedia.org/wiki/Nervous_system>
<http://purl.obolibrary.org/obo/UBERON_0001021>	"BIRNLEX:1615"
<http://purl.obolibrary.org/obo/UBERON_0001021>	"NCIT:C12768"
<http://purl.obolibrary.org/obo/UBERON_0001021>	"NLX:147826"
<http://purl.obolibrary.org/obo/UBERON_0001021>	"XAO:0003047"
<http://purl.obolibrary.org/obo/UBERON_0001021>	"FMA:65132"
<http://purl.obolibrary.org/obo/UBERON_0001021>	"FMA:65239"
<http://purl.obolibrary.org/obo/UBERON_0001021>	"BSA:0000098"
<http://purl.obolibrary.org/obo/UBERON_0001021>	"GAID:747"
<http://purl.obolibrary.org/obo/UBERON_0001021>	"MA:0000228"
<http://purl.obolibrary.org/obo/UBERON_0001021>	"BTO:0001027"
<http://purl.obolibrary.org/obo/UBERON_0001021>	"BAMS:n"
<http://purl.obolibrary.org/obo/UBERON_0001021>	"EMAPA:32815"
<http://purl.obolibrary.org/obo/UBERON_0001021>	"XAO:0000204"
<http://purl.obolibrary.org/obo/UBERON_0001021>	<http://www.snomedbrowser.com/Codes/Details/244457007>
<http://purl.obolibrary.org/obo/UBERON_0001021>	"EHDAA:2851"
<http://purl.obolibrary.org/obo/UBERON_0001021>	"GAID:758"
<http://purl.obolibrary.org/obo/UBERON_0001021>	"EHDAA2:0003137"
<http://purl.obolibrary.org/obo/UBERON_0001021>	"FBbt:00005105"
<http://purl.obolibrary.org/obo/UBERON_0001021>	"AEO:0000137"
<http://purl.obolibrary.org/obo/UBERON_0001021>	<http://linkedlifedata.com/resource/umls/id/C0031119>
<http://purl.obolibrary.org/obo/UBERON_0001021>	"UMLS:C0031119"
<http://purl.obolibrary.org/obo/UBERON_0001021>	"galen:Nerve"
<http://purl.obolibrary.org/obo/UBERON_0001021>	"VHOG:0000901"
<http://purl.obolibrary.org/obo/UBERON_0001021>	"BTO:0000925"
<http://purl.obolibrary.org/obo/UBERON_0001021>	"UMLS:C0027740"
<http://purl.obolibrary.org/obo/UBERON_0001021>	"ZFA:0007009"
<http://purl.obolibrary.org/obo/UBERON_0001021>	"CALOHA:TS-0772"
<http://purl.obolibrary.org/obo/UBERON_0001021>	"AAO:0011070"
<http://purl.obolibrary.org/obo/UBERON_0001021>	"OpenCyc:Mx4rwP3lkpwpEbGdrcN5Y29ycA"
<http://purl.obolibrary.org/obo/UBERON_0001021>	"SCTID:244457007"
<http://purl.obolibrary.org/obo/UBERON_0001021>	"SCTID:256864008"
<http://purl.obolibrary.org/obo/UBERON_0001021>	"Wikipedia:Nervous_system"
<http://purl.obolibrary.org/obo/UBERON_0007592>	"FMA:64798"
<http://purl.obolibrary.org/obo/UBERON_0001638>	"TAO:0000082"
<http://purl.obolibrary.org/obo/UBERON_0001638>	"MIAA:0000037"
<http://purl.obolibrary.org/obo/UBERON_0001638>	"CALOHA:TS-1108"
<http://purl.obolibrary.org/obo/UBERON_0001638>	"UMLS:C0042449"
<http://purl.obolibrary.org/obo/UBERON_0001638>	"BTO:0000234"
<http://purl.obolibrary.org/obo/UBERON_0001638>	"EV:0100031"
<http://purl.obolibrary.org/obo/UBERON_0001638>	"NCIT:C12814"
<http://purl.obolibrary.org/obo/UBERON_0001638>	"EHDAA2:0003254"
<http://purl.obolibrary.org/obo/UBERON_0001638>	<http://en.wikipedia.org/wiki/Vein>
<http://purl.obolibrary.org/obo/UBERON_0001638>	<http://linkedlifedata.com/resource/umls/id/C0042449>
<http://purl.obolibrary.org/obo/UBERON_0001638>	<http://www.snomedbrowser.com/Codes/Details/181367001>
<http://purl.obolibrary.org/obo/UBERON_0001638>	"GAID:492"
<http://purl.obolibrary.org/obo/UBERON_0001638>	"ZFA:0000082"
<http://purl.obolibrary.org/obo/UBERON_0001638>	"galen:Vein"
<http://purl.obolibrary.org/obo/UBERON_0001638>	"MAT:0000037"
<http://purl.obolibrary.org/obo/UBERON_0001638>	"OpenCyc:Mx4rvVjkWpwpEbGdrcN5Y29ycA"
<http://purl.obolibrary.org/obo/UBERON_0001638>	"EMAPA:35906"
<http://purl.obolibrary.org/obo/UBERON_0001638>	"FMA:50723"
<http://purl.obolibrary.org/obo/UBERON_0001638>	"EFO:0000816"
<http://purl.obolibrary.org/obo/UBERON_0001638>	"MESH:D014680"
<http://purl.obolibrary.org/obo/UBERON_0001638>	"XAO:0000115"
<http://purl.obolibrary.org/obo/UBERON_0001638>	"MA:0000067"
<http://purl.obolibrary.org/obo/UBERON_0001638>	"AEO:0000209"
<http://purl.obolibrary.org/obo/UBERON_0001638>	"VHOG:0001743"
<http://purl.obolibrary.org/obo/UBERON_0001638>	"AAO:0010212"
<http://purl.obolibrary.org/obo/UBERON_0001638>	"SCTID:181367001"
<http://purl.obolibrary.org/obo/UBERON_0001638>	"Wikipedia:Vein"
<http://purl.obolibrary.org/obo/UBERON_0003852>	"EMAPA:35747"
<http://purl.obolibrary.org/obo/UBERON_0003852>	"VHOG:0001210"
<http://purl.obolibrary.org/obo/UBERON_0003852>	"TAO:0007063"
<http://purl.obolibrary.org/obo/UBERON_0003852>	"ZFA:0007063"
<http://purl.obolibrary.org/obo/UBERON_0003852>	"EHDAA:362"
<http://purl.obolibrary.org/obo/UBERON_0003852>	"EHDAA2:0001628"
<http://purl.obolibrary.org/obo/UBERON_0011824>	"FMA:75634"
<http://purl.obolibrary.org/obo/UBERON_0011824>	<http://www.snomedbrowser.com/Codes/Details/363130003>
<http://purl.obolibrary.org/obo/UBERON_0011824>	"SCTID:363130003"
<http://purl.obolibrary.org/obo/UBERON_0036186>	"FMA:83520"
<http://purl.obolibrary.org/obo/UBERON_0003294>	"VHOG:0000650"
<http://purl.obolibrary.org/obo/UBERON_0003294>	"EHDAA2:0000567"
<http://purl.obolibrary.org/obo/UBERON_0003294>	"EMAPA:16557"
<http://purl.obolibrary.org/obo/UBERON_0003294>	"EHDAA:950"
<http://purl.obolibrary.org/obo/UBERON_0005662>	"EMAPA:16762"
<http://purl.obolibrary.org/obo/UBERON_0005662>	"EHDAA2:0004032"
<http://purl.obolibrary.org/obo/UBERON_0005662>	"EMAPA:16768"
<http://purl.obolibrary.org/obo/UBERON_0005662>	"VHOG:0001095"
<http://purl.obolibrary.org/obo/UBERON_0005662>	"EMAPA:16764"
<http://purl.obolibrary.org/obo/UBERON_0005662>	"RETIRED_EHDAA2:0000094"
<http://purl.obolibrary.org/obo/UBERON_0004356>	"ZFA:0001702"
<http://purl.obolibrary.org/obo/UBERON_0004356>	"XAO:0004121"
<http://purl.obolibrary.org/obo/UBERON_0004356>	"EMAPA:32744"
<http://purl.obolibrary.org/obo/UBERON_0004356>	<http://linkedlifedata.com/resource/umls/id/C1516037>
<http://purl.obolibrary.org/obo/UBERON_0004356>	"NCIT:C34109"
<http://purl.obolibrary.org/obo/UBERON_0004356>	<http://en.wikipedia.org/wiki/Apical_ectodermal_ridge>
<http://purl.obolibrary.org/obo/UBERON_0004356>	"UMLS:C1516037"
<http://purl.obolibrary.org/obo/UBERON_0004356>	"AAO:0010760"
<http://purl.obolibrary.org/obo/UBERON_0004356>	"TAO:0002146"
<http://purl.obolibrary.org/obo/UBERON_0004356>	"Wikipedia:Apical_ectodermal_ridge"
<http://purl.obolibrary.org/obo/UBERON_0013686>	"FMA:9338"
<http://purl.obolibrary.org/obo/UBERON_0034995>	"EMAPA:35454"
<http://purl.obolibrary.org/obo/UBERON_0034995>	"EMAPA:32907"
<http://purl.obolibrary.org/obo/GO_0043227>	"NIF_Subcellular:sao414196390"
<http://purl.obolibrary.org/obo/UBERON_0007098>	"ZFA:0007064"
<http://purl.obolibrary.org/obo/UBERON_0007098>	"XAO:0000024"
<http://purl.obolibrary.org/obo/UBERON_0007098>	"TAO:0007064"
<http://purl.obolibrary.org/obo/UBERON_0010339>	"EHDAA2:0000036"
<http://purl.obolibrary.org/obo/UBERON_0016522>	"FMA:11359"
<http://purl.obolibrary.org/obo/UBERON_0016522>	"EMAPA:26020"
<http://purl.obolibrary.org/obo/UBERON_0000064>	"EFO:0000635"
<http://purl.obolibrary.org/obo/UBERON_0000064>	<http://www.snomedbrowser.com/Codes/Details/91717005>
<http://purl.obolibrary.org/obo/UBERON_0000064>	"AAO:0011124"
<http://purl.obolibrary.org/obo/UBERON_0000064>	"BIRNLEX:16"
<http://purl.obolibrary.org/obo/UBERON_0000064>	<http://www.snomedbrowser.com/Codes/Details/113343008>
<http://purl.obolibrary.org/obo/UBERON_0000064>	"FMA:82472"
<http://purl.obolibrary.org/obo/UBERON_0000064>	"SCTID:113343008"
<http://purl.obolibrary.org/obo/UBERON_0000064>	"SCTID:91717005"
<http://purl.obolibrary.org/obo/UBERON_0002523>	"NCIT:C33820"
<http://purl.obolibrary.org/obo/UBERON_0002523>	"MESH:D017539"
<http://purl.obolibrary.org/obo/UBERON_0002523>	"EMAPA:36297"
<http://purl.obolibrary.org/obo/UBERON_0002523>	<http://www.snomedbrowser.com/Codes/Details/87483006>
<http://purl.obolibrary.org/obo/UBERON_0002523>	"UMLS:C0162864"
<http://purl.obolibrary.org/obo/UBERON_0002523>	<http://linkedlifedata.com/resource/umls/id/C0162864>
<http://purl.obolibrary.org/obo/UBERON_0002523>	"BTO:0002012"
<http://purl.obolibrary.org/obo/UBERON_0002523>	"FMA:55589"
<http://purl.obolibrary.org/obo/UBERON_0002523>	<http://en.wikipedia.org/wiki/Tunica_intima>
<http://purl.obolibrary.org/obo/UBERON_0002523>	"MA:0002861"
<http://purl.obolibrary.org/obo/UBERON_0002523>	"GAID:523"
<http://purl.obolibrary.org/obo/UBERON_0002523>	<http://www.snomedbrowser.com/Codes/Details/8361002>
<http://purl.obolibrary.org/obo/UBERON_0002523>	"SCTID:8361002"
<http://purl.obolibrary.org/obo/UBERON_0002523>	"Wikipedia:Tunica_intima"
<http://purl.obolibrary.org/obo/UBERON_0002523>	"SCTID:87483006"
<http://purl.obolibrary.org/obo/UBERON_0001013>	"FMA:20110"
<http://purl.obolibrary.org/obo/UBERON_0001013>	"MAT:0000015"
<http://purl.obolibrary.org/obo/UBERON_0001013>	"XAO:0003049"
<http://purl.obolibrary.org/obo/UBERON_0001013>	"EHDAA2:0003120"
<http://purl.obolibrary.org/obo/UBERON_0001013>	"MIAA:0000015"
<http://purl.obolibrary.org/obo/UBERON_0001013>	"VHOG:0001284"
<http://purl.obolibrary.org/obo/UBERON_0001013>	"TAO:0002134"
<http://purl.obolibrary.org/obo/UBERON_0001013>	"AAO:0000001"
<http://purl.obolibrary.org/obo/UBERON_0001013>	<http://en.wikipedia.org/wiki/Adipose_tissue>
<http://purl.obolibrary.org/obo/UBERON_0001013>	"OpenCyc:Mx4rvVjc_ZwpEbGdrcN5Y29ycA"
<http://purl.obolibrary.org/obo/UBERON_0001013>	"NCIT:C12472"
<http://purl.obolibrary.org/obo/UBERON_0001013>	"MA:0000009"
<http://purl.obolibrary.org/obo/UBERON_0001013>	"ZFA:0005345"
<http://purl.obolibrary.org/obo/UBERON_0001013>	"EV:0100381"
<http://purl.obolibrary.org/obo/UBERON_0001013>	"GAID:920"
<http://purl.obolibrary.org/obo/UBERON_0001013>	<http://www.snomedbrowser.com/Codes/Details/55603005>
<http://purl.obolibrary.org/obo/UBERON_0001013>	"AEO:000020"
<http://purl.obolibrary.org/obo/UBERON_0001013>	"EMAPA:35112"
<http://purl.obolibrary.org/obo/UBERON_0001013>	"MESH:D000273"
<http://purl.obolibrary.org/obo/UBERON_0001013>	"UMLS:C0001527"
<http://purl.obolibrary.org/obo/UBERON_0001013>	<http://linkedlifedata.com/resource/umls/id/C0001527>
<http://purl.obolibrary.org/obo/UBERON_0001013>	"EFO:0000790"
<http://purl.obolibrary.org/obo/UBERON_0001013>	"CALOHA:TS-0013"
<http://purl.obolibrary.org/obo/UBERON_0001013>	"BTO:0001487"
<http://purl.obolibrary.org/obo/UBERON_0001013>	"galen:FattyTissue"
<http://purl.obolibrary.org/obo/UBERON_0001013>	"Wikipedia:Adipose_tissue"
<http://purl.obolibrary.org/obo/UBERON_0001013>	"SCTID:55603005"
<http://purl.obolibrary.org/obo/UBERON_0003099>	"AAO:0010580"
<http://purl.obolibrary.org/obo/UBERON_0003099>	"XAO:0001001"
<http://purl.obolibrary.org/obo/UBERON_0003099>	"TAO:0001194"
<http://purl.obolibrary.org/obo/UBERON_0003099>	"EHDAA2:0004420"
<http://purl.obolibrary.org/obo/UBERON_0003099>	"EMAPA:16091"
<http://purl.obolibrary.org/obo/UBERON_0003099>	"ZFA:0001194"
<http://purl.obolibrary.org/obo/UBERON_0003099>	"VHOG:0000063"
<http://purl.obolibrary.org/obo/UBERON_0003099>	<http://en.wikipedia.org/wiki/Cranial_neural_crest>
<http://purl.obolibrary.org/obo/UBERON_0003099>	"EFO:0003645"
<http://purl.obolibrary.org/obo/UBERON_0003099>	"Wikipedia:Cranial_neural_crest"
<http://purl.obolibrary.org/obo/UBERON_0005598>	"AAO:0010385"
<http://purl.obolibrary.org/obo/UBERON_0005598>	"EMAPA:16184"
<http://purl.obolibrary.org/obo/UBERON_0005598>	"XAO:0000314"
<http://purl.obolibrary.org/obo/UBERON_0005598>	"EHDAA2:0003438"
<http://purl.obolibrary.org/obo/GO_0030097>	"Wikipedia:Haematopoiesis"
<http://purl.obolibrary.org/obo/GO_2000145>	"Reactome:R-HSA-6785631"
<http://purl.obolibrary.org/obo/UBERON_0004060>	"EMAPA_RETIRED:16783"
<http://purl.obolibrary.org/obo/UBERON_0004060>	"MA:0003193"
<http://purl.obolibrary.org/obo/UBERON_0004060>	"EMAPA:35362"
<http://purl.obolibrary.org/obo/UBERON_0004060>	"EMAPA:17152"
<http://purl.obolibrary.org/obo/UBERON_0000475>	"TAO:0001308"
<http://purl.obolibrary.org/obo/UBERON_0000475>	"XAO:0003013"
<http://purl.obolibrary.org/obo/UBERON_0000475>	<http://en.wikipedia.org/wiki/Body_part>
<http://purl.obolibrary.org/obo/UBERON_0000475>	"AAO:0010053"
<http://purl.obolibrary.org/obo/UBERON_0000475>	"BILA:0000032"
<http://purl.obolibrary.org/obo/UBERON_0000475>	"MIAA:0000293"
<http://purl.obolibrary.org/obo/UBERON_0000475>	"CARO:0000032"
<http://purl.obolibrary.org/obo/UBERON_0000475>	"MA:0002433"
<http://purl.obolibrary.org/obo/UBERON_0000475>	"MESH:D001829"
<http://purl.obolibrary.org/obo/UBERON_0000475>	"UMLS:C0229962"
<http://purl.obolibrary.org/obo/UBERON_0000475>	"galen:BodyPart"
<http://purl.obolibrary.org/obo/UBERON_0000475>	"TGMA:0001840"
<http://purl.obolibrary.org/obo/UBERON_0000475>	<http://linkedlifedata.com/resource/umls/id/C0229962>
<http://purl.obolibrary.org/obo/UBERON_0000475>	"FMA:7153"
<http://purl.obolibrary.org/obo/UBERON_0000475>	"AEO:0000032"
<http://purl.obolibrary.org/obo/UBERON_0000475>	"CALOHA:TS-2084"
<http://purl.obolibrary.org/obo/UBERON_0000475>	"HAO:0000032"
<http://purl.obolibrary.org/obo/UBERON_0000475>	"VHOG:0001758"
<http://purl.obolibrary.org/obo/UBERON_0000475>	"FBbt:00007009"
<http://purl.obolibrary.org/obo/UBERON_0000475>	"OpenCyc:Mx4rvViAHJwpEbGdrcN5Y29ycA"
<http://purl.obolibrary.org/obo/UBERON_0000475>	"ZFA:0001308"
<http://purl.obolibrary.org/obo/UBERON_0000475>	"EMAPA:36031"
<http://purl.obolibrary.org/obo/UBERON_0000475>	"NCIT:C32221"
<http://purl.obolibrary.org/obo/UBERON_0000475>	"MAT:0000293"
<http://purl.obolibrary.org/obo/UBERON_0000475>	"EFO:0000808"
<http://purl.obolibrary.org/obo/UBERON_0000475>	"EHDAA2:0003032"
<http://purl.obolibrary.org/obo/UBERON_0000475>	"BIRNLEX:7"
<http://purl.obolibrary.org/obo/UBERON_0000475>	"Wikipedia:Body_part"
<http://purl.obolibrary.org/obo/UBERON_0035553>	<http://www.snomedbrowser.com/Codes/Details/362008007>
<http://purl.obolibrary.org/obo/UBERON_0035553>	"FMA:7166"
<http://purl.obolibrary.org/obo/UBERON_0035553>	"SCTID:362008007"
<http://purl.obolibrary.org/obo/UBERON_0001456>	"MESH:D005145"
<http://purl.obolibrary.org/obo/UBERON_0001456>	<http://www.snomedbrowser.com/Codes/Details/302549007>
<http://purl.obolibrary.org/obo/UBERON_0001456>	<http://linkedlifedata.com/resource/umls/id/C0015450>
<http://purl.obolibrary.org/obo/UBERON_0001456>	"UMLS:C0015450"
<http://purl.obolibrary.org/obo/UBERON_0001456>	"EMAPA:32763"
<http://purl.obolibrary.org/obo/UBERON_0001456>	"NCIT:C13071"
<http://purl.obolibrary.org/obo/UBERON_0001456>	"MA:0002473"
<http://purl.obolibrary.org/obo/UBERON_0001456>	"HAO:0000316"
<http://purl.obolibrary.org/obo/UBERON_0001456>	"CALOHA:TS-2216"
<http://purl.obolibrary.org/obo/UBERON_0001456>	"galen:Face"
<http://purl.obolibrary.org/obo/UBERON_0001456>	"GAID:64"
<http://purl.obolibrary.org/obo/UBERON_0001456>	<http://en.wikipedia.org/wiki/Face>
<http://purl.obolibrary.org/obo/UBERON_0001456>	"BTO:0003369"
<http://purl.obolibrary.org/obo/UBERON_0001456>	"OpenCyc:Mx4rvVi5GZwpEbGdrcN5Y29ycA"
<http://purl.obolibrary.org/obo/UBERON_0001456>	"FMA:24728"
<http://purl.obolibrary.org/obo/UBERON_0001456>	"SCTID:302549007"
<http://purl.obolibrary.org/obo/UBERON_0001456>	"Wikipedia:Face"
<http://purl.obolibrary.org/obo/UBERON_0010192>	<http://en.wikipedia.org/wiki/Gonadal_artery>
<http://purl.obolibrary.org/obo/UBERON_0010192>	"Wikipedia:Gonadal_artery"
<http://purl.obolibrary.org/obo/UBERON_0007243>	"EV:0100033"
<http://purl.obolibrary.org/obo/UBERON_0007243>	<http://www.snomedbrowser.com/Codes/Details/42049001>
<http://purl.obolibrary.org/obo/UBERON_0007243>	"EMAPA:36309"
<http://purl.obolibrary.org/obo/UBERON_0007243>	"FMA:14354"
<http://purl.obolibrary.org/obo/UBERON_0007243>	"SCTID:42049001"
<http://purl.obolibrary.org/obo/UBERON_0004185>	"EMAPA:32930"
<http://purl.obolibrary.org/obo/UBERON_0010323>	"TAO:0000737"
<http://purl.obolibrary.org/obo/UBERON_0010323>	"AAO:0010185"
<http://purl.obolibrary.org/obo/UBERON_0010323>	"AAO:0000971"
<http://purl.obolibrary.org/obo/UBERON_0010323>	"AAO:0000109"
<http://purl.obolibrary.org/obo/UBERON_0010323>	"VSAO:0000049"
<http://purl.obolibrary.org/obo/UBERON_0010323>	"ZFA:0000737"
<http://purl.obolibrary.org/obo/UBERON_0010323>	"XAO:0003075"
<http://purl.obolibrary.org/obo/UBERON_0016509>	"FMA:9291"
<http://purl.obolibrary.org/obo/UBERON_0016509>	"EMAPA:26047"
<http://purl.obolibrary.org/obo/UBERON_0001514>	"NCIT:C32455"
<http://purl.obolibrary.org/obo/UBERON_0001514>	<http://en.wikipedia.org/wiki/Descending_aorta>
<http://purl.obolibrary.org/obo/UBERON_0001514>	"OpenCyc:Mx4rv4EE35wpEbGdrcN5Y29ycA"
<http://purl.obolibrary.org/obo/UBERON_0001514>	"MA:0002571"
<http://purl.obolibrary.org/obo/UBERON_0001514>	<http://linkedlifedata.com/resource/umls/id/C0011666>
<http://purl.obolibrary.org/obo/UBERON_0001514>	"EMAPA:18606"
<http://purl.obolibrary.org/obo/UBERON_0001514>	"UMLS:C0011666"
<http://purl.obolibrary.org/obo/UBERON_0001514>	"FMA:3784"
<http://purl.obolibrary.org/obo/UBERON_0001514>	<http://www.snomedbrowser.com/Codes/Details/261399002>
<http://purl.obolibrary.org/obo/UBERON_0001514>	"SCTID:261399002"
<http://purl.obolibrary.org/obo/UBERON_0001514>	"Wikipedia:Descending_aorta"
<http://purl.obolibrary.org/obo/UBERON_0016888>	"AEO:0000132"
<http://purl.obolibrary.org/obo/UBERON_0004470>	"AAO:0000427"
<http://purl.obolibrary.org/obo/UBERON_0004470>	"FMA:50248"
<http://purl.obolibrary.org/obo/UBERON_0004470>	"EHDAA2:0001429"
<http://purl.obolibrary.org/obo/UBERON_0004470>	"EMAPA:18184"
<http://purl.obolibrary.org/obo/UBERON_0004470>	"FMA:50205"
<http://purl.obolibrary.org/obo/UBERON_0015783>	"FMA:77862"
<http://purl.obolibrary.org/obo/UBERON_0035819>	"FMA:12267"
<http://purl.obolibrary.org/obo/UBERON_0035819>	<http://en.wikipedia.org/wiki/Abdominopelvic_cavity>
<http://purl.obolibrary.org/obo/UBERON_0035819>	"Wikipedia:Abdominopelvic_cavity"
<http://purl.obolibrary.org/obo/UBERON_0011595>	"NCIT:C114916"
<http://purl.obolibrary.org/obo/UBERON_0011595>	"EMAPA:32905"
<http://purl.obolibrary.org/obo/UBERON_0001068>	"MA:0000498"
<http://purl.obolibrary.org/obo/UBERON_0001068>	"FMA:22985"
<http://purl.obolibrary.org/obo/UBERON_0001068>	"FMA:10462"
<http://purl.obolibrary.org/obo/UBERON_0001068>	<http://www.snomedbrowser.com/Codes/Details/181492002>
<http://purl.obolibrary.org/obo/UBERON_0001068>	"EMAPA:36392"
<http://purl.obolibrary.org/obo/UBERON_0001068>	"SCTID:181492002"
<http://purl.obolibrary.org/obo/UBERON_0006268>	"VHOG:0001213"
<http://purl.obolibrary.org/obo/UBERON_0006268>	"EHDAA2:0001279"
<http://purl.obolibrary.org/obo/UBERON_0006268>	"UMLS:C1518430"
<http://purl.obolibrary.org/obo/UBERON_0006268>	"EHDAA:224"
<http://purl.obolibrary.org/obo/UBERON_0006268>	"NCIT:C34232"
<http://purl.obolibrary.org/obo/UBERON_0006268>	"EMAPA:16102"
<http://purl.obolibrary.org/obo/UBERON_0006268>	"FMA:293135"
<http://purl.obolibrary.org/obo/UBERON_0006268>	<http://linkedlifedata.com/resource/umls/id/C1518430>
<http://purl.obolibrary.org/obo/CL_1000409>	"FMA:67102"
<http://purl.obolibrary.org/obo/CL_0000763>	"CALOHA:TS-0647"
<http://purl.obolibrary.org/obo/CL_0000763>	"BTO:0001441"
<http://purl.obolibrary.org/obo/CL_0000763>	"MESH:D022423"
<http://purl.obolibrary.org/obo/UBERON_0002350>	"EMAPA:35428"
<http://purl.obolibrary.org/obo/UBERON_0002350>	"EFO:0003909"
<http://purl.obolibrary.org/obo/UBERON_0002350>	"MA:0000094"
<http://purl.obolibrary.org/obo/UBERON_0002350>	"FMA:9476"
<http://purl.obolibrary.org/obo/UBERON_0002350>	"EV:0100025"
<http://purl.obolibrary.org/obo/UBERON_0002350>	"EHDAA2:0004185"
<http://purl.obolibrary.org/obo/UBERON_0002350>	<http://www.snomedbrowser.com/Codes/Details/281489000>
<http://purl.obolibrary.org/obo/UBERON_0002350>	"VHOG:0001271"
<http://purl.obolibrary.org/obo/UBERON_0002350>	"TAO:0005063"
<http://purl.obolibrary.org/obo/UBERON_0002350>	"ZFA:0005063"
<http://purl.obolibrary.org/obo/UBERON_0002350>	"MESH:D006329"
<http://purl.obolibrary.org/obo/UBERON_0002350>	"SCTID:281489000"
<http://purl.obolibrary.org/obo/GO_0005604>	"Wikipedia:Basement_membrane"
<http://purl.obolibrary.org/obo/UBERON_0010227>	"TAO:0002228"
<http://purl.obolibrary.org/obo/UBERON_0010227>	"FMA:71005"
<http://purl.obolibrary.org/obo/UBERON_0010227>	"ZFA:0001718"
<http://purl.obolibrary.org/obo/CL_0000573>	"CALOHA:TS-0866"
<http://purl.obolibrary.org/obo/CL_0000573>	"BTO:0001036"
<http://purl.obolibrary.org/obo/CL_0000573>	"FMA:67748"
<http://purl.obolibrary.org/obo/UBERON_0004807>	"VHOG:0000981"
<http://purl.obolibrary.org/obo/UBERON_0004807>	"EMAPA:32826"
<http://purl.obolibrary.org/obo/UBERON_0004807>	"CALOHA:TS-0023"
<http://purl.obolibrary.org/obo/UBERON_0004807>	"MA:0001823"
<http://purl.obolibrary.org/obo/UBERON_0001497>	"MA:0000537"
<http://purl.obolibrary.org/obo/UBERON_0001497>	"FMA:37367"
<http://purl.obolibrary.org/obo/UBERON_0001497>	"EMAPA:18185"
<http://purl.obolibrary.org/obo/UBERON_0001497>	"EHDAA:8326"
<http://purl.obolibrary.org/obo/UBERON_0001497>	"RETIRED_EHDAA2:0001430"
<http://purl.obolibrary.org/obo/UBERON_0001497>	"EMAPA:18184"
<http://purl.obolibrary.org/obo/UBERON_0004177>	"BTO:0004605"
<http://purl.obolibrary.org/obo/UBERON_0004177>	"FMA:7143"
<http://purl.obolibrary.org/obo/UBERON_0004177>	"MA:0000747"
<http://purl.obolibrary.org/obo/UBERON_0004177>	<http://www.snomedbrowser.com/Codes/Details/361338006>
<http://purl.obolibrary.org/obo/UBERON_0004177>	"EMAPA:37665"
<http://purl.obolibrary.org/obo/UBERON_0004177>	"SCTID:361338006"
<http://purl.obolibrary.org/obo/UBERON_0006761>	<http://www.snomedbrowser.com/Codes/Details/63716004>
<http://purl.obolibrary.org/obo/UBERON_0006761>	"FMA:58342"
<http://purl.obolibrary.org/obo/UBERON_0006761>	<http://en.wikipedia.org/wiki/Corneal_limbus>
<http://purl.obolibrary.org/obo/UBERON_0006761>	"GAID:896"
<http://purl.obolibrary.org/obo/UBERON_0006761>	"MESH:D016850"
<http://purl.obolibrary.org/obo/UBERON_0006761>	"EFO:0001403"
<http://purl.obolibrary.org/obo/UBERON_0006761>	"ZFA:0005570"
<http://purl.obolibrary.org/obo/UBERON_0006761>	"EMAPA:37835"
<http://purl.obolibrary.org/obo/UBERON_0006761>	"Wikipedia:Corneal_limbus"
<http://purl.obolibrary.org/obo/UBERON_0006761>	"SCTID:63716004"
<http://purl.obolibrary.org/obo/CHEBI_37395>	"KEGG:C05114"
<http://purl.obolibrary.org/obo/UBERON_0010378>	"EHDAA2:0001122"
<http://purl.obolibrary.org/obo/UBERON_0003497>	"MA:0000518"
<http://purl.obolibrary.org/obo/UBERON_0036215>	"ZFA:0005594"
<http://purl.obolibrary.org/obo/UBERON_0036215>	"AAO:0010270"
<http://purl.obolibrary.org/obo/UBERON_0036215>	"AEO:0000154"
<http://purl.obolibrary.org/obo/UBERON_0001136>	"EHDAA:2331"
<http://purl.obolibrary.org/obo/UBERON_0001136>	"EHDAA:2349"
<http://purl.obolibrary.org/obo/UBERON_0001136>	"MA:0000565"
<http://purl.obolibrary.org/obo/UBERON_0001136>	"AEO:0000111"
<http://purl.obolibrary.org/obo/UBERON_0001136>	"CALOHA:TS-1183"
<http://purl.obolibrary.org/obo/UBERON_0001136>	"EMAPA:32856"
<http://purl.obolibrary.org/obo/UBERON_0001136>	"EHDAA:646"
<http://purl.obolibrary.org/obo/UBERON_0001136>	<http://linkedlifedata.com/resource/umls/id/C0086610>
<http://purl.obolibrary.org/obo/UBERON_0001136>	"EHDAA:640"
<http://purl.obolibrary.org/obo/UBERON_0001136>	<http://en.wikipedia.org/wiki/Mesothelium>
<http://purl.obolibrary.org/obo/UBERON_0001136>	"FMA:14074"
<http://purl.obolibrary.org/obo/UBERON_0001136>	"EHDAA:295"
<http://purl.obolibrary.org/obo/UBERON_0001136>	"NCIT:C33105"
<http://purl.obolibrary.org/obo/UBERON_0001136>	"UMLS:C0086610"
<http://purl.obolibrary.org/obo/UBERON_0001136>	"EHDAA:6073"
<http://purl.obolibrary.org/obo/UBERON_0001136>	"EHDAA2_RETIRED:0003111"
<http://purl.obolibrary.org/obo/UBERON_0001136>	<http://www.snomedbrowser.com/Codes/Details/361918002>
<http://purl.obolibrary.org/obo/UBERON_0001136>	"BTO:0002422"
<http://purl.obolibrary.org/obo/UBERON_0001136>	"SCTID:361918002"
<http://purl.obolibrary.org/obo/UBERON_0001136>	"Wikipedia:Mesothelium"
<http://purl.obolibrary.org/obo/UBERON_0000167>	"TGMA:0000102"
<http://purl.obolibrary.org/obo/UBERON_0000167>	<http://linkedlifedata.com/resource/umls/id/C0226896>
<http://purl.obolibrary.org/obo/UBERON_0000167>	"NCIT:C12421"
<http://purl.obolibrary.org/obo/UBERON_0000167>	"EFO:0001975"
<http://purl.obolibrary.org/obo/UBERON_0000167>	"EHDAA:6970"
<http://purl.obolibrary.org/obo/UBERON_0000167>	"VHOG:0000188"
<http://purl.obolibrary.org/obo/UBERON_0000167>	"TAO:0001027"
<http://purl.obolibrary.org/obo/UBERON_0000167>	"EMAPA:18399"
<http://purl.obolibrary.org/obo/UBERON_0000167>	"AAO:0000960"
<http://purl.obolibrary.org/obo/UBERON_0000167>	"UMLS:C0226896"
<http://purl.obolibrary.org/obo/UBERON_0000167>	"HAO:0000669"
<http://purl.obolibrary.org/obo/UBERON_0000167>	"CALOHA:TS-1315"
<http://purl.obolibrary.org/obo/UBERON_0000167>	"XAO:0000126"
<http://purl.obolibrary.org/obo/UBERON_0000167>	"EHDAA2:0001324"
<http://purl.obolibrary.org/obo/UBERON_0000167>	"BSA:0000107"
<http://purl.obolibrary.org/obo/UBERON_0000167>	"AAO:0000053"
<http://purl.obolibrary.org/obo/UBERON_0000167>	<http://www.snomedbrowser.com/Codes/Details/181220002>
<http://purl.obolibrary.org/obo/UBERON_0000167>	"ZFA:0001027"
<http://purl.obolibrary.org/obo/UBERON_0000167>	"WBbt:0005255"
<http://purl.obolibrary.org/obo/UBERON_0000167>	"EV:0100057"
<http://purl.obolibrary.org/obo/UBERON_0000167>	"FMA:20292"
<http://purl.obolibrary.org/obo/UBERON_0000167>	"EMAPA:17411"
<http://purl.obolibrary.org/obo/UBERON_0000167>	"SCTID:181220002"
<http://purl.obolibrary.org/obo/UBERON_0002167>	"EHDAA2:0001730"
<http://purl.obolibrary.org/obo/UBERON_0002167>	<http://en.wikipedia.org/wiki/Right_lung>
<http://purl.obolibrary.org/obo/UBERON_0002167>	"EMAPA:17661"
<http://purl.obolibrary.org/obo/UBERON_0002167>	"NCIT:C33483"
<http://purl.obolibrary.org/obo/UBERON_0002167>	<http://www.snomedbrowser.com/Codes/Details/361967000>
<http://purl.obolibrary.org/obo/UBERON_0002167>	<http://linkedlifedata.com/resource/umls/id/C0225706>
<http://purl.obolibrary.org/obo/UBERON_0002167>	"UMLS:C0225706"
<http://purl.obolibrary.org/obo/UBERON_0002167>	"FMA:7309"
<http://purl.obolibrary.org/obo/UBERON_0002167>	"OpenCyc:Mx8Ngh4rvgHsHZwpEbGdrcN5Y29ycB4rvVjKy5wpEbGdrcN5Y29ycA"
<http://purl.obolibrary.org/obo/UBERON_0002167>	"EHDAA:4969"
<http://purl.obolibrary.org/obo/UBERON_0002167>	"VHOG:0000301"
<http://purl.obolibrary.org/obo/UBERON_0002167>	"MA:0000426"
<http://purl.obolibrary.org/obo/UBERON_0002167>	"Wikipedia:Right_lung"
<http://purl.obolibrary.org/obo/UBERON_0002167>	"SCTID:361967000"
<http://purl.obolibrary.org/obo/UBERON_0012274>	<http://en.wikipedia.org/wiki/Columnar_epithelium>
<http://purl.obolibrary.org/obo/UBERON_0012274>	"Wikipedia:Columnar_epithelium"
<http://purl.obolibrary.org/obo/UBERON_0005432>	"EHDAA:9826"
<http://purl.obolibrary.org/obo/UBERON_0005432>	<http://www.snomedbrowser.com/Codes/Details/361527005>
<http://purl.obolibrary.org/obo/UBERON_0005432>	"FMA:71008"
<http://purl.obolibrary.org/obo/UBERON_0005432>	"EHDAA2:0004145"
<http://purl.obolibrary.org/obo/UBERON_0005432>	"RETIRED_EHDAA2:0000133"
<http://purl.obolibrary.org/obo/UBERON_0005432>	"EMAPA:36461"
<http://purl.obolibrary.org/obo/UBERON_0005432>	"SCTID:361527005"
<http://purl.obolibrary.org/obo/UBERON_0034922>	"FMA:62807"
<http://purl.obolibrary.org/obo/UBERON_0034922>	"CARO:0020002"
<http://purl.obolibrary.org/obo/UBERON_0004581>	"FMA:45626"
<http://purl.obolibrary.org/obo/UBERON_0004581>	<http://en.wikipedia.org/wiki/Systemic_venous_system>
<http://purl.obolibrary.org/obo/UBERON_0004581>	"Wikipedia:Systemic_venous_system"
<http://purl.obolibrary.org/obo/GO_0007601>	"Wikipedia:Visual_perception"
<http://purl.obolibrary.org/obo/UBERON_0007779>	"ncithesaurus:Transudate"
<http://purl.obolibrary.org/obo/UBERON_0007779>	"MESH:D005122"
<http://purl.obolibrary.org/obo/UBERON_0007779>	"FMA:12276"
<http://purl.obolibrary.org/obo/UBERON_0007779>	"GAID:1195"
<http://purl.obolibrary.org/obo/UBERON_0011158>	"FMA:54964"
<http://purl.obolibrary.org/obo/UBERON_0010364>	"XAO:0004025"
<http://purl.obolibrary.org/obo/UBERON_0010364>	"VSAO:0000035"
<http://purl.obolibrary.org/obo/UBERON_0000466>	"CARO:0000007"
<http://purl.obolibrary.org/obo/UBERON_0000466>	"EHDAA2:0003007"
<http://purl.obolibrary.org/obo/UBERON_0000466>	"AEO:0000007"
<http://purl.obolibrary.org/obo/UBERON_0000466>	"HAO:0000007"
<http://purl.obolibrary.org/obo/UBERON_0000466>	"BILA:0000007"
<http://purl.obolibrary.org/obo/UBERON_0000466>	"FMA:67112"
<http://purl.obolibrary.org/obo/UBERON_0000466>	"VHOG:0001727"
<http://purl.obolibrary.org/obo/UBERON_0000466>	"AAO:0010265"
<http://purl.obolibrary.org/obo/UBERON_0000466>	"FBbt:00007015"
<http://purl.obolibrary.org/obo/UBERON_0000466>	"TAO:0001835"
<http://purl.obolibrary.org/obo/UBERON_0000466>	"TGMA:0001827"
<http://purl.obolibrary.org/obo/UBERON_0006238>	"EHDAA:830"
<http://purl.obolibrary.org/obo/UBERON_0006238>	"BTO:0004726"
<http://purl.obolibrary.org/obo/UBERON_0006238>	"BAMS:Enc"
<http://purl.obolibrary.org/obo/UBERON_0006238>	"FMA:312967"
<http://purl.obolibrary.org/obo/UBERON_0006238>	"RETIRED_EHDAA2:0000591"
<http://purl.obolibrary.org/obo/UBERON_0006238>	"EMAPA:16089"
<http://purl.obolibrary.org/obo/UBERON_0006238>	"EHDAA:300"
<http://purl.obolibrary.org/obo/UBERON_0006238>	"ZFA:0000146"
<http://purl.obolibrary.org/obo/UBERON_0006238>	"EFO:0003431"
<http://purl.obolibrary.org/obo/UBERON_0006238>	"TAO:0000146"
<http://purl.obolibrary.org/obo/UBERON_0005181>	"EMAPA:37271"
<http://purl.obolibrary.org/obo/UBERON_0005181>	"MA:0000563"
<http://purl.obolibrary.org/obo/CL_0000764>	"CALOHA:TS-0290"
<http://purl.obolibrary.org/obo/CL_0000764>	"FMA:62845"
<http://purl.obolibrary.org/obo/CL_0000764>	"FMA:83516"
<http://purl.obolibrary.org/obo/UBERON_0003920>	"FMA:86188"
<http://purl.obolibrary.org/obo/UBERON_0003920>	"EMAPA:35932"
<http://purl.obolibrary.org/obo/UBERON_0003920>	"MA:0000066"
<http://purl.obolibrary.org/obo/CL_0000552>	"FMA:84646"
<http://purl.obolibrary.org/obo/UBERON_0010707>	"FMA:7182"
<http://purl.obolibrary.org/obo/UBERON_0010707>	"VSAO:0000214"
<http://purl.obolibrary.org/obo/UBERON_0010707>	"EMAPA:37858"
<http://purl.obolibrary.org/obo/UBERON_0010077>	<http://en.wikipedia.org/wiki/Cuboidal_epithelium>
<http://purl.obolibrary.org/obo/UBERON_0010077>	<http://linkedlifedata.com/resource/umls/id/C0682577>
<http://purl.obolibrary.org/obo/UBERON_0010077>	"NCIT:C32415"
<http://purl.obolibrary.org/obo/UBERON_0010077>	"UMLS:C0682577"
<http://purl.obolibrary.org/obo/UBERON_0010077>	"Wikipedia:Cuboidal_epithelium"
<http://purl.obolibrary.org/obo/UBERON_0007842>	"TAO:0001645"
<http://purl.obolibrary.org/obo/UBERON_0007842>	"AEO:0000085"
<http://purl.obolibrary.org/obo/UBERON_0007842>	"ZFA:0001636"
<http://purl.obolibrary.org/obo/UBERON_0007842>	"EHDAA2:0003085"
<http://purl.obolibrary.org/obo/UBERON_0007842>	"XAO:0004014"
<http://purl.obolibrary.org/obo/UBERON_0007842>	"VSAO:0000023"
<http://purl.obolibrary.org/obo/UBERON_0003928>	"ZFA:0005162"
<http://purl.obolibrary.org/obo/UBERON_0003928>	"TAO:0005162"
<http://purl.obolibrary.org/obo/UBERON_0009617>	"EMAPA:16171"
<http://purl.obolibrary.org/obo/UBERON_0009617>	"EHDAA2:0000736"
<http://purl.obolibrary.org/obo/UBERON_0009617>	"EHDAA:364"
<http://purl.obolibrary.org/obo/UBERON_0011137>	"FMA:7483"
<http://purl.obolibrary.org/obo/UBERON_0022351>	"MA:0002448"
<http://purl.obolibrary.org/obo/UBERON_0022351>	"FMA:15859"
<http://purl.obolibrary.org/obo/UBERON_0002418>	"TAO:0001501"
<http://purl.obolibrary.org/obo/UBERON_0002418>	"MA:0000104"
<http://purl.obolibrary.org/obo/UBERON_0002418>	"XAO:0000170"
<http://purl.obolibrary.org/obo/UBERON_0002418>	"EV:0100141"
<http://purl.obolibrary.org/obo/UBERON_0002418>	"ZFA:0005622"
<http://purl.obolibrary.org/obo/UBERON_0002418>	"MIAA:0000189"
<http://purl.obolibrary.org/obo/UBERON_0002418>	"NCIT:C12373"
<http://purl.obolibrary.org/obo/UBERON_0002418>	"MESH:D002356"
<http://purl.obolibrary.org/obo/UBERON_0002418>	"BTO:0000206"
<http://purl.obolibrary.org/obo/UBERON_0002418>	"UMLS:C0007301"
<http://purl.obolibrary.org/obo/UBERON_0002418>	<http://en.wikipedia.org/wiki/Cartilage>
<http://purl.obolibrary.org/obo/UBERON_0002418>	<http://linkedlifedata.com/resource/umls/id/C0007301>
<http://purl.obolibrary.org/obo/UBERON_0002418>	"FMA:37377"
<http://purl.obolibrary.org/obo/UBERON_0002418>	"EMAPA:32730"
<http://purl.obolibrary.org/obo/UBERON_0002418>	"EFO:0000949"
<http://purl.obolibrary.org/obo/UBERON_0002418>	"VHOG:0001207"
<http://purl.obolibrary.org/obo/UBERON_0002418>	"NCIT:C32268"
<http://purl.obolibrary.org/obo/UBERON_0002418>	"MAT:0000189"
<http://purl.obolibrary.org/obo/UBERON_0002418>	"EHDAA2:0003087"
<http://purl.obolibrary.org/obo/UBERON_0002418>	"AAO:0000060"
<http://purl.obolibrary.org/obo/UBERON_0002418>	"VSAO:0000040"
<http://purl.obolibrary.org/obo/UBERON_0002418>	<http://www.snomedbrowser.com/Codes/Details/309312004>
<http://purl.obolibrary.org/obo/UBERON_0002418>	"OpenCyc:Mx4rvVjeOZwpEbGdrcN5Y29ycA"
<http://purl.obolibrary.org/obo/UBERON_0002418>	"galen:Cartilage"
<http://purl.obolibrary.org/obo/UBERON_0002418>	"AEO:0000087"
<http://purl.obolibrary.org/obo/UBERON_0002418>	"GAID:99"
<http://purl.obolibrary.org/obo/UBERON_0002418>	"Wikipedia:Cartilage"
<http://purl.obolibrary.org/obo/UBERON_0002418>	"SCTID:309312004"
<http://purl.obolibrary.org/obo/UBERON_0000948>	"EHDAA:420"
<http://purl.obolibrary.org/obo/UBERON_0000948>	"UMLS:C0018787"
<http://purl.obolibrary.org/obo/UBERON_0000948>	"TAO:0000114"
<http://purl.obolibrary.org/obo/UBERON_0000948>	"CALOHA:TS-0445"
<http://purl.obolibrary.org/obo/UBERON_0000948>	"EV:0100018"
<http://purl.obolibrary.org/obo/UBERON_0000948>	"OpenCyc:Mx4rvVjvDpwpEbGdrcN5Y29ycA"
<http://purl.obolibrary.org/obo/UBERON_0000948>	"XAO:0000064"
<http://purl.obolibrary.org/obo/UBERON_0000948>	<http://en.wikipedia.org/wiki/Heart>
<http://purl.obolibrary.org/obo/UBERON_0000948>	"BILA:0000020"
<http://purl.obolibrary.org/obo/UBERON_0000948>	"MAT:0000036"
<http://purl.obolibrary.org/obo/UBERON_0000948>	"EMAPA:16105"
<http://purl.obolibrary.org/obo/UBERON_0000948>	"GAID:174"
<http://purl.obolibrary.org/obo/UBERON_0000948>	"ZFA:0000114"
<http://purl.obolibrary.org/obo/UBERON_0000948>	"EHDAA2:0000738"
<http://purl.obolibrary.org/obo/UBERON_0000948>	"MESH:D006321"
<http://purl.obolibrary.org/obo/UBERON_0000948>	"EFO:0000815"
<http://purl.obolibrary.org/obo/UBERON_0000948>	"AAO:0010210"
<http://purl.obolibrary.org/obo/UBERON_0000948>	"MA:0000072"
<http://purl.obolibrary.org/obo/UBERON_0000948>	"VHOG:0000276"
<http://purl.obolibrary.org/obo/UBERON_0000948>	"MIAA:0000036"
<http://purl.obolibrary.org/obo/UBERON_0000948>	"FMA:7088"
<http://purl.obolibrary.org/obo/UBERON_0000948>	<http://www.snomedbrowser.com/Codes/Details/302509004>
<http://purl.obolibrary.org/obo/UBERON_0000948>	"galen:Heart"
<http://purl.obolibrary.org/obo/UBERON_0000948>	<http://linkedlifedata.com/resource/umls/id/C0018787>
<http://purl.obolibrary.org/obo/UBERON_0000948>	"NCIT:C12727"
<http://purl.obolibrary.org/obo/UBERON_0000948>	"BTO:0000562"
<http://purl.obolibrary.org/obo/UBERON_0000948>	"Wikipedia:Heart"
<http://purl.obolibrary.org/obo/UBERON_0000948>	"SCTID:302509004"
<http://purl.obolibrary.org/obo/UBERON_0001416>	<http://www.snomedbrowser.com/Codes/Details/361707007>
<http://purl.obolibrary.org/obo/UBERON_0001416>	"FMA:22988"
<http://purl.obolibrary.org/obo/UBERON_0001416>	"FMA:23000"
<http://purl.obolibrary.org/obo/UBERON_0001416>	<http://linkedlifedata.com/resource/umls/id/C0222166>
<http://purl.obolibrary.org/obo/UBERON_0001416>	"UMLS:C0222166"
<http://purl.obolibrary.org/obo/UBERON_0001416>	"MA:0000523"
<http://purl.obolibrary.org/obo/UBERON_0001416>	"EFO:0000214"
<http://purl.obolibrary.org/obo/UBERON_0001416>	"NCIT:C52758"
<http://purl.obolibrary.org/obo/UBERON_0001416>	"SCTID:361707007"
<http://purl.obolibrary.org/obo/UBERON_0005906>	"MA:0000005"
<http://purl.obolibrary.org/obo/UBERON_0005906>	"FMA:9689"
<http://purl.obolibrary.org/obo/UBERON_0005906>	"EMAPA:16060"
<http://purl.obolibrary.org/obo/UBERON_0005906>	<http://www.snomedbrowser.com/Codes/Details/362890006>
<http://purl.obolibrary.org/obo/UBERON_0005906>	"SCTID:362890006"
<http://purl.obolibrary.org/obo/UBERON_0001781>	<http://www.snomedbrowser.com/Codes/Details/280657006>
<http://purl.obolibrary.org/obo/UBERON_0001781>	"EMAPA:35742"
<http://purl.obolibrary.org/obo/UBERON_0001781>	"XAO:0000266"
<http://purl.obolibrary.org/obo/UBERON_0001781>	"NCIT:C49328"
<http://purl.obolibrary.org/obo/UBERON_0001781>	"MA:0001319"
<http://purl.obolibrary.org/obo/UBERON_0001781>	<http://linkedlifedata.com/resource/umls/id/C0459649>
<http://purl.obolibrary.org/obo/UBERON_0001781>	"FMA:58617"
<http://purl.obolibrary.org/obo/UBERON_0001781>	"UMLS:C0459649"
<http://purl.obolibrary.org/obo/UBERON_0001781>	"AAO:0010353"
<http://purl.obolibrary.org/obo/UBERON_0001781>	"SCTID:280657006"
<http://purl.obolibrary.org/obo/UBERON_0001072>	"EMAPA:18416"
<http://purl.obolibrary.org/obo/UBERON_0001072>	"XAO:0000388"
<http://purl.obolibrary.org/obo/UBERON_0001072>	"FMA:10951"
<http://purl.obolibrary.org/obo/UBERON_0001072>	<http://www.snomedbrowser.com/Codes/Details/181369003>
<http://purl.obolibrary.org/obo/UBERON_0001072>	"galen:InferiorVenaCava"
<http://purl.obolibrary.org/obo/UBERON_0001072>	"MESH:D014682"
<http://purl.obolibrary.org/obo/UBERON_0001072>	"GAID:548"
<http://purl.obolibrary.org/obo/UBERON_0001072>	"VHOG:0001194"
<http://purl.obolibrary.org/obo/UBERON_0001072>	"EHDAA2:0000611"
<http://purl.obolibrary.org/obo/UBERON_0001072>	"UMLS:C0042458"
<http://purl.obolibrary.org/obo/UBERON_0001072>	<http://en.wikipedia.org/wiki/Inferior_vena_cava>
<http://purl.obolibrary.org/obo/UBERON_0001072>	<http://linkedlifedata.com/resource/umls/id/C0042458>
<http://purl.obolibrary.org/obo/UBERON_0001072>	"BTO:0002682"
<http://purl.obolibrary.org/obo/UBERON_0001072>	"NCIT:C12815"
<http://purl.obolibrary.org/obo/UBERON_0001072>	"AAO:0011083"
<http://purl.obolibrary.org/obo/UBERON_0001072>	"MA:0000480"
<http://purl.obolibrary.org/obo/UBERON_0001072>	"SCTID:181369003"
<http://purl.obolibrary.org/obo/UBERON_0001072>	"Wikipedia:Inferior_vena_cava"
<http://purl.obolibrary.org/obo/UBERON_0016548>	"FMA:83142"
<http://purl.obolibrary.org/obo/UBERON_0004848>	"MA:0001801"
<http://purl.obolibrary.org/obo/UBERON_0004848>	"EMAPA:37566"
<http://purl.obolibrary.org/obo/CL_0000115>	"FMA:66772"
<http://purl.obolibrary.org/obo/CL_0000115>	"CALOHA:TS-0278"
<http://purl.obolibrary.org/obo/CL_0000115>	"BTO:0001176"
<http://purl.obolibrary.org/obo/UBERON_0007808>	"EFO:0003771"
<http://purl.obolibrary.org/obo/UBERON_0007808>	"CALOHA:TS-0002"
<http://purl.obolibrary.org/obo/UBERON_0002513>	"XAO:0004018"
<http://purl.obolibrary.org/obo/UBERON_0002513>	"FMA:24321"
<http://purl.obolibrary.org/obo/UBERON_0002513>	"AAO:0010776"
<http://purl.obolibrary.org/obo/UBERON_0002513>	"AEO:0000083"
<http://purl.obolibrary.org/obo/UBERON_0002513>	"EHDAA2:0003083"
<http://purl.obolibrary.org/obo/UBERON_0002513>	"BTO:0002157"
<http://purl.obolibrary.org/obo/UBERON_0002513>	"TAO:0001591"
<http://purl.obolibrary.org/obo/UBERON_0002513>	"VSAO:0000145"
<http://purl.obolibrary.org/obo/UBERON_0002513>	"ZFA:0001591"
<http://purl.obolibrary.org/obo/UBERON_0003072>	"VHOG:0000167"
<http://purl.obolibrary.org/obo/UBERON_0003072>	"EMAPA:16674"
<http://purl.obolibrary.org/obo/UBERON_0003072>	"BTO:0005351"
<http://purl.obolibrary.org/obo/UBERON_0003072>	"EHDAA:2912"
<http://purl.obolibrary.org/obo/UBERON_0003072>	"TAO:0001202"
<http://purl.obolibrary.org/obo/UBERON_0003072>	<http://linkedlifedata.com/resource/umls/id/C0231109>
<http://purl.obolibrary.org/obo/UBERON_0003072>	"UMLS:C0231109"
<http://purl.obolibrary.org/obo/UBERON_0003072>	"EHDAA2:0001303"
<http://purl.obolibrary.org/obo/UBERON_0003072>	<http://www.snomedbrowser.com/Codes/Details/308789007>
<http://purl.obolibrary.org/obo/UBERON_0003072>	"ZFA:0001202"
<http://purl.obolibrary.org/obo/UBERON_0003072>	"NCIT:C34233"
<http://purl.obolibrary.org/obo/UBERON_0003072>	"SCTID:308789007"
<http://purl.obolibrary.org/obo/UBERON_0012504>	<http://www.snomedbrowser.com/Codes/Details/85950006>
<http://purl.obolibrary.org/obo/UBERON_0012504>	"FMA:63006"
<http://purl.obolibrary.org/obo/UBERON_0012504>	"SCTID:85950006"
<http://purl.obolibrary.org/obo/UBERON_0003343>	"EMAPA:26937"
<http://purl.obolibrary.org/obo/UBERON_0003343>	<http://www.snomedbrowser.com/Codes/Details/362083000>
<http://purl.obolibrary.org/obo/UBERON_0003343>	"SCTID:362083000"
<http://purl.obolibrary.org/obo/UBERON_0002048>	"BTO:0000763"
<http://purl.obolibrary.org/obo/UBERON_0002048>	"UMLS:C0024109"
<http://purl.obolibrary.org/obo/UBERON_0002048>	"MA:0000415"
<http://purl.obolibrary.org/obo/UBERON_0002048>	"MESH:D008168"
<http://purl.obolibrary.org/obo/UBERON_0002048>	"CALOHA:TS-0568"
<http://purl.obolibrary.org/obo/UBERON_0002048>	"NCIT:C12468"
<http://purl.obolibrary.org/obo/UBERON_0002048>	"MIAA:0000135"
<http://purl.obolibrary.org/obo/UBERON_0002048>	<http://linkedlifedata.com/resource/umls/id/C0024109>
<http://purl.obolibrary.org/obo/UBERON_0002048>	"XAO:0000119"
<http://purl.obolibrary.org/obo/UBERON_0002048>	"EHDAA2:0001042"
<http://purl.obolibrary.org/obo/UBERON_0002048>	"AAO:0000275"
<http://purl.obolibrary.org/obo/UBERON_0002048>	"OpenCyc:Mx4rvVjKy5wpEbGdrcN5Y29ycA"
<http://purl.obolibrary.org/obo/UBERON_0002048>	"EHDAA:2205"
<http://purl.obolibrary.org/obo/UBERON_0002048>	"AAO:0010567"
<http://purl.obolibrary.org/obo/UBERON_0002048>	"GAID:345"
<http://purl.obolibrary.org/obo/UBERON_0002048>	<http://en.wikipedia.org/wiki/Lung>
<http://purl.obolibrary.org/obo/UBERON_0002048>	"FMA:7195"
<http://purl.obolibrary.org/obo/UBERON_0002048>	"MAT:0000135"
<http://purl.obolibrary.org/obo/UBERON_0002048>	"EV:0100042"
<http://purl.obolibrary.org/obo/UBERON_0002048>	"EHDAA:1554"
<http://purl.obolibrary.org/obo/UBERON_0002048>	"EFO:0000934"
<http://purl.obolibrary.org/obo/UBERON_0002048>	"VHOG:0000310"
<http://purl.obolibrary.org/obo/UBERON_0002048>	<http://www.snomedbrowser.com/Codes/Details/181216001>
<http://purl.obolibrary.org/obo/UBERON_0002048>	"EMAPA:16728"
<http://purl.obolibrary.org/obo/UBERON_0002048>	"galen:Lung"
<http://purl.obolibrary.org/obo/UBERON_0002048>	"SCTID:181216001"
<http://purl.obolibrary.org/obo/UBERON_0002048>	"Wikipedia:Lung"
<http://purl.obolibrary.org/obo/UBERON_0009603>	"EHDAA2:0001739"
<http://purl.obolibrary.org/obo/UBERON_0009603>	"EMAPA:17662"
<http://purl.obolibrary.org/obo/UBERON_0001085>	<http://www.snomedbrowser.com/Codes/Details/181489001>
<http://purl.obolibrary.org/obo/UBERON_0001085>	"NCIT:C12295"
<http://purl.obolibrary.org/obo/UBERON_0001085>	<http://linkedlifedata.com/resource/umls/id/C0205031>
<http://purl.obolibrary.org/obo/UBERON_0001085>	"FMA:12167"
<http://purl.obolibrary.org/obo/UBERON_0001085>	"UMLS:C0205031"
<http://purl.obolibrary.org/obo/UBERON_0001085>	"EMAPA:37278"
<http://purl.obolibrary.org/obo/UBERON_0001085>	"FMA:23093"
<http://purl.obolibrary.org/obo/UBERON_0001085>	"MA:0000517"
<http://purl.obolibrary.org/obo/UBERON_0001085>	"SCTID:181489001"
<http://purl.obolibrary.org/obo/CL_0000067>	"FMA:70605"
<http://purl.obolibrary.org/obo/UBERON_0001774>	"AAO:0000611"
<http://purl.obolibrary.org/obo/UBERON_0001774>	"XAO:0003230"
<http://purl.obolibrary.org/obo/UBERON_0001774>	"ZFA:0000473"
<http://purl.obolibrary.org/obo/UBERON_0001774>	"MA:0000514"
<http://purl.obolibrary.org/obo/UBERON_0001774>	"FMA:58274"
<http://purl.obolibrary.org/obo/UBERON_0001774>	"TAO:0000473"
<http://purl.obolibrary.org/obo/UBERON_0001774>	"EMAPA:35888"
<http://purl.obolibrary.org/obo/UBERON_0009713>	"EHDAA2:0002182"
<http://purl.obolibrary.org/obo/UBERON_0009713>	"EMAPA:17338"
<http://purl.obolibrary.org/obo/UBERON_0009713>	"FMA:9559"
<http://purl.obolibrary.org/obo/UBERON_0009713>	<http://www.snomedbrowser.com/Codes/Details/191004004>
<http://purl.obolibrary.org/obo/UBERON_0009713>	"VHOG:0001233"
<http://purl.obolibrary.org/obo/UBERON_0009713>	"SCTID:191004004"
<http://purl.obolibrary.org/obo/UBERON_0008203>	<http://en.wikipedia.org/wiki/Pelvic_cavity>
<http://purl.obolibrary.org/obo/UBERON_0008203>	"MA:0003089"
<http://purl.obolibrary.org/obo/UBERON_0008203>	"FMA:9738"
<http://purl.obolibrary.org/obo/UBERON_0008203>	<http://www.snomedbrowser.com/Codes/Details/281903009>
<http://purl.obolibrary.org/obo/UBERON_0008203>	"EMAPA:37235"
<http://purl.obolibrary.org/obo/UBERON_0000389>	"MESH:A09.371.509.225"
<http://purl.obolibrary.org/obo/UBERON_0000389>	"FMA:58970"
<http://purl.obolibrary.org/obo/UBERON_0000389>	<http://www.snomedbrowser.com/Codes/Details/280626006>
<http://purl.obolibrary.org/obo/UBERON_0000389>	"BTO:0001632"
<http://purl.obolibrary.org/obo/UBERON_0000389>	"CALOHA:TS-0542"
<http://purl.obolibrary.org/obo/UBERON_0000389>	"MESH:D007904"
<http://purl.obolibrary.org/obo/UBERON_0000389>	"SCTID:280626006"
<http://purl.obolibrary.org/obo/UBERON_0007617>	"FMA:11356"
<http://purl.obolibrary.org/obo/UBERON_0005216>	"VHOG:0000520"
<http://purl.obolibrary.org/obo/UBERON_0005216>	"RETIRED_EHDAA2:0001311"
<http://purl.obolibrary.org/obo/UBERON_0005216>	"EMAPA:16539"
<http://purl.obolibrary.org/obo/UBERON_0034706>	"AEO:0001009"
<http://purl.obolibrary.org/obo/UBERON_0005953>	"UMLS:C1881209"
<http://purl.obolibrary.org/obo/UBERON_0005953>	<http://www.snomedbrowser.com/Codes/Details/244379003>
<http://purl.obolibrary.org/obo/UBERON_0005953>	<http://linkedlifedata.com/resource/umls/id/C1881209>
<http://purl.obolibrary.org/obo/UBERON_0005953>	"NCIT:C61368"
<http://purl.obolibrary.org/obo/UBERON_0005953>	"FMA:7216"
<http://purl.obolibrary.org/obo/UBERON_0005953>	"EMAPA:37926"
<http://purl.obolibrary.org/obo/UBERON_0005953>	"SCTID:244379003"
<http://purl.obolibrary.org/obo/UBERON_0000111>	"BilaDO:0000010"
<http://purl.obolibrary.org/obo/UBERON_0000111>	"OGES:000032"
<http://purl.obolibrary.org/obo/UBERON_0000111>	"BILS:0000111"
<http://purl.obolibrary.org/obo/UBERON_0000111>	"OGES:000005"
<http://purl.obolibrary.org/obo/UBERON_0000111>	"MmusDv:0000018"
<http://purl.obolibrary.org/obo/UBERON_0000111>	<http://en.wikipedia.org/wiki/Organogenesis>
<http://purl.obolibrary.org/obo/UBERON_0000111>	"HsapDv:0000015"
<http://purl.obolibrary.org/obo/UBERON_0000111>	"Wikipedia:Organogenesis"
<http://purl.obolibrary.org/obo/UBERON_0003593>	"MA:0000555"
<http://purl.obolibrary.org/obo/UBERON_0003593>	"EMAPA:37255"
<http://purl.obolibrary.org/obo/UBERON_0001612>	"UMLS:C0226109"
<http://purl.obolibrary.org/obo/UBERON_0001612>	"MA:0001950"
<http://purl.obolibrary.org/obo/UBERON_0001612>	<http://www.snomedbrowser.com/Codes/Details/181328007>
<http://purl.obolibrary.org/obo/UBERON_0001612>	"NCIT:C32578"
<http://purl.obolibrary.org/obo/UBERON_0001612>	"FMA:49549"
<http://purl.obolibrary.org/obo/UBERON_0001612>	<http://linkedlifedata.com/resource/umls/id/C0226109>
<http://purl.obolibrary.org/obo/UBERON_0001612>	"EMAPA:19213"
<http://purl.obolibrary.org/obo/UBERON_0001612>	<http://en.wikipedia.org/wiki/Facial_artery>
<http://purl.obolibrary.org/obo/UBERON_0001612>	"OpenCyc:Mx4rwCt95ZwpEbGdrcN5Y29ycA"
<http://purl.obolibrary.org/obo/UBERON_0001612>	"SCTID:181328007"
<http://purl.obolibrary.org/obo/UBERON_0001612>	"Wikipedia:Facial_artery"
<http://purl.obolibrary.org/obo/UBERON_0011216>	"FBbt:00007330"
<http://purl.obolibrary.org/obo/UBERON_0011216>	"FMA:67509"
<http://purl.obolibrary.org/obo/UBERON_0011216>	<http://www.snomedbrowser.com/Codes/Details/91690000>
<http://purl.obolibrary.org/obo/UBERON_0011216>	"SCTID:91690000"
<http://purl.obolibrary.org/obo/UBERON_0034969>	<http://linkedlifedata.com/resource/umls/id/C1512086>
<http://purl.obolibrary.org/obo/UBERON_0034969>	"NCIT:C25787"
<http://purl.obolibrary.org/obo/UBERON_0034969>	"UMLS:C1512086"
<http://purl.obolibrary.org/obo/UBERON_0000009>	"FMA:85392"
<http://purl.obolibrary.org/obo/UBERON_0000009>	"NCIT:C13167"
<http://purl.obolibrary.org/obo/UBERON_0000009>	"UMLS:C0225344"
<http://purl.obolibrary.org/obo/UBERON_0000009>	"FMA:85391"
<http://purl.obolibrary.org/obo/UBERON_0000009>	<http://linkedlifedata.com/resource/umls/id/C0225344>
<http://purl.obolibrary.org/obo/UBERON_0000009>	"BTO:0002107"
<http://purl.obolibrary.org/obo/UBERON_0000009>	<http://www.snomedbrowser.com/Codes/Details/68439008>
<http://purl.obolibrary.org/obo/UBERON_0000009>	<http://en.wikipedia.org/wiki/Submucosa>
<http://purl.obolibrary.org/obo/UBERON_0000009>	"Wikipedia:Submucosa"
<http://purl.obolibrary.org/obo/UBERON_0000009>	"SCTID:68439008"
<http://purl.obolibrary.org/obo/UBERON_0034874>	"FMA:84581"
<http://purl.obolibrary.org/obo/UBERON_0000161>	<http://www.snomedbrowser.com/Codes/Details/91837002>
<http://purl.obolibrary.org/obo/UBERON_0000161>	"FMA:3724"
<http://purl.obolibrary.org/obo/UBERON_0000161>	"SCTID:91837002"
<http://purl.obolibrary.org/obo/UBERON_0001003>	"ZFA:0000105"
<http://purl.obolibrary.org/obo/UBERON_0001003>	"EFO:0000954"
<http://purl.obolibrary.org/obo/UBERON_0001003>	"GAID:932"
<http://purl.obolibrary.org/obo/UBERON_0001003>	"NCIT:C12708"
<http://purl.obolibrary.org/obo/UBERON_0001003>	<http://en.wikipedia.org/wiki/Epidermis_(skin)>
<http://purl.obolibrary.org/obo/UBERON_0001003>	"VHOG:0000077"
<http://purl.obolibrary.org/obo/UBERON_0001003>	"XAO:0000028"
<http://purl.obolibrary.org/obo/UBERON_0001003>	"CALOHA:TS-0283"
<http://purl.obolibrary.org/obo/UBERON_0001003>	"MIAA:0000154"
<http://purl.obolibrary.org/obo/UBERON_0001003>	"MAT:0000154"
<http://purl.obolibrary.org/obo/UBERON_0001003>	"FMA:70596"
<http://purl.obolibrary.org/obo/UBERON_0001003>	<http://www.snomedbrowser.com/Codes/Details/361694003>
<http://purl.obolibrary.org/obo/UBERON_0001003>	"BTO:0000404"
<http://purl.obolibrary.org/obo/UBERON_0001003>	<http://linkedlifedata.com/resource/umls/id/C0014520>
<http://purl.obolibrary.org/obo/UBERON_0001003>	"MESH:D004817"
<http://purl.obolibrary.org/obo/UBERON_0001003>	"UMLS:C0014520"
<http://purl.obolibrary.org/obo/UBERON_0001003>	"AAO:0000143"
<http://purl.obolibrary.org/obo/UBERON_0001003>	"EMAPA:17528"
<http://purl.obolibrary.org/obo/UBERON_0001003>	"TAO:0000105"
<http://purl.obolibrary.org/obo/UBERON_0001003>	"MA:0000153"
<http://purl.obolibrary.org/obo/UBERON_0001003>	"EV:0100153"
<http://purl.obolibrary.org/obo/UBERON_0001003>	"Wikipedia:Epidermis_(skin)"
<http://purl.obolibrary.org/obo/UBERON_0001003>	"SCTID:361694003"
<http://purl.obolibrary.org/obo/UBERON_0003502>	"MA:0000583"
<http://purl.obolibrary.org/obo/UBERON_0003502>	"EMAPA:37236"
<http://purl.obolibrary.org/obo/UBERON_0005173>	"EMAPA:37062"
<http://purl.obolibrary.org/obo/UBERON_0005173>	"MA:0000529"
<http://purl.obolibrary.org/obo/UBERON_0004784>	"MA:0002791"
<http://purl.obolibrary.org/obo/UBERON_0004784>	"NCIT:C119295"
<http://purl.obolibrary.org/obo/UBERON_0004784>	"FMA:13884"
<http://purl.obolibrary.org/obo/UBERON_0000014>	"FMA:86166"
<http://purl.obolibrary.org/obo/UBERON_0000014>	"MAT:0000284"
<http://purl.obolibrary.org/obo/UBERON_0000014>	<http://www.snomedbrowser.com/Codes/Details/20795001>
<http://purl.obolibrary.org/obo/UBERON_0000014>	"MA:0000151"
<http://purl.obolibrary.org/obo/UBERON_0000014>	"EV:0100152"
<http://purl.obolibrary.org/obo/UBERON_0000014>	"MESH:D012867"
<http://purl.obolibrary.org/obo/UBERON_0000014>	"EHDAA:6530"
<http://purl.obolibrary.org/obo/UBERON_0000014>	"GAID:933"
<http://purl.obolibrary.org/obo/UBERON_0000014>	"EHDAA2:0001844"
<http://purl.obolibrary.org/obo/UBERON_0000014>	"VHOG:0000860"
<http://purl.obolibrary.org/obo/UBERON_0000014>	<http://en.wikipedia.org/wiki/Skin>
<http://purl.obolibrary.org/obo/UBERON_0000014>	"OpenCyc:Mx4rvVjX3ZwpEbGdrcN5Y29ycA"
<http://purl.obolibrary.org/obo/UBERON_0000014>	"EMAPA:17525"
<http://purl.obolibrary.org/obo/UBERON_0000014>	"MIAA:0000284"
<http://purl.obolibrary.org/obo/UBERON_0000014>	"SCTID:20795001"
<http://purl.obolibrary.org/obo/UBERON_0000014>	"Wikipedia:Skin"
<http://purl.obolibrary.org/obo/UBERON_0008907>	"VSAO:0000130"
<http://purl.obolibrary.org/obo/UBERON_0008907>	"ZFA:0001590"
<http://purl.obolibrary.org/obo/UBERON_0008907>	"TAO:0001590"
<http://purl.obolibrary.org/obo/UBERON_0008907>	<http://en.wikipedia.org/wiki/Dermal_bone>
<http://purl.obolibrary.org/obo/UBERON_0008907>	"XAO:0004015"
<http://purl.obolibrary.org/obo/UBERON_0008907>	"AAO:0010769"
<http://purl.obolibrary.org/obo/UBERON_0008907>	"Wikipedia:Dermal_bone"
<http://purl.obolibrary.org/obo/UBERON_0005966>	"FMA:9551"
<http://purl.obolibrary.org/obo/UBERON_0003064>	"ZFA:0001206"
<http://purl.obolibrary.org/obo/UBERON_0003064>	"UMLS:C1284010"
<http://purl.obolibrary.org/obo/UBERON_0003064>	"XAO:0000085"
<http://purl.obolibrary.org/obo/UBERON_0003064>	"AAO:0010575"
<http://purl.obolibrary.org/obo/UBERON_0003064>	<http://linkedlifedata.com/resource/umls/id/C1284010>
<http://purl.obolibrary.org/obo/UBERON_0003064>	<http://en.wikipedia.org/wiki/Intermediate_mesoderm>
<http://purl.obolibrary.org/obo/UBERON_0003064>	"TAO:0001206"
<http://purl.obolibrary.org/obo/UBERON_0003064>	"EMAPA:16178"
<http://purl.obolibrary.org/obo/UBERON_0003064>	<http://www.snomedbrowser.com/Codes/Details/361476001>
<http://purl.obolibrary.org/obo/UBERON_0003064>	"VHOG:0000087"
<http://purl.obolibrary.org/obo/UBERON_0003064>	"FMA:293147"
<http://purl.obolibrary.org/obo/UBERON_0003064>	"NCIT:C34193"
<http://purl.obolibrary.org/obo/UBERON_0003064>	"EMAPA:16056"
<http://purl.obolibrary.org/obo/UBERON_0003064>	"Wikipedia:Intermediate_mesoderm"
<http://purl.obolibrary.org/obo/UBERON_0003064>	"SCTID:361476001"
<http://purl.obolibrary.org/obo/UBERON_0007021>	<http://neurolex.org/wiki/Category:Juvenile_organism>
<http://purl.obolibrary.org/obo/UBERON_0007021>	"TAO:0002047"
<http://purl.obolibrary.org/obo/UBERON_0007021>	"BILA:0000076"
<http://purl.obolibrary.org/obo/UBERON_0004908>	"FMA:49177"
<http://purl.obolibrary.org/obo/UBERON_0004908>	<http://linkedlifedata.com/resource/umls/id/C0226874>
<http://purl.obolibrary.org/obo/UBERON_0004908>	"UMLS:C0226874"
<http://purl.obolibrary.org/obo/UBERON_0004908>	"galen:UpperGastrointestinalTract"
<http://purl.obolibrary.org/obo/UBERON_0004908>	<http://en.wikipedia.org/wiki/Alimentary_canal#Upper_gastrointestinal_tract>
<http://purl.obolibrary.org/obo/UBERON_0004908>	"NCIT:C33837"
<http://purl.obolibrary.org/obo/UBERON_0004908>	<http://www.snomedbrowser.com/Codes/Details/181244000>
<http://purl.obolibrary.org/obo/UBERON_0004908>	"Wikipedia:Alimentary_canal#Upper_gastrointestinal_tract"
<http://purl.obolibrary.org/obo/UBERON_0004908>	"SCTID:181244000"
<http://purl.obolibrary.org/obo/UBERON_0007304>	"ZFA:0005095"
<http://purl.obolibrary.org/obo/UBERON_0007304>	"TAO:0005095"
<http://purl.obolibrary.org/obo/UBERON_0001768>	<http://en.wikipedia.org/wiki/Uvea>
<http://purl.obolibrary.org/obo/UBERON_0001768>	"UMLS:C0042160"
<http://purl.obolibrary.org/obo/UBERON_0001768>	"MESH:D014602"
<http://purl.obolibrary.org/obo/UBERON_0001768>	<http://linkedlifedata.com/resource/umls/id/C0042160>
<http://purl.obolibrary.org/obo/UBERON_0001768>	"EMAPA:35901"
<http://purl.obolibrary.org/obo/UBERON_0001768>	"NCIT:C12811"
<http://purl.obolibrary.org/obo/UBERON_0001768>	"FMA:58103"
<http://purl.obolibrary.org/obo/UBERON_0001768>	"CALOHA:TS-2228"
<http://purl.obolibrary.org/obo/UBERON_0001768>	<http://www.snomedbrowser.com/Codes/Details/280648000>
<http://purl.obolibrary.org/obo/UBERON_0001768>	"MA:0002480"
<http://purl.obolibrary.org/obo/UBERON_0001768>	"GAID:912"
<http://purl.obolibrary.org/obo/UBERON_0001768>	"SCTID:280648000"
<http://purl.obolibrary.org/obo/UBERON_0001768>	"Wikipedia:Uvea"
<http://purl.obolibrary.org/obo/UBERON_0007284>	"EFO:0003424"
<http://purl.obolibrary.org/obo/UBERON_0007284>	"ZFA:0000063"
<http://purl.obolibrary.org/obo/UBERON_0007284>	"TAO:0000063"
<http://purl.obolibrary.org/obo/UBERON_0012180>	"NCIT:C12294"
<http://purl.obolibrary.org/obo/UBERON_0012180>	"UMLS:C1522650"
<http://purl.obolibrary.org/obo/UBERON_0012180>	"MA:0000574"
<http://purl.obolibrary.org/obo/UBERON_0012180>	"EMAPA:37276"
<http://purl.obolibrary.org/obo/UBERON_0012180>	<http://linkedlifedata.com/resource/umls/id/C1522650>
<http://purl.obolibrary.org/obo/UBERON_0007239>	"FMA:14273"
<http://purl.obolibrary.org/obo/UBERON_0007239>	"UMLS:C1710627"
<http://purl.obolibrary.org/obo/UBERON_0007239>	<http://linkedlifedata.com/resource/umls/id/C1710627>
<http://purl.obolibrary.org/obo/UBERON_0007239>	"NCIT:C49321"
<http://purl.obolibrary.org/obo/UBERON_0007239>	"EMAPA:36294"
<http://purl.obolibrary.org/obo/UBERON_0007239>	<http://www.snomedbrowser.com/Codes/Details/84300001>
<http://purl.obolibrary.org/obo/UBERON_0007239>	"EV:0100029"
<http://purl.obolibrary.org/obo/UBERON_0007239>	"SCTID:84300001"
<http://purl.obolibrary.org/obo/UBERON_0009196>	"EHDAA2:0004021"
<http://purl.obolibrary.org/obo/UBERON_0036352>	"FMA:15090"
<http://purl.obolibrary.org/obo/UBERON_0005234>	"RETIRED_EHDAA2:0001309"
<http://purl.obolibrary.org/obo/UBERON_0005234>	"EMAPA:16539"
<http://purl.obolibrary.org/obo/UBERON_0005234>	"VHOG:0001105"
<http://purl.obolibrary.org/obo/UBERON_0005234>	"EHDAA:940"
<http://purl.obolibrary.org/obo/UBERON_0002079>	"VHOG:0000369"
<http://purl.obolibrary.org/obo/UBERON_0002079>	"MA:0000074"
<http://purl.obolibrary.org/obo/UBERON_0002079>	"XAO:0003191"
<http://purl.obolibrary.org/obo/UBERON_0002079>	"EMAPA:17315"
<http://purl.obolibrary.org/obo/UBERON_0002079>	"EHDAA2:0000275"
<http://purl.obolibrary.org/obo/UBERON_0002079>	"OpenCyc:Mx4rkJN1AagEEdudWQACs5b6Bw"
<http://purl.obolibrary.org/obo/UBERON_0002079>	"OpenCyc:Mx8Ngh4rvgIFoJwpEbGdrcN5Y29ycB4rDJ89oqgPEdudWQACs5b6Bw"
<http://purl.obolibrary.org/obo/UBERON_0002079>	"UMLS:C0225860"
<http://purl.obolibrary.org/obo/UBERON_0002079>	"AAO:0010247"
<http://purl.obolibrary.org/obo/UBERON_0002079>	"FMA:7097"
<http://purl.obolibrary.org/obo/UBERON_0002079>	"BTO:0001702"
<http://purl.obolibrary.org/obo/UBERON_0002079>	<http://www.snomedbrowser.com/Codes/Details/244387002>
<http://purl.obolibrary.org/obo/UBERON_0002079>	"galen:LeftAtrium"
<http://purl.obolibrary.org/obo/UBERON_0002079>	"NCIT:C12869"
<http://purl.obolibrary.org/obo/UBERON_0002079>	<http://linkedlifedata.com/resource/umls/id/C0225860>
<http://purl.obolibrary.org/obo/UBERON_0002079>	<http://en.wikipedia.org/wiki/Left_atrium>
<http://purl.obolibrary.org/obo/UBERON_0002079>	"Wikipedia:Left_atrium"
<http://purl.obolibrary.org/obo/UBERON_0002079>	"SCTID:244387002"
<http://purl.obolibrary.org/obo/UBERON_0011093>	"FMA:16583"
<http://purl.obolibrary.org/obo/UBERON_0002457>	<http://www.snomedbrowser.com/Codes/Details/360401001>
<http://purl.obolibrary.org/obo/UBERON_0002457>	"EHDAA:4340"
<http://purl.obolibrary.org/obo/UBERON_0002457>	"EMAPA:17616"
<http://purl.obolibrary.org/obo/UBERON_0002457>	"MA:0001985"
<http://purl.obolibrary.org/obo/UBERON_0002457>	"EHDAA2:0000882"
<http://purl.obolibrary.org/obo/UBERON_0002457>	"ZFA:0001061"
<http://purl.obolibrary.org/obo/UBERON_0002457>	"XAO:0004165"
<http://purl.obolibrary.org/obo/UBERON_0002457>	"TAO:0001061"
<http://purl.obolibrary.org/obo/UBERON_0002457>	"VHOG:0000225"
<http://purl.obolibrary.org/obo/UBERON_0002457>	"SCTID:360401001"
<http://purl.obolibrary.org/obo/CL_0010017>	"MESH:D015053"
<http://purl.obolibrary.org/obo/UBERON_0003100>	"TAO:0000303"
<http://purl.obolibrary.org/obo/UBERON_0003100>	"CARO:0000028"
<http://purl.obolibrary.org/obo/UBERON_0003100>	"AAO:0010030"
<http://purl.obolibrary.org/obo/UBERON_0003100>	"BILA:0000028"
<http://purl.obolibrary.org/obo/UBERON_0003100>	"XAO:0003005"
<http://purl.obolibrary.org/obo/UBERON_0003100>	"TGMA:0001839"
<http://purl.obolibrary.org/obo/UBERON_0003100>	"FBbt:00007011"
<http://purl.obolibrary.org/obo/UBERON_0003100>	"HAO:0000028"
<http://purl.obolibrary.org/obo/UBERON_0003100>	"FMA:67812"
<http://purl.obolibrary.org/obo/UBERON_0003100>	<http://www.snomedbrowser.com/Codes/Details/362608006>
<http://purl.obolibrary.org/obo/UBERON_0003100>	"ZFA:0000303"
<http://purl.obolibrary.org/obo/UBERON_0003100>	"SCTID:362608006"
<http://purl.obolibrary.org/obo/UBERON_0002405>	"MESH:D007107"
<http://purl.obolibrary.org/obo/UBERON_0002405>	"UMLS:C0020962"
<http://purl.obolibrary.org/obo/UBERON_0002405>	"NCIT:C12735"
<http://purl.obolibrary.org/obo/UBERON_0002405>	"FMA:9825"
<http://purl.obolibrary.org/obo/UBERON_0002405>	"AAO:0011003"
<http://purl.obolibrary.org/obo/UBERON_0002405>	"VHOG:0001247"
<http://purl.obolibrary.org/obo/UBERON_0002405>	"OpenCyc:Mx4rvWNkm5wpEbGdrcN5Y29ycA"
<http://purl.obolibrary.org/obo/UBERON_0002405>	"MA:0002711"
<http://purl.obolibrary.org/obo/UBERON_0002405>	"BILA:0000104"
<http://purl.obolibrary.org/obo/UBERON_0002405>	<http://www.snomedbrowser.com/Codes/Details/362590003>
<http://purl.obolibrary.org/obo/UBERON_0002405>	"XAO:0003152"
<http://purl.obolibrary.org/obo/UBERON_0002405>	<http://linkedlifedata.com/resource/umls/id/C0020962>
<http://purl.obolibrary.org/obo/UBERON_0002405>	"ZFA:0001159"
<http://purl.obolibrary.org/obo/UBERON_0002405>	"GAID:328"
<http://purl.obolibrary.org/obo/UBERON_0002405>	"BTO:0005810"
<http://purl.obolibrary.org/obo/UBERON_0002405>	<http://en.wikipedia.org/wiki/Immune_system>
<http://purl.obolibrary.org/obo/UBERON_0002405>	"TAO:0001159"
<http://purl.obolibrary.org/obo/UBERON_0002405>	"SCTID:362590003"
<http://purl.obolibrary.org/obo/UBERON_0002405>	"Wikipedia:Immune_system"
<http://purl.obolibrary.org/obo/UBERON_0000042>	<http://en.wikipedia.org/wiki/Serous_membrane>
<http://purl.obolibrary.org/obo/UBERON_0000042>	<http://www.snomedbrowser.com/Codes/Details/362878009>
<http://purl.obolibrary.org/obo/UBERON_0000042>	"GAID:19"
<http://purl.obolibrary.org/obo/UBERON_0000042>	"NCIT:C13169"
<http://purl.obolibrary.org/obo/UBERON_0000042>	"ZFA:0005425"
<http://purl.obolibrary.org/obo/UBERON_0000042>	"FMA:9581"
<http://purl.obolibrary.org/obo/UBERON_0000042>	"MESH:D012704"
<http://purl.obolibrary.org/obo/UBERON_0000042>	"UMLS:C0036760"
<http://purl.obolibrary.org/obo/UBERON_0000042>	"TAO:0005425"
<http://purl.obolibrary.org/obo/UBERON_0000042>	<http://linkedlifedata.com/resource/umls/id/C0036760>
<http://purl.obolibrary.org/obo/UBERON_0000042>	"Wikipedia:Serous_membrane"
<http://purl.obolibrary.org/obo/UBERON_0000042>	"SCTID:362878009"
<http://purl.obolibrary.org/obo/UBERON_0003842>	"AAO:0011073"
<http://purl.obolibrary.org/obo/UBERON_0003842>	"EHDAA:914"
<http://purl.obolibrary.org/obo/UBERON_0003842>	"EMAPA:16167"
<http://purl.obolibrary.org/obo/UBERON_0003842>	"EHDAA:2889"
<http://purl.obolibrary.org/obo/UBERON_0003842>	"VHOG:0001119"
<http://purl.obolibrary.org/obo/UBERON_0003842>	"XAO:0000252"
<http://purl.obolibrary.org/obo/UBERON_0003842>	"EHDAA2:0001269"
<http://purl.obolibrary.org/obo/UBERON_0004873>	"EHDAA:383"
<http://purl.obolibrary.org/obo/UBERON_0004873>	"EHDAA2:0001903"
<http://purl.obolibrary.org/obo/UBERON_0004873>	"FMA:295564"
<http://purl.obolibrary.org/obo/UBERON_0004873>	<http://en.wikipedia.org/wiki/Splanchnopleure>
<http://purl.obolibrary.org/obo/UBERON_0004873>	<http://linkedlifedata.com/resource/umls/id/C1519472>
<http://purl.obolibrary.org/obo/UBERON_0004873>	"VHOG:0000558"
<http://purl.obolibrary.org/obo/UBERON_0004873>	"NCIT:C34303"
<http://purl.obolibrary.org/obo/UBERON_0004873>	"UMLS:C1519472"
<http://purl.obolibrary.org/obo/UBERON_0004873>	"EMAPA:16181"
<http://purl.obolibrary.org/obo/UBERON_0004873>	"Wikipedia:Splanchnopleure"
<http://purl.obolibrary.org/obo/UBERON_0003473>	"EMAPA:37241"
<http://purl.obolibrary.org/obo/UBERON_0003473>	"MESH:D013895"
<http://purl.obolibrary.org/obo/UBERON_0003473>	"MA:0001902"
<http://purl.obolibrary.org/obo/UBERON_0018150>	<http://www.snomedbrowser.com/Codes/Details/281630002>
<http://purl.obolibrary.org/obo/UBERON_0018150>	"FMA:24767"
<http://purl.obolibrary.org/obo/UBERON_0018150>	"SCTID:281630002"
<http://purl.obolibrary.org/obo/UBERON_0004831>	"EMAPA:36523"
<http://purl.obolibrary.org/obo/UBERON_0004831>	"MA:0001572"
<http://purl.obolibrary.org/obo/UBERON_0013411>	"MA:0003061"
<http://purl.obolibrary.org/obo/UBERON_0013411>	<http://linkedlifedata.com/resource/umls/id/C0230041>
<http://purl.obolibrary.org/obo/UBERON_0013411>	<http://www.snomedbrowser.com/Codes/Details/264452006>
<http://purl.obolibrary.org/obo/UBERON_0013411>	<http://braininfo.rprc.washington.edu/centraldirectory.aspx?ID=2806>
<http://purl.obolibrary.org/obo/UBERON_0013411>	"UMLS:C0230041"
<http://purl.obolibrary.org/obo/UBERON_0013411>	"NCIT:C77638"
<http://purl.obolibrary.org/obo/UBERON_0013411>	"FMA:9644"
<http://purl.obolibrary.org/obo/UBERON_0013411>	"EMAPA:37497"
<http://purl.obolibrary.org/obo/UBERON_0013411>	<http://en.wikipedia.org/wiki/Cranial_cavity>
<http://purl.obolibrary.org/obo/UBERON_0013411>	"Wikipedia:Cranial_cavity"
<http://purl.obolibrary.org/obo/UBERON_0013411>	"SCTID:264452006"
<http://purl.obolibrary.org/obo/UBERON_0013411>	"neuronames:2806"
<http://purl.obolibrary.org/obo/UBERON_0012321>	<http://www.snomedbrowser.com/Codes/Details/244223002>
<http://purl.obolibrary.org/obo/UBERON_0012321>	"FMA:10659"
<http://purl.obolibrary.org/obo/UBERON_0012321>	<http://en.wikipedia.org/wiki/Deep_cervical_artery>
<http://purl.obolibrary.org/obo/UBERON_0012321>	"Wikipedia:Deep_cervical_artery"
<http://purl.obolibrary.org/obo/UBERON_0012321>	"SCTID:244223002"
<http://purl.obolibrary.org/obo/UBERON_0004120>	"FBbt:00025998"
<http://purl.obolibrary.org/obo/UBERON_0036073>	"EHDAA2:0004071"
<http://purl.obolibrary.org/obo/UBERON_0019263>	"FMA:268630"
<http://purl.obolibrary.org/obo/UBERON_0019263>	"DHBA:10654"
<http://purl.obolibrary.org/obo/UBERON_0010257>	"EHDAA2:0004077"
<http://purl.obolibrary.org/obo/GO_0044297>	"FBbt:00005107"
<http://purl.obolibrary.org/obo/GO_0044297>	"FMA:67301"
<http://purl.obolibrary.org/obo/GO_0044297>	"Wikipedia:Cell_body"
<http://purl.obolibrary.org/obo/UBERON_0003898>	<http://www.snomedbrowser.com/Codes/Details/244848007>
<http://purl.obolibrary.org/obo/UBERON_0003898>	"SCTID:244848007"
<http://purl.obolibrary.org/obo/PATO_0002007>	"Image:http://upload.wikimedia.org/wikipedia/commons/0/06/Convex_polygon_illustration1.png"
<http://purl.obolibrary.org/obo/UBERON_0005068>	"EFO:0003498"
<http://purl.obolibrary.org/obo/UBERON_0005068>	"ZFA:0000133"
<http://purl.obolibrary.org/obo/UBERON_0005068>	"TAO:0000133"
<http://purl.obolibrary.org/obo/UBERON_0003063>	"VHOG:0000086"
<http://purl.obolibrary.org/obo/UBERON_0003063>	"EHDAA:181"
<http://purl.obolibrary.org/obo/UBERON_0003063>	"EHDAA2:0001493"
<http://purl.obolibrary.org/obo/UBERON_0003063>	"FMA:295532"
<http://purl.obolibrary.org/obo/UBERON_0003063>	<http://en.wikipedia.org/wiki/Prechordal_plate>
<http://purl.obolibrary.org/obo/UBERON_0003063>	"AAO:0011085"
<http://purl.obolibrary.org/obo/UBERON_0003063>	"XAO:0000079"
<http://purl.obolibrary.org/obo/UBERON_0003063>	"ZFA:0000060"
<http://purl.obolibrary.org/obo/UBERON_0003063>	"TAO:0000060"
<http://purl.obolibrary.org/obo/UBERON_0003063>	"Wikipedia:Prechordal_plate"
<http://purl.obolibrary.org/obo/UBERON_0005178>	"MA:0000557"
<http://purl.obolibrary.org/obo/UBERON_0005178>	"EMAPA:37273"
<http://purl.obolibrary.org/obo/CL_0000837>	"BTO:0000725"
<http://purl.obolibrary.org/obo/CL_0000837>	"CALOHA:TS-0448"
<http://purl.obolibrary.org/obo/UBERON_0001969>	"GAID:1178"
<http://purl.obolibrary.org/obo/UBERON_0001969>	<http://linkedlifedata.com/resource/umls/id/C0032105>
<http://purl.obolibrary.org/obo/UBERON_0001969>	"MIAA:0000052"
<http://purl.obolibrary.org/obo/UBERON_0001969>	"MESH:D010949"
<http://purl.obolibrary.org/obo/UBERON_0001969>	"EMAPA:35690"
<http://purl.obolibrary.org/obo/UBERON_0001969>	"CALOHA:TS-0800"
<http://purl.obolibrary.org/obo/UBERON_0001969>	"FMA:62970"
<http://purl.obolibrary.org/obo/UBERON_0001969>	"MAT:0000052"
<http://purl.obolibrary.org/obo/UBERON_0001969>	"OpenCyc:Mx4rEg4ZYrIbEduAAAAOpmP6tw"
<http://purl.obolibrary.org/obo/UBERON_0001969>	<http://en.wikipedia.org/wiki/Blood_plasma>
<http://purl.obolibrary.org/obo/UBERON_0001969>	"NCIT:C13356"
<http://purl.obolibrary.org/obo/UBERON_0001969>	"UMLS:C0032105"
<http://purl.obolibrary.org/obo/UBERON_0001969>	"EFO:0001905"
<http://purl.obolibrary.org/obo/UBERON_0001969>	"BTO:0000131"
<http://purl.obolibrary.org/obo/UBERON_0001969>	"MA:0002501"
<http://purl.obolibrary.org/obo/UBERON_0001969>	"Wikipedia:Blood_plasma"
<http://purl.obolibrary.org/obo/UBERON_0004176>	<http://www.snomedbrowser.com/Codes/Details/362207005>
<http://purl.obolibrary.org/obo/UBERON_0004176>	"FMA:45643"
<http://purl.obolibrary.org/obo/UBERON_0004176>	"SCTID:362207005"
<http://purl.obolibrary.org/obo/UBERON_0004733>	"FMA:61998"
<http://purl.obolibrary.org/obo/GO_0016020>	"Wikipedia:Transmembrane_protein"
<http://purl.obolibrary.org/obo/GO_0016020>	"Wikipedia:Biological_membrane"
<http://purl.obolibrary.org/obo/UBERON_0000991>	"WBbt:0005175"
<http://purl.obolibrary.org/obo/UBERON_0000991>	"MESH:D006066"
<http://purl.obolibrary.org/obo/UBERON_0000991>	"XAO:0003146"
<http://purl.obolibrary.org/obo/UBERON_0000991>	"BILA:0000123"
<http://purl.obolibrary.org/obo/UBERON_0000991>	"UMLS:C0018067"
<http://purl.obolibrary.org/obo/UBERON_0000991>	"BTO:0000534"
<http://purl.obolibrary.org/obo/UBERON_0000991>	<http://www.snomedbrowser.com/Codes/Details/304623008>
<http://purl.obolibrary.org/obo/UBERON_0000991>	"FBbt:00004858"
<http://purl.obolibrary.org/obo/UBERON_0000991>	"BSA:0000079"
<http://purl.obolibrary.org/obo/UBERON_0000991>	"GAID:368"
<http://purl.obolibrary.org/obo/UBERON_0000991>	"VHOG:0000397"
<http://purl.obolibrary.org/obo/UBERON_0000991>	"MA:0002420"
<http://purl.obolibrary.org/obo/UBERON_0000991>	"FMA:18250"
<http://purl.obolibrary.org/obo/UBERON_0000991>	"HAO:0000379"
<http://purl.obolibrary.org/obo/UBERON_0000991>	"OpenCyc:Mx4rwQvdiZwpEbGdrcN5Y29ycA"
<http://purl.obolibrary.org/obo/UBERON_0000991>	"TAO:0000413"
<http://purl.obolibrary.org/obo/UBERON_0000991>	"AAO:0000213"
<http://purl.obolibrary.org/obo/UBERON_0000991>	<http://en.wikipedia.org/wiki/Gonad>
<http://purl.obolibrary.org/obo/UBERON_0000991>	"ZFA:0000413"
<http://purl.obolibrary.org/obo/UBERON_0000991>	<http://linkedlifedata.com/resource/umls/id/C0018067>
<http://purl.obolibrary.org/obo/UBERON_0000991>	"NCIT:C12725"
<http://purl.obolibrary.org/obo/UBERON_0000991>	"EMAPA:17383"
<http://purl.obolibrary.org/obo/UBERON_0000991>	"Wikipedia:Gonad"
<http://purl.obolibrary.org/obo/UBERON_0000991>	"SCTID:304623008"
<http://purl.obolibrary.org/obo/UBERON_0002553>	"galen:Cavity"
<http://purl.obolibrary.org/obo/UBERON_0002553>	"MA:0002447"
<http://purl.obolibrary.org/obo/UBERON_0002553>	"EMAPA:37442"
<http://purl.obolibrary.org/obo/UBERON_0002553>	"FMA:67552"
<http://purl.obolibrary.org/obo/UBERON_0002553>	"NCIT:C34007"
<http://purl.obolibrary.org/obo/UBERON_0002553>	"BIRNLEX:1011"
<http://purl.obolibrary.org/obo/UBERON_0011642>	"EHDAA2:0004137"
<http://purl.obolibrary.org/obo/UBERON_0004461>	"FMA:71287"
<http://purl.obolibrary.org/obo/UBERON_0004461>	"EMAPA:18171"
<http://purl.obolibrary.org/obo/UBERON_0003381>	"FMA:83452"
<http://purl.obolibrary.org/obo/UBERON_0003381>	"VHOG:0001236"
<http://purl.obolibrary.org/obo/UBERON_0003381>	"EMAPA:17342"
<http://purl.obolibrary.org/obo/UBERON_0004246>	"EMAPA:37708"
<http://purl.obolibrary.org/obo/UBERON_0004246>	"MA:0000492"
<http://purl.obolibrary.org/obo/UBERON_0001585>	<http://en.wikipedia.org/wiki/Superior_vena_cava>
<http://purl.obolibrary.org/obo/UBERON_0001585>	"MESH:D014683"
<http://purl.obolibrary.org/obo/UBERON_0001585>	"BTO:0002683"
<http://purl.obolibrary.org/obo/UBERON_0001585>	"EHDAA:8726"
<http://purl.obolibrary.org/obo/UBERON_0001585>	<http://linkedlifedata.com/resource/umls/id/C0042459>
<http://purl.obolibrary.org/obo/UBERON_0001585>	"FMA:4720"
<http://purl.obolibrary.org/obo/UBERON_0001585>	<http://www.snomedbrowser.com/Codes/Details/181368006>
<http://purl.obolibrary.org/obo/UBERON_0001585>	"VHOG:0001195"
<http://purl.obolibrary.org/obo/UBERON_0001585>	"MA:0000481"
<http://purl.obolibrary.org/obo/UBERON_0001585>	"EMAPA:18417"
<http://purl.obolibrary.org/obo/UBERON_0001585>	"GAID:549"
<http://purl.obolibrary.org/obo/UBERON_0001585>	"NCIT:C12816"
<http://purl.obolibrary.org/obo/UBERON_0001585>	"EHDAA2:0001962"
<http://purl.obolibrary.org/obo/UBERON_0001585>	"UMLS:C0042459"
<http://purl.obolibrary.org/obo/UBERON_0001585>	"galen:SuperiorVenaCava"
<http://purl.obolibrary.org/obo/UBERON_0001585>	"Wikipedia:Superior_vena_cava"
<http://purl.obolibrary.org/obo/UBERON_0001585>	"SCTID:181368006"
<http://purl.obolibrary.org/obo/UBERON_0006563>	"FMA:85030"
<http://purl.obolibrary.org/obo/UBERON_0004265>	"EHDAA2:0001358"
<http://purl.obolibrary.org/obo/UBERON_0004265>	"VHOG:0000603"
<http://purl.obolibrary.org/obo/UBERON_0004265>	"MA:0000489"
<http://purl.obolibrary.org/obo/UBERON_0004265>	"EMAPA:35623"
<http://purl.obolibrary.org/obo/CHEBI_18085>	"Wikipedia:Glycosaminoglycan"
<http://purl.obolibrary.org/obo/CHEBI_18085>	"KEGG:C02545"
<http://purl.obolibrary.org/obo/CL_0002321>	"WBbt:0007028"
<http://purl.obolibrary.org/obo/CL_0002321>	"FMA:82840"
<http://purl.obolibrary.org/obo/CL_0002321>	"FMA:82841"
<http://purl.obolibrary.org/obo/CL_0002321>	"CALOHA:TS-0263"
<http://purl.obolibrary.org/obo/CL_0002321>	"https://cellxgene.cziscience.com/cellguide/CL_0002321"
<http://purl.obolibrary.org/obo/UBERON_0036294>	"NCIT:C12226"
<http://purl.obolibrary.org/obo/UBERON_0002099>	"GAID:562"
<http://purl.obolibrary.org/obo/UBERON_0002099>	<http://linkedlifedata.com/resource/umls/id/C0018819>
<http://purl.obolibrary.org/obo/UBERON_0002099>	"MESH:D006346"
<http://purl.obolibrary.org/obo/UBERON_0002099>	<http://www.snomedbrowser.com/Codes/Details/362014000>
<http://purl.obolibrary.org/obo/UBERON_0002099>	"EMAPA:35400"
<http://purl.obolibrary.org/obo/UBERON_0002099>	"UMLS:C0018819"
<http://purl.obolibrary.org/obo/UBERON_0002099>	"MA:0000083"
<http://purl.obolibrary.org/obo/UBERON_0002099>	"NCIT:C49485"
<http://purl.obolibrary.org/obo/UBERON_0002099>	"FMA:7180"
<http://purl.obolibrary.org/obo/UBERON_0002099>	"SCTID:362014000"
<http://purl.obolibrary.org/obo/UBERON_0003687>	"TAO:0002045"
<http://purl.obolibrary.org/obo/UBERON_0003687>	"EMAPA:37868"
<http://purl.obolibrary.org/obo/UBERON_0003687>	"ZFA:0005387"
<http://purl.obolibrary.org/obo/UBERON_0003687>	"FMA:75306"
<http://purl.obolibrary.org/obo/UBERON_0003687>	<http://en.wikipedia.org/wiki/Foramen_magnum>
<http://purl.obolibrary.org/obo/UBERON_0003687>	"OpenCyc:Mx4rwOm-FpwpEbGdrcN5Y29ycA"
<http://purl.obolibrary.org/obo/UBERON_0003687>	<http://www.snomedbrowser.com/Codes/Details/244679008>
<http://purl.obolibrary.org/obo/UBERON_0003687>	"AAO:0010826"
<http://purl.obolibrary.org/obo/UBERON_0003687>	"NCIT:C12495"
<http://purl.obolibrary.org/obo/UBERON_0003687>	<http://linkedlifedata.com/resource/umls/id/C0016519>
<http://purl.obolibrary.org/obo/UBERON_0003687>	"MESH:D005539"
<http://purl.obolibrary.org/obo/UBERON_0003687>	"UMLS:C0016519"
<http://purl.obolibrary.org/obo/UBERON_0003687>	"GAID:228"
<http://purl.obolibrary.org/obo/UBERON_0003687>	"SCTID:244679008"
<http://purl.obolibrary.org/obo/UBERON_0003687>	"Wikipedia:Foramen_magnum"
<http://purl.obolibrary.org/obo/UBERON_0011164>	"EMAPA:35238"
<http://purl.obolibrary.org/obo/UBERON_0011164>	"MA:0001478"
<http://purl.obolibrary.org/obo/UBERON_0011164>	<http://www.snomedbrowser.com/Codes/Details/120229002>
<http://purl.obolibrary.org/obo/UBERON_0011164>	"SCTID:120229002"
<http://purl.obolibrary.org/obo/UBERON_0036303>	"FMA:259905"
<http://purl.obolibrary.org/obo/UBERON_0004161>	"FMA:295593"
<http://purl.obolibrary.org/obo/UBERON_0004161>	<http://www.snomedbrowser.com/Codes/Details/308819008>
<http://purl.obolibrary.org/obo/UBERON_0004161>	"VHOG:0000019"
<http://purl.obolibrary.org/obo/UBERON_0004161>	"UMLS:C0231004"
<http://purl.obolibrary.org/obo/UBERON_0004161>	<http://linkedlifedata.com/resource/umls/id/C0231004>
<http://purl.obolibrary.org/obo/UBERON_0004161>	"NCIT:C34296"
<http://purl.obolibrary.org/obo/UBERON_0004161>	"EMAPA:16318"
<http://purl.obolibrary.org/obo/UBERON_0004161>	"EHDAA:736"
<http://purl.obolibrary.org/obo/UBERON_0004161>	<http://en.wikipedia.org/wiki/Septum_transversum>
<http://purl.obolibrary.org/obo/UBERON_0004161>	"EHDAA2:0001829"
<http://purl.obolibrary.org/obo/UBERON_0004161>	"Wikipedia:Septum_transversum"
<http://purl.obolibrary.org/obo/UBERON_0004161>	"SCTID:308819008"
<http://purl.obolibrary.org/obo/UBERON_0009842>	"FMA:55588"
<http://purl.obolibrary.org/obo/UBERON_0009842>	<http://en.wikipedia.org/wiki/Acinus>
<http://purl.obolibrary.org/obo/UBERON_0009842>	"Wikipedia:Acinus"
<http://purl.obolibrary.org/obo/UBERON_0014477>	"FMA:77169"
<http://purl.obolibrary.org/obo/UBERON_0014477>	"EHDAA2:0002013"
<http://purl.obolibrary.org/obo/UBERON_0014477>	<http://en.wikipedia.org/wiki/Thoracic_skeleton>
<http://purl.obolibrary.org/obo/UBERON_0014477>	"Wikipedia:Thoracic_skeleton"
<http://purl.obolibrary.org/obo/UBERON_0009856>	"galen:Diverticulum"
<http://purl.obolibrary.org/obo/GO_0031410>	"NIF_Subcellular:sao180601769"
<http://purl.obolibrary.org/obo/UBERON_0001653>	"UMLS:C0226532"
<http://purl.obolibrary.org/obo/UBERON_0001653>	"NCIT:C32579"
<http://purl.obolibrary.org/obo/UBERON_0001653>	"FMA:50874"
<http://purl.obolibrary.org/obo/UBERON_0001653>	"AAO:0010513"
<http://purl.obolibrary.org/obo/UBERON_0001653>	<http://www.snomedbrowser.com/Codes/Details/181374006>
<http://purl.obolibrary.org/obo/UBERON_0001653>	"OpenCyc:Mx4rvziz3JwpEbGdrcN5Y29ycA"
<http://purl.obolibrary.org/obo/UBERON_0001653>	"EMAPA:19220"
<http://purl.obolibrary.org/obo/UBERON_0001653>	<http://linkedlifedata.com/resource/umls/id/C0226532>
<http://purl.obolibrary.org/obo/UBERON_0001653>	<http://en.wikipedia.org/wiki/Facial_vein>
<http://purl.obolibrary.org/obo/UBERON_0001653>	"MA:0002115"
<http://purl.obolibrary.org/obo/UBERON_0001653>	"SCTID:181374006"
<http://purl.obolibrary.org/obo/UBERON_0001653>	"Wikipedia:Facial_vein"
<http://purl.obolibrary.org/obo/UBERON_0000970>	"MIAA:0000140"
<http://purl.obolibrary.org/obo/UBERON_0000970>	"GAID:69"
<http://purl.obolibrary.org/obo/UBERON_0000970>	"EFO:0000827"
<http://purl.obolibrary.org/obo/UBERON_0000970>	"CALOHA:TS-0309"
<http://purl.obolibrary.org/obo/UBERON_0000970>	"FBbt:00005162"
<http://purl.obolibrary.org/obo/UBERON_0000970>	"BILA:0000017"
<http://purl.obolibrary.org/obo/UBERON_0000970>	<http://en.wikipedia.org/wiki/Eye>
<http://purl.obolibrary.org/obo/UBERON_0000970>	"BTO:0000439"
<http://purl.obolibrary.org/obo/UBERON_0000970>	"EV:0100336"
<http://purl.obolibrary.org/obo/UBERON_0000970>	"MESH:D005123"
<http://purl.obolibrary.org/obo/UBERON_0000970>	"OpenCyc:Mx4rvViTvpwpEbGdrcN5Y29ycA"
<http://purl.obolibrary.org/obo/UBERON_0000970>	"MAT:0000140"
<http://purl.obolibrary.org/obo/UBERON_0000970>	"Wikipedia:Eye"
<http://purl.obolibrary.org/obo/UBERON_0004572>	"VHOG:0000273"
<http://purl.obolibrary.org/obo/UBERON_0004572>	<http://www.snomedbrowser.com/Codes/Details/362030008>
<http://purl.obolibrary.org/obo/UBERON_0004572>	"EHDAA:396"
<http://purl.obolibrary.org/obo/UBERON_0004572>	"EMAPA:16371"
<http://purl.obolibrary.org/obo/UBERON_0004572>	"EHDAA2:0000143"
<http://purl.obolibrary.org/obo/UBERON_0004572>	"MA:0002719"
<http://purl.obolibrary.org/obo/UBERON_0004572>	"BTO:0004690"
<http://purl.obolibrary.org/obo/UBERON_0004572>	"EMAPA:16201"
<http://purl.obolibrary.org/obo/UBERON_0004572>	"SCTID:362030008"
<http://purl.obolibrary.org/obo/UBERON_0036553>	"FMA:231590"
<http://purl.obolibrary.org/obo/UBERON_0000075>	"UMLS:C1519343"
<http://purl.obolibrary.org/obo/UBERON_0000075>	<http://linkedlifedata.com/resource/umls/id/C1519343>
<http://purl.obolibrary.org/obo/UBERON_0000075>	"FMA:85544"
<http://purl.obolibrary.org/obo/UBERON_0000075>	"NCIT:C34076"
<http://purl.obolibrary.org/obo/UBERON_0000075>	<http://www.snomedbrowser.com/Codes/Details/118966000>
<http://purl.obolibrary.org/obo/UBERON_0000075>	"galen:ComplexSkeletalStructure"
<http://purl.obolibrary.org/obo/UBERON_0000075>	"SCTID:118966000"
<http://purl.obolibrary.org/obo/CL_0000100>	"WBbt:0005409"
<http://purl.obolibrary.org/obo/CL_0000100>	"FMA:83617"
<http://purl.obolibrary.org/obo/CL_0000100>	"BTO:0000312"
<http://purl.obolibrary.org/obo/UBERON_0011565>	<http://www.snomedbrowser.com/Codes/Details/432899004>
<http://purl.obolibrary.org/obo/UBERON_0011565>	"FMA:54364"
<http://purl.obolibrary.org/obo/UBERON_0011565>	"SCTID:432899004"
<http://purl.obolibrary.org/obo/UBERON_0004698>	"MA:0000713"
<http://purl.obolibrary.org/obo/UBERON_0004698>	"EMAPA:37800"
<http://purl.obolibrary.org/obo/UBERON_0004698>	<http://linkedlifedata.com/resource/umls/id/C1710623>
<http://purl.obolibrary.org/obo/UBERON_0004698>	"UMLS:C1710623"
<http://purl.obolibrary.org/obo/UBERON_0004698>	"NCIT:C49318"
<http://purl.obolibrary.org/obo/UBERON_0010259>	"EMAPA:16129"
<http://purl.obolibrary.org/obo/UBERON_0005062>	<http://www.snomedbrowser.com/Codes/Details/361461009>
<http://purl.obolibrary.org/obo/UBERON_0005062>	"EHDAA2:0001249"
<http://purl.obolibrary.org/obo/UBERON_0005062>	<http://braininfo.rprc.washington.edu/centraldirectory.aspx?ID=1364>
<http://purl.obolibrary.org/obo/UBERON_0005062>	"FMA:295618"
<http://purl.obolibrary.org/obo/UBERON_0005062>	"XAO:0004087"
<http://purl.obolibrary.org/obo/UBERON_0005062>	"NCIT:C34223"
<http://purl.obolibrary.org/obo/UBERON_0005062>	<http://linkedlifedata.com/resource/umls/id/C0814993>
<http://purl.obolibrary.org/obo/UBERON_0005062>	<http://en.wikipedia.org/wiki/Neural_fold>
<http://purl.obolibrary.org/obo/UBERON_0005062>	"UMLS:C0814993"
<http://purl.obolibrary.org/obo/UBERON_0005062>	"neuronames:1364"
<http://purl.obolibrary.org/obo/UBERON_0005062>	"SCTID:361461009"
<http://purl.obolibrary.org/obo/UBERON_0005062>	"Wikipedia:Neural_fold"
<http://purl.obolibrary.org/obo/UBERON_0003833>	"EMAPA:37060"
<http://purl.obolibrary.org/obo/UBERON_0003833>	"MA:0000527"
<http://purl.obolibrary.org/obo/UBERON_0005172>	"MA:0000522"
<http://purl.obolibrary.org/obo/UBERON_0005172>	<http://www.snomedbrowser.com/Codes/Details/272631008>
<http://purl.obolibrary.org/obo/UBERON_0005172>	"SCTID:272631008"
<http://purl.obolibrary.org/obo/UBERON_0013768>	"EMAPA:36460"
<http://purl.obolibrary.org/obo/UBERON_0013768>	<http://www.snomedbrowser.com/Codes/Details/304066000>
<http://purl.obolibrary.org/obo/UBERON_0013768>	<http://en.wikipedia.org/wiki/Great_vessels>
<http://purl.obolibrary.org/obo/UBERON_0013768>	"Wikipedia:Great_vessels"
<http://purl.obolibrary.org/obo/UBERON_0013768>	"SCTID:304066000"
<http://purl.obolibrary.org/obo/UBERON_0001981>	"MESH:D001808"
<http://purl.obolibrary.org/obo/UBERON_0001981>	"NCIT:C12679"
<http://purl.obolibrary.org/obo/UBERON_0001981>	<http://linkedlifedata.com/resource/umls/id/C0005847>
<http://purl.obolibrary.org/obo/UBERON_0001981>	"MA:0000060"
<http://purl.obolibrary.org/obo/UBERON_0001981>	"EMAPA:35993"
<http://purl.obolibrary.org/obo/UBERON_0001981>	"FMA:50722"
<http://purl.obolibrary.org/obo/UBERON_0001981>	"AEO:0000207"
<http://purl.obolibrary.org/obo/UBERON_0001981>	"EFO:0000817"
<http://purl.obolibrary.org/obo/UBERON_0001981>	"NLXANAT:090901"
<http://purl.obolibrary.org/obo/UBERON_0001981>	"UMLS:C0005847"
<http://purl.obolibrary.org/obo/UBERON_0001981>	"EHDAA2:0003252"
<http://purl.obolibrary.org/obo/UBERON_0001981>	"GAID:169"
<http://purl.obolibrary.org/obo/UBERON_0001981>	"VHOG:0001250"
<http://purl.obolibrary.org/obo/UBERON_0001981>	"XAO:0001011"
<http://purl.obolibrary.org/obo/UBERON_0001981>	<http://en.wikipedia.org/wiki/Blood_vessel>
<http://purl.obolibrary.org/obo/UBERON_0001981>	"AAO:0011004"
<http://purl.obolibrary.org/obo/UBERON_0001981>	"ZFA:0005314"
<http://purl.obolibrary.org/obo/UBERON_0001981>	"EMAPA:32743"
<http://purl.obolibrary.org/obo/UBERON_0001981>	"TAO:0002137"
<http://purl.obolibrary.org/obo/UBERON_0001981>	"CALOHA:TS-0080"
<http://purl.obolibrary.org/obo/UBERON_0001981>	"MAT:0000393"
<http://purl.obolibrary.org/obo/UBERON_0001981>	"FMA:63183"
<http://purl.obolibrary.org/obo/UBERON_0001981>	"OpenCyc:Mx4rvVjxlpwpEbGdrcN5Y29ycA"
<http://purl.obolibrary.org/obo/UBERON_0001981>	"EHDAA:240"
<http://purl.obolibrary.org/obo/UBERON_0001981>	"BTO:0001102"
<http://purl.obolibrary.org/obo/UBERON_0001981>	<http://www.snomedbrowser.com/Codes/Details/361097006>
<http://purl.obolibrary.org/obo/UBERON_0001981>	"SCTID:361097006"
<http://purl.obolibrary.org/obo/UBERON_0001981>	"Wikipedia:Blood_vessel"
<http://purl.obolibrary.org/obo/UBERON_0007828>	"MA:0000291"
<http://purl.obolibrary.org/obo/UBERON_0007828>	"EMAPA:35379"
<http://purl.obolibrary.org/obo/CL_0000049>	"BTO:0004730"
<http://purl.obolibrary.org/obo/UBERON_0012430>	"FMA:58102"
<http://purl.obolibrary.org/obo/UBERON_0012430>	<http://www.snomedbrowser.com/Codes/Details/361318005>
<http://purl.obolibrary.org/obo/UBERON_0012430>	<http://en.wikipedia.org/wiki/Fibrous_tunic_of_eyeball>
<http://purl.obolibrary.org/obo/UBERON_0012430>	"SCTID:361318005"
<http://purl.obolibrary.org/obo/UBERON_0012430>	"Wikipedia:Fibrous_tunic_of_eyeball"
<http://purl.obolibrary.org/obo/UBERON_0003509>	"EMAPA:35144"
<http://purl.obolibrary.org/obo/UBERON_0003509>	"MA:0000061"
<http://purl.obolibrary.org/obo/UBERON_0004016>	"AEO:0001017"
<http://purl.obolibrary.org/obo/UBERON_0004016>	"EHDAA:1719"
<http://purl.obolibrary.org/obo/UBERON_0004016>	"UMLS:C0180383"
<http://purl.obolibrary.org/obo/UBERON_0004016>	<http://linkedlifedata.com/resource/umls/id/C0180383>
<http://purl.obolibrary.org/obo/UBERON_0004016>	"AAO:0011028"
<http://purl.obolibrary.org/obo/UBERON_0004016>	"EHDAA:1731"
<http://purl.obolibrary.org/obo/UBERON_0004016>	"EHDAA:1737"
<http://purl.obolibrary.org/obo/UBERON_0004016>	"EHDAA:1725"
<http://purl.obolibrary.org/obo/UBERON_0004016>	"NCIT:C61572"
<http://purl.obolibrary.org/obo/UBERON_0004016>	"XAO:0000220"
<http://purl.obolibrary.org/obo/UBERON_0004016>	<http://en.wikipedia.org/wiki/Dermatome_(embryology)>
<http://purl.obolibrary.org/obo/UBERON_0004016>	"EMAPA:32838"
<http://purl.obolibrary.org/obo/UBERON_0004016>	"FMA:295656"
<http://purl.obolibrary.org/obo/UBERON_0004016>	"EHDAA2_RETIRED:0003428"
<http://purl.obolibrary.org/obo/UBERON_0004016>	"Wikipedia:Dermatome_(embryology)"
<http://purl.obolibrary.org/obo/UBERON_0003478>	"MA:0002253"
<http://purl.obolibrary.org/obo/UBERON_0003478>	<http://www.snomedbrowser.com/Codes/Details/422955002>
<http://purl.obolibrary.org/obo/UBERON_0003478>	"EMAPA:37202"
<http://purl.obolibrary.org/obo/UBERON_0003478>	"FMA:52541"
<http://purl.obolibrary.org/obo/UBERON_0003478>	<http://en.wikipedia.org/wiki/Inferior_labial_vein>
<http://purl.obolibrary.org/obo/UBERON_0003478>	"SCTID:422955002"
<http://purl.obolibrary.org/obo/UBERON_0003478>	"Wikipedia:Inferior_labial_vein"
<http://purl.obolibrary.org/obo/UBERON_0002240>	"CALOHA:TS-0953"
<http://purl.obolibrary.org/obo/UBERON_0002240>	"UMLS:C0037925"
<http://purl.obolibrary.org/obo/UBERON_0002240>	"AAO:0010151"
<http://purl.obolibrary.org/obo/UBERON_0002240>	<http://linkedlifedata.com/resource/umls/id/C0037925>
<http://purl.obolibrary.org/obo/UBERON_0002240>	<http://www.snomedbrowser.com/Codes/Details/180959008>
<http://purl.obolibrary.org/obo/UBERON_0002240>	"MAT:0000183"
<http://purl.obolibrary.org/obo/UBERON_0002240>	"FMA:7647"
<http://purl.obolibrary.org/obo/UBERON_0002240>	"DHBA:12890"
<http://purl.obolibrary.org/obo/UBERON_0002240>	"http://braininfo.rprc.washington.edu/centraldirectory.aspx?ID=22"
<http://purl.obolibrary.org/obo/UBERON_0002240>	<http://braininfo.rprc.washington.edu/centraldirectory.aspx?ID=22>
<http://purl.obolibrary.org/obo/UBERON_0002240>	"BM:SpC"
<http://purl.obolibrary.org/obo/UBERON_0002240>	"MIAA:0000183"
<http://purl.obolibrary.org/obo/UBERON_0002240>	"MESH:D013116"
<http://purl.obolibrary.org/obo/UBERON_0002240>	"EHDAA:2863"
<http://purl.obolibrary.org/obo/UBERON_0002240>	"BTO:0001279"
<http://purl.obolibrary.org/obo/UBERON_0002240>	"EV:0100316"
<http://purl.obolibrary.org/obo/UBERON_0002240>	"EMAPA:17577"
<http://purl.obolibrary.org/obo/UBERON_0002240>	"OpenCyc:Mx4rvVjjk5wpEbGdrcN5Y29ycA"
<http://purl.obolibrary.org/obo/UBERON_0002240>	"TAO:0000075"
<http://purl.obolibrary.org/obo/UBERON_0002240>	"EFO:0000110"
<http://purl.obolibrary.org/obo/UBERON_0002240>	"NCIT:C12464"
<http://purl.obolibrary.org/obo/UBERON_0002240>	"GAID:695"
<http://purl.obolibrary.org/obo/UBERON_0002240>	"BIRNLEX:1709"
<http://purl.obolibrary.org/obo/UBERON_0002240>	"MA:0000216"
<http://purl.obolibrary.org/obo/UBERON_0002240>	"BAMS:Spinal"
<http://purl.obolibrary.org/obo/UBERON_0002240>	"VHOG:0000601"
<http://purl.obolibrary.org/obo/UBERON_0002240>	"ZFA:0000075"
<http://purl.obolibrary.org/obo/UBERON_0002240>	"DMBA:17651"
<http://purl.obolibrary.org/obo/UBERON_0002240>	"EHDAA2:0001255"
<http://purl.obolibrary.org/obo/UBERON_0002240>	"XAO:0000020"
<http://purl.obolibrary.org/obo/UBERON_0002240>	<http://en.wikipedia.org/wiki/Spinal_cord>
<http://purl.obolibrary.org/obo/UBERON_0002240>	"BAMS:SP"
<http://purl.obolibrary.org/obo/UBERON_0002240>	"Wikipedia:Spinal_cord"
<http://purl.obolibrary.org/obo/UBERON_0002240>	"SCTID:180959008"
<http://purl.obolibrary.org/obo/GO_0005886>	"NIF_Subcellular:sao1663586795"
<http://purl.obolibrary.org/obo/GO_0005886>	"Wikipedia:Cell_membrane"
<http://purl.obolibrary.org/obo/UBERON_0006347>	"NCIT:C52851"
<http://purl.obolibrary.org/obo/UBERON_0006347>	<http://linkedlifedata.com/resource/umls/id/C1707451>
<http://purl.obolibrary.org/obo/UBERON_0006347>	"EMAPA:18598"
<http://purl.obolibrary.org/obo/UBERON_0006347>	"UMLS:C1707451"
<http://purl.obolibrary.org/obo/UBERON_0006347>	"MA:0001938"
<http://purl.obolibrary.org/obo/UBERON_0004111>	"FMA:242873"
<http://purl.obolibrary.org/obo/UBERON_0004111>	"EHDAA2:0003080"
<http://purl.obolibrary.org/obo/UBERON_0004111>	<http://en.wikipedia.org/wiki/Foramen>
<http://purl.obolibrary.org/obo/UBERON_0004111>	"AEO:0000080"
<http://purl.obolibrary.org/obo/UBERON_0004111>	<http://www.snomedbrowser.com/Codes/Details/346902003>
<http://purl.obolibrary.org/obo/UBERON_0004111>	"Wikipedia:Foramen"
<http://purl.obolibrary.org/obo/UBERON_0004111>	"SCTID:346902003"
<http://purl.obolibrary.org/obo/UBERON_0000485>	<http://linkedlifedata.com/resource/umls/id/C0836135>
<http://purl.obolibrary.org/obo/UBERON_0000485>	"TAO:0001496"
<http://purl.obolibrary.org/obo/UBERON_0000485>	"AAO:0010063"
<http://purl.obolibrary.org/obo/UBERON_0000485>	"AEO:0000068"
<http://purl.obolibrary.org/obo/UBERON_0000485>	"ZFA:0001496"
<http://purl.obolibrary.org/obo/UBERON_0000485>	"NCIT:C33552"
<http://purl.obolibrary.org/obo/UBERON_0000485>	"BILA:0000068"
<http://purl.obolibrary.org/obo/UBERON_0000485>	"XAO:0004008"
<http://purl.obolibrary.org/obo/UBERON_0000485>	"CARO:0000068"
<http://purl.obolibrary.org/obo/UBERON_0000485>	"FBbt:00007027"
<http://purl.obolibrary.org/obo/UBERON_0000485>	<http://en.wikipedia.org/wiki/Simple_columnar_epithelium>
<http://purl.obolibrary.org/obo/UBERON_0000485>	"EHDAA2_RETIRED:0003068"
<http://purl.obolibrary.org/obo/UBERON_0000485>	<http://www.snomedbrowser.com/Codes/Details/32210007>
<http://purl.obolibrary.org/obo/UBERON_0000485>	"FMA:45567"
<http://purl.obolibrary.org/obo/UBERON_0000485>	"UMLS:C0836135"
<http://purl.obolibrary.org/obo/UBERON_0000485>	"HAO:0000068"
<http://purl.obolibrary.org/obo/UBERON_0000485>	"Wikipedia:Simple_columnar_epithelium"
<http://purl.obolibrary.org/obo/UBERON_0000485>	"SCTID:32210007"
<http://purl.obolibrary.org/obo/GO_0007369>	"Wikipedia:Gastrulation"
<http://purl.obolibrary.org/obo/GO_0007369>	"Reactome:R-HSA-9758941"
<http://purl.obolibrary.org/obo/UBERON_0005691>	"FMA:295702"
<http://purl.obolibrary.org/obo/UBERON_0005691>	"EMAPA:16770"
<http://purl.obolibrary.org/obo/UBERON_0005691>	"EHDAA:1677"
<http://purl.obolibrary.org/obo/UBERON_0005691>	"EHDAA2:0000096"
<http://purl.obolibrary.org/obo/UBERON_0005691>	"VHOG:0001052"
<http://purl.obolibrary.org/obo/UBERON_0007100>	<http://www.sciencemag.org/content/313/5795/1922/F1.large.jpg>
<http://purl.obolibrary.org/obo/UBERON_0007100>	"FBbt:00003154"
<http://purl.obolibrary.org/obo/UBERON_0007100>	"TADS:0000147"
<http://purl.obolibrary.org/obo/UBERON_0007100>	"SPD:0000130"
<http://purl.obolibrary.org/obo/UBERON_0007100>	"http://www.sciencemag.org/content/313/5795/1922/F1.large.jpg"
<http://purl.obolibrary.org/obo/CL_0008002>	"MESH:D018485"
<http://purl.obolibrary.org/obo/UBERON_0035398>	<http://www.snomedbrowser.com/Codes/Details/244216003>
<http://purl.obolibrary.org/obo/UBERON_0035398>	"NCIT:C32552"
<http://purl.obolibrary.org/obo/UBERON_0035398>	<http://linkedlifedata.com/resource/umls/id/C0447038>
<http://purl.obolibrary.org/obo/UBERON_0035398>	"FMA:70505"
<http://purl.obolibrary.org/obo/UBERON_0035398>	"UMLS:C0447038"
<http://purl.obolibrary.org/obo/UBERON_0035398>	"SCTID:244216003"
<http://purl.obolibrary.org/obo/CL_0011012>	"https://cellxgene.cziscience.com/cellguide/CL_0011012"
<http://purl.obolibrary.org/obo/UBERON_0004766>	<http://www.snomedbrowser.com/Codes/Details/181792001>
<http://purl.obolibrary.org/obo/UBERON_0004766>	"SCTID:181792001"
<http://purl.obolibrary.org/obo/CHEBI_72813>	"Wikipedia:Extracellular_polymeric_substance"
<http://purl.obolibrary.org/obo/CHEBI_72813>	"MetaCyc:Exopolysaccharides"
<http://purl.obolibrary.org/obo/CHEBI_72813>	"Wikipedia:Exopolysaccharide"
<http://purl.obolibrary.org/obo/UBERON_0000060>	"FMA:82482"
<http://purl.obolibrary.org/obo/UBERON_0000060>	"galen:Wall"
<http://purl.obolibrary.org/obo/UBERON_0000060>	"EMAPA:25036"
<http://purl.obolibrary.org/obo/UBERON_0002323>	"AEO:0000186"
<http://purl.obolibrary.org/obo/UBERON_0002323>	"TAO:0001438"
<http://purl.obolibrary.org/obo/UBERON_0002323>	"NCIT:C25444"
<http://purl.obolibrary.org/obo/UBERON_0002323>	"BTO:0001707"
<http://purl.obolibrary.org/obo/UBERON_0002323>	<http://www.snomedbrowser.com/Codes/Details/361348008>
<http://purl.obolibrary.org/obo/UBERON_0002323>	"galen:BodyCavity"
<http://purl.obolibrary.org/obo/UBERON_0002323>	"FBbt:00005060"
<http://purl.obolibrary.org/obo/UBERON_0002323>	"EHDAA2:0000267"
<http://purl.obolibrary.org/obo/UBERON_0002323>	"RETIRED_EHDAA2:0003186"
<http://purl.obolibrary.org/obo/UBERON_0002323>	<http://linkedlifedata.com/resource/umls/id/C0333343>
<http://purl.obolibrary.org/obo/UBERON_0002323>	"ZFA:0001438"
<http://purl.obolibrary.org/obo/UBERON_0002323>	"FMA:85006"
<http://purl.obolibrary.org/obo/UBERON_0002323>	"UMLS:C0333343"
<http://purl.obolibrary.org/obo/UBERON_0002323>	"SCTID:361348008"
<http://purl.obolibrary.org/obo/UBERON_0003439>	"EMAPA:37264"
<http://purl.obolibrary.org/obo/UBERON_0003439>	"MA:0000515"
<http://purl.obolibrary.org/obo/UBERON_0004573>	"FMA:66464"
<http://purl.obolibrary.org/obo/UBERON_0004573>	"EMAPA:37126"
<http://purl.obolibrary.org/obo/UBERON_0004573>	<http://en.wikipedia.org/wiki/Artery#Systemic_arteries>
<http://purl.obolibrary.org/obo/UBERON_0004573>	"Wikipedia:Artery#Systemic_arteries"
<http://purl.obolibrary.org/obo/UBERON_0012054>	"EMAPA:31134"
<http://purl.obolibrary.org/obo/UBERON_0012054>	"VHOG:0001283"
<http://purl.obolibrary.org/obo/UBERON_0010230>	<http://www.snomedbrowser.com/Codes/Details/244486005>
<http://purl.obolibrary.org/obo/UBERON_0010230>	"VHOG:0001616"
<http://purl.obolibrary.org/obo/UBERON_0010230>	"MIAA:0000283"
<http://purl.obolibrary.org/obo/UBERON_0010230>	"FMA:12513"
<http://purl.obolibrary.org/obo/UBERON_0010230>	<http://en.wikipedia.org/wiki/Globe_(human_eye)>
<http://purl.obolibrary.org/obo/UBERON_0010230>	"Wikipedia:Globe_(human_eye)"
<http://purl.obolibrary.org/obo/UBERON_0010230>	"SCTID:244486005"
<http://purl.obolibrary.org/obo/UBERON_0010741>	"MA:0000612"
<http://purl.obolibrary.org/obo/UBERON_0010741>	"EMAPA:32623"
<http://purl.obolibrary.org/obo/UBERON_0010741>	"EMAPA:35933"
<http://purl.obolibrary.org/obo/UBERON_0005594>	"EMAPA:16172"
<http://purl.obolibrary.org/obo/UBERON_0005594>	"XAO:0000313"
<http://purl.obolibrary.org/obo/UBERON_0005594>	"EHDAA2:0003437"
<http://purl.obolibrary.org/obo/UBERON_0001534>	"OpenCyc:Mx4rtW7hwqgEEdudWQACs5b6Bw"
<http://purl.obolibrary.org/obo/UBERON_0001534>	"OpenCyc:Mx8Ngh4rvgHsHZwpEbGdrcN5Y29ycB4rvp8u1JwpEbGdrcN5Y29ycA"
<http://purl.obolibrary.org/obo/UBERON_0001534>	<http://en.wikipedia.org/wiki/Subclavian_artery>
<http://purl.obolibrary.org/obo/UBERON_0001534>	"NCIT:C33490"
<http://purl.obolibrary.org/obo/UBERON_0001534>	"MA:0002047"
<http://purl.obolibrary.org/obo/UBERON_0001534>	<http://www.snomedbrowser.com/Codes/Details/244246000>
<http://purl.obolibrary.org/obo/UBERON_0001534>	<http://linkedlifedata.com/resource/umls/id/C0226261>
<http://purl.obolibrary.org/obo/UBERON_0001534>	"EHDAA2:0004514"
<http://purl.obolibrary.org/obo/UBERON_0001534>	"EMAPA:37384"
<http://purl.obolibrary.org/obo/UBERON_0001534>	"FMA:3953"
<http://purl.obolibrary.org/obo/UBERON_0001534>	"UMLS:C0226261"
<http://purl.obolibrary.org/obo/UBERON_0001534>	"SCTID:244246000"
<http://purl.obolibrary.org/obo/UBERON_0001534>	"Wikipedia:Subclavian_artery"
<http://purl.obolibrary.org/obo/GO_0050906>	"Wikipedia:Transduction_(physiology)"
<http://purl.obolibrary.org/obo/CL_0000740>	"BTO:0001800"
<http://purl.obolibrary.org/obo/CL_0000740>	"FMA:67765"
<http://purl.obolibrary.org/obo/CL_0000740>	"MESH:D012165"
<http://purl.obolibrary.org/obo/UBERON_0005944>	"EMAPA:18043"
<http://purl.obolibrary.org/obo/UBERON_0005944>	<http://www.snomedbrowser.com/Codes/Details/361725000>
<http://purl.obolibrary.org/obo/UBERON_0005944>	"UMLS:C0222645"
<http://purl.obolibrary.org/obo/UBERON_0005944>	"EMAPA:17214"
<http://purl.obolibrary.org/obo/UBERON_0005944>	<http://linkedlifedata.com/resource/umls/id/C0222645>
<http://purl.obolibrary.org/obo/UBERON_0005944>	"NCIT:C32172"
<http://purl.obolibrary.org/obo/UBERON_0005944>	"AAO:0000963"
<http://purl.obolibrary.org/obo/UBERON_0005944>	<http://en.wikipedia.org/wiki/Axial_skeleton>
<http://purl.obolibrary.org/obo/UBERON_0005944>	"XAO:0004011"
<http://purl.obolibrary.org/obo/UBERON_0005944>	"VSAO:0000056"
<http://purl.obolibrary.org/obo/UBERON_0005944>	"MA:0000308"
<http://purl.obolibrary.org/obo/UBERON_0005944>	"SCTID:361725000"
<http://purl.obolibrary.org/obo/UBERON_0005944>	"Wikipedia:Axial_skeleton"
<http://purl.obolibrary.org/obo/UBERON_0004237>	"ZFA:0005321"
<http://purl.obolibrary.org/obo/UBERON_0004237>	"BTO:0001431"
<http://purl.obolibrary.org/obo/UBERON_0004237>	"MA:0000710"
<http://purl.obolibrary.org/obo/UBERON_0004237>	"TAO:0005321"
<http://purl.obolibrary.org/obo/UBERON_0004237>	"UMLS:C1519956"
<http://purl.obolibrary.org/obo/UBERON_0004237>	"EMAPA:35177"
<http://purl.obolibrary.org/obo/UBERON_0004237>	<http://linkedlifedata.com/resource/umls/id/C1519956>
<http://purl.obolibrary.org/obo/UBERON_0004237>	"CALOHA:TS-1107"
<http://purl.obolibrary.org/obo/UBERON_0004237>	"NCIT:C33853"
<http://purl.obolibrary.org/obo/UBERON_0004237>	<http://en.wikipedia.org/wiki/Vascular_smooth_muscle>
<http://purl.obolibrary.org/obo/UBERON_0004237>	"MESH:D009131"
<http://purl.obolibrary.org/obo/UBERON_0004237>	"Wikipedia:Vascular_smooth_muscle"
<http://purl.obolibrary.org/obo/UBERON_0003386>	"MA:0001268"
<http://purl.obolibrary.org/obo/UBERON_0003386>	"EMAPA:18807"
<http://purl.obolibrary.org/obo/UBERON_0006960>	"UMLS:C0737271"
<http://purl.obolibrary.org/obo/UBERON_0006960>	<http://en.wikipedia.org/wiki/Stroma_of_ovary>
<http://purl.obolibrary.org/obo/UBERON_0006960>	"CALOHA:TS-1246"
<http://purl.obolibrary.org/obo/UBERON_0006960>	<http://www.snomedbrowser.com/Codes/Details/259306002>
<http://purl.obolibrary.org/obo/UBERON_0006960>	"EMAPA:28880"
<http://purl.obolibrary.org/obo/UBERON_0006960>	<http://linkedlifedata.com/resource/umls/id/C0737271>
<http://purl.obolibrary.org/obo/UBERON_0006960>	"NCIT:C33638"
<http://purl.obolibrary.org/obo/UBERON_0006960>	"MA:0002991"
<http://purl.obolibrary.org/obo/UBERON_0006960>	"FMA:18626"
<http://purl.obolibrary.org/obo/UBERON_0006960>	"Wikipedia:Stroma_of_ovary"
<http://purl.obolibrary.org/obo/UBERON_0006960>	"SCTID:259306002"
<http://purl.obolibrary.org/obo/UBERON_0004291>	"ZFA:0000115"
<http://purl.obolibrary.org/obo/UBERON_0004291>	"TAO:0000115"
<http://purl.obolibrary.org/obo/UBERON_0002204>	"AAO:0010546"
<http://purl.obolibrary.org/obo/UBERON_0002204>	"NCIT:C12754"
<http://purl.obolibrary.org/obo/UBERON_0002204>	"EMAPA:32714"
<http://purl.obolibrary.org/obo/UBERON_0002204>	"OpenCyc:Mx4rQRpVNgAKEdyHxgDggVfs8g"
<http://purl.obolibrary.org/obo/UBERON_0002204>	<http://www.snomedbrowser.com/Codes/Details/278858007>
<http://purl.obolibrary.org/obo/UBERON_0002204>	"CALOHA:TS-1311"
<http://purl.obolibrary.org/obo/UBERON_0002204>	"XAO:0000168"
<http://purl.obolibrary.org/obo/UBERON_0002204>	"VHOG:0001275"
<http://purl.obolibrary.org/obo/UBERON_0002204>	"EV:0100139"
<http://purl.obolibrary.org/obo/UBERON_0002204>	"UMLS:C0026860"
<http://purl.obolibrary.org/obo/UBERON_0002204>	"FMA:7482"
<http://purl.obolibrary.org/obo/UBERON_0002204>	"MA:0002418"
<http://purl.obolibrary.org/obo/UBERON_0002204>	"MESH:D009141"
<http://purl.obolibrary.org/obo/UBERON_0002204>	"VSAO:0000031"
<http://purl.obolibrary.org/obo/UBERON_0002204>	<http://en.wikipedia.org/wiki/Musculoskeletal_system>
<http://purl.obolibrary.org/obo/UBERON_0002204>	<http://linkedlifedata.com/resource/umls/id/C0026860>
<http://purl.obolibrary.org/obo/UBERON_0002204>	"GAID:98"
<http://purl.obolibrary.org/obo/UBERON_0002204>	"SCTID:278858007"
<http://purl.obolibrary.org/obo/UBERON_0002204>	"Wikipedia:Musculoskeletal_system"
<http://purl.obolibrary.org/obo/UBERON_0010096>	"EHDAA2:0000640"
<http://purl.obolibrary.org/obo/UBERON_0003081>	"EHDAA2:0000919"
<http://purl.obolibrary.org/obo/UBERON_0003081>	"VHOG:0000118"
<http://purl.obolibrary.org/obo/UBERON_0003081>	"NCIT:C34199"
<http://purl.obolibrary.org/obo/UBERON_0003081>	<http://en.wikipedia.org/wiki/Lateral_plate_mesoderm>
<http://purl.obolibrary.org/obo/UBERON_0003081>	<http://www.snomedbrowser.com/Codes/Details/361477005>
<http://purl.obolibrary.org/obo/UBERON_0003081>	"UMLS:C1517749"
<http://purl.obolibrary.org/obo/UBERON_0003081>	<http://linkedlifedata.com/resource/umls/id/C1517749>
<http://purl.obolibrary.org/obo/UBERON_0003081>	"AAO:0010574"
<http://purl.obolibrary.org/obo/UBERON_0003081>	"FMA:293149"
<http://purl.obolibrary.org/obo/UBERON_0003081>	"EHDAA:379"
<http://purl.obolibrary.org/obo/UBERON_0003081>	"XAO:0000311"
<http://purl.obolibrary.org/obo/UBERON_0003081>	"ZFA:0000121"
<http://purl.obolibrary.org/obo/UBERON_0003081>	"TAO:0000121"
<http://purl.obolibrary.org/obo/UBERON_0003081>	"EMAPA:16179"
<http://purl.obolibrary.org/obo/UBERON_0003081>	"SCTID:361477005"
<http://purl.obolibrary.org/obo/UBERON_0003081>	"Wikipedia:Lateral_plate_mesoderm"
<http://purl.obolibrary.org/obo/UBERON_0005622>	"VHOG:0000485"
<http://purl.obolibrary.org/obo/UBERON_0005622>	"EMAPA:16206"
<http://purl.obolibrary.org/obo/UBERON_0005622>	"EHDAA:406"
<http://purl.obolibrary.org/obo/UBERON_0005622>	"MA:0000479"
<http://purl.obolibrary.org/obo/UBERON_0005622>	"EHDAA2:0001720"
<http://purl.obolibrary.org/obo/UBERON_0005622>	<http://www.snomedbrowser.com/Codes/Details/361404004>
<http://purl.obolibrary.org/obo/UBERON_0005622>	"SCTID:361404004"
<http://purl.obolibrary.org/obo/UBERON_0001418>	"FMA:23029"
<http://purl.obolibrary.org/obo/UBERON_0001418>	"MA:0000564"
<http://purl.obolibrary.org/obo/UBERON_0001418>	<http://www.snomedbrowser.com/Codes/Details/281723000>
<http://purl.obolibrary.org/obo/UBERON_0001418>	"EMAPA:37765"
<http://purl.obolibrary.org/obo/UBERON_0001418>	"FMA:23028"
<http://purl.obolibrary.org/obo/UBERON_0001418>	"SCTID:281723000"
<http://purl.obolibrary.org/obo/UBERON_0037144>	"FMA:7274"
<http://purl.obolibrary.org/obo/UBERON_0002378>	<http://en.wikipedia.org/wiki/Abdominal_muscle>
<http://purl.obolibrary.org/obo/UBERON_0002378>	"UMLS:C0000739"
<http://purl.obolibrary.org/obo/UBERON_0002378>	"GAID:89"
<http://purl.obolibrary.org/obo/UBERON_0002378>	"FMA:9620"
<http://purl.obolibrary.org/obo/UBERON_0002378>	"MA:0000520"
<http://purl.obolibrary.org/obo/UBERON_0002378>	"OpenCyc:Mx4rvlygNJwpEbGdrcN5Y29ycA"
<http://purl.obolibrary.org/obo/UBERON_0002378>	"EMAPA:35103"
<http://purl.obolibrary.org/obo/UBERON_0002378>	<http://linkedlifedata.com/resource/umls/id/C0000739>
<http://purl.obolibrary.org/obo/UBERON_0002378>	"NCIT:C32040"
<http://purl.obolibrary.org/obo/UBERON_0002378>	"MESH:D000009"
<http://purl.obolibrary.org/obo/UBERON_0002378>	<http://www.snomedbrowser.com/Codes/Details/361352008>
<http://purl.obolibrary.org/obo/UBERON_0002378>	"BTO:0001261"
<http://purl.obolibrary.org/obo/UBERON_0002378>	"Wikipedia:Abdominal_muscle"
<http://purl.obolibrary.org/obo/UBERON_0002378>	"SCTID:361352008"
<http://purl.obolibrary.org/obo/UBERON_0009141>	"EHDAA2:0004542"
<http://purl.obolibrary.org/obo/UBERON_0009141>	<http://www.snomedbrowser.com/Codes/Details/32945007>
<http://purl.obolibrary.org/obo/UBERON_0009141>	"SCTID:32945007"
<http://purl.obolibrary.org/obo/UBERON_0010285>	"EHDAA2:0004375"
<http://purl.obolibrary.org/obo/UBERON_0010285>	"ZFA:0000761"
<http://purl.obolibrary.org/obo/UBERON_0010285>	"TAO:0000761"
<http://purl.obolibrary.org/obo/UBERON_0010285>	"DHBA:12322"
<http://purl.obolibrary.org/obo/UBERON_0010285>	"EFO:0003567"
<http://purl.obolibrary.org/obo/UBERON_0005058>	"EMAPA:18766"
<http://purl.obolibrary.org/obo/UBERON_0005058>	"MA:0002962"
<http://purl.obolibrary.org/obo/UBERON_0005764>	"FMA:63871"
<http://purl.obolibrary.org/obo/UBERON_0006264>	"EMAPA:16258"
<http://purl.obolibrary.org/obo/UBERON_0006264>	"EHDAA:534"
<http://purl.obolibrary.org/obo/UBERON_0006264>	"RETIRED_EHDAA2:0001205"
<http://purl.obolibrary.org/obo/UBERON_0006264>	"VHOG:0000592"
<http://purl.obolibrary.org/obo/UBERON_0002085>	"VHOG:0000385"
<http://purl.obolibrary.org/obo/UBERON_0002085>	"EHDAA2:0000838"
<http://purl.obolibrary.org/obo/UBERON_0002085>	<http://en.wikipedia.org/wiki/Interatrial_septum>
<http://purl.obolibrary.org/obo/UBERON_0002085>	"EHDAA:1896"
<http://purl.obolibrary.org/obo/UBERON_0002085>	<http://www.snomedbrowser.com/Codes/Details/362016003>
<http://purl.obolibrary.org/obo/UBERON_0002085>	"OpenCyc:Mx4rpd49nLYEEduAAAACs2IKfQ"
<http://purl.obolibrary.org/obo/UBERON_0002085>	"UMLS:C0225836"
<http://purl.obolibrary.org/obo/UBERON_0002085>	"EMAPA:17011"
<http://purl.obolibrary.org/obo/UBERON_0002085>	"NCIT:C32818"
<http://purl.obolibrary.org/obo/UBERON_0002085>	"FMA:7108"
<http://purl.obolibrary.org/obo/UBERON_0002085>	<http://linkedlifedata.com/resource/umls/id/C0225836>
<http://purl.obolibrary.org/obo/UBERON_0002085>	"OpenCyc:Mx4rwGvku5wpEbGdrcN5Y29ycA"
<http://purl.obolibrary.org/obo/UBERON_0002085>	"galen:InteratrialSeptum"
<http://purl.obolibrary.org/obo/UBERON_0002085>	"MA:0000084"
<http://purl.obolibrary.org/obo/UBERON_0002085>	"SCTID:362016003"
<http://purl.obolibrary.org/obo/UBERON_0002085>	"Wikipedia:Interatrial_septum"
<http://purl.obolibrary.org/obo/UBERON_0009889>	"XAO:0004186"
<http://purl.obolibrary.org/obo/UBERON_0001835>	"TAO:0002060"
<http://purl.obolibrary.org/obo/UBERON_0001835>	"EHDAA2:0001020"
<http://purl.obolibrary.org/obo/UBERON_0001835>	"MA:0000921"
<http://purl.obolibrary.org/obo/UBERON_0001835>	"ZFA:0005225"
<http://purl.obolibrary.org/obo/UBERON_0001835>	<http://linkedlifedata.com/resource/umls/id/C0458583>
<http://purl.obolibrary.org/obo/UBERON_0001835>	"FMA:59818"
<http://purl.obolibrary.org/obo/UBERON_0001835>	<http://en.wikipedia.org/wiki/Lower_lip>
<http://purl.obolibrary.org/obo/UBERON_0001835>	"EMAPA:17909"
<http://purl.obolibrary.org/obo/UBERON_0001835>	"OpenCyc:Mx4rv842UpwpEbGdrcN5Y29ycA"
<http://purl.obolibrary.org/obo/UBERON_0001835>	"UMLS:C0458583"
<http://purl.obolibrary.org/obo/UBERON_0001835>	<http://www.snomedbrowser.com/Codes/Details/245777007>
<http://purl.obolibrary.org/obo/UBERON_0001835>	"NCIT:C94572"
<http://purl.obolibrary.org/obo/UBERON_0001835>	"SCTID:245777007"
<http://purl.obolibrary.org/obo/UBERON_0001835>	"Wikipedia:Lower_lip"
<http://purl.obolibrary.org/obo/UBERON_0004794>	"MA:0002514"
<http://purl.obolibrary.org/obo/UBERON_0004794>	"UMLS:C0227179"
<http://purl.obolibrary.org/obo/UBERON_0004794>	"NCIT:C52555"
<http://purl.obolibrary.org/obo/UBERON_0004794>	<http://linkedlifedata.com/resource/umls/id/C0227179>
<http://purl.obolibrary.org/obo/UBERON_0004794>	"FMA:79662"
<http://purl.obolibrary.org/obo/UBERON_0015410>	"MA:0002449"
<http://purl.obolibrary.org/obo/UBERON_0015410>	"EMAPA:37597"
<http://purl.obolibrary.org/obo/UBERON_0004537>	"TAO:0001079"
<http://purl.obolibrary.org/obo/UBERON_0004537>	"ZFA:0001079"
<http://purl.obolibrary.org/obo/UBERON_0003059>	"ZFA:0000279"
<http://purl.obolibrary.org/obo/UBERON_0003059>	"TAO:0000279"
<http://purl.obolibrary.org/obo/UBERON_0003059>	"VHOG:0000559"
<http://purl.obolibrary.org/obo/UBERON_0003059>	"XAO:0000057"
<http://purl.obolibrary.org/obo/UBERON_0003059>	"AAO:0011086"
<http://purl.obolibrary.org/obo/UBERON_0003059>	"EMAPA:16752"
<http://purl.obolibrary.org/obo/UBERON_0003059>	"EMAPA:16189"
<http://purl.obolibrary.org/obo/UBERON_0003059>	"EFO:0001982"
<http://purl.obolibrary.org/obo/UBERON_0002532>	"FMA:296704"
<http://purl.obolibrary.org/obo/UBERON_0002532>	"BTO:0004593"
<http://purl.obolibrary.org/obo/UBERON_0002532>	"VHOG:0000243"
<http://purl.obolibrary.org/obo/UBERON_0002532>	"MIAA:0000067"
<http://purl.obolibrary.org/obo/UBERON_0002532>	<http://en.wikipedia.org/wiki/Epiblast>
<http://purl.obolibrary.org/obo/UBERON_0002532>	"MAT:0000067"
<http://purl.obolibrary.org/obo/UBERON_0002532>	"Wikipedia:Epiblast"
<http://purl.obolibrary.org/obo/UBERON_0006537>	"MA:0002510"
<http://purl.obolibrary.org/obo/UBERON_0000477>	"FBbt:00007277"
<http://purl.obolibrary.org/obo/UBERON_0000477>	"EHDAA2:0003041"
<http://purl.obolibrary.org/obo/UBERON_0000477>	"TGMA:0001842"
<http://purl.obolibrary.org/obo/UBERON_0000477>	"VHOG:0001737"
<http://purl.obolibrary.org/obo/UBERON_0000477>	"ZFA:0001478"
<http://purl.obolibrary.org/obo/UBERON_0000477>	"XAO:0003160"
<http://purl.obolibrary.org/obo/UBERON_0000477>	"FMA:49443"
<http://purl.obolibrary.org/obo/UBERON_0000477>	"AAO:0010009"
<http://purl.obolibrary.org/obo/UBERON_0000477>	"HAO:0000041"
<http://purl.obolibrary.org/obo/UBERON_0000477>	"TAO:0001478"
<http://purl.obolibrary.org/obo/UBERON_0000477>	"BILA:0000041"
<http://purl.obolibrary.org/obo/UBERON_0000477>	"TADS:0000605"
<http://purl.obolibrary.org/obo/UBERON_0000477>	"AEO:0000041"
<http://purl.obolibrary.org/obo/UBERON_0000477>	"CARO:0000041"
<http://purl.obolibrary.org/obo/CL_0000515>	"FMA:84799"
<http://purl.obolibrary.org/obo/UBERON_0010199>	"CARO:0001004"
<http://purl.obolibrary.org/obo/UBERON_0009584>	"EMAPA:16385"
<http://purl.obolibrary.org/obo/UBERON_0009584>	"EHDAA2:0000034"
<http://purl.obolibrary.org/obo/UBERON_0003835>	"EMAPA:37057"
<http://purl.obolibrary.org/obo/UBERON_0003835>	"MA:0000524"
<http://purl.obolibrary.org/obo/UBERON_0015757>	"FMA:62798"
<http://purl.obolibrary.org/obo/UBERON_0009891>	"FMA:302884"
<http://purl.obolibrary.org/obo/UBERON_0009891>	"EMAPA:35337"
<http://purl.obolibrary.org/obo/UBERON_0006966>	"ZFA:0005813"
<http://purl.obolibrary.org/obo/UBERON_0005867>	<http://en.wikipedia.org/wiki/Mandibular_prominence>
<http://purl.obolibrary.org/obo/UBERON_0005867>	"EHDAA:5871"
<http://purl.obolibrary.org/obo/UBERON_0005867>	"EHDAA2:0001061"
<http://purl.obolibrary.org/obo/UBERON_0005867>	"FMA:293051"
<http://purl.obolibrary.org/obo/UBERON_0005867>	<http://linkedlifedata.com/resource/umls/id/C1512982>
<http://purl.obolibrary.org/obo/UBERON_0005867>	"UMLS:C1512982"
<http://purl.obolibrary.org/obo/UBERON_0005867>	"NCIT:C34204"
<http://purl.obolibrary.org/obo/UBERON_0005867>	"EMAPA:17355"
<http://purl.obolibrary.org/obo/UBERON_0005867>	"Wikipedia:Mandibular_prominence"
<http://purl.obolibrary.org/obo/UBERON_0036072>	"EHDAA2:0004070"
<http://purl.obolibrary.org/obo/UBERON_0004357>	"VHOG:0001258"
<http://purl.obolibrary.org/obo/UBERON_0001606>	<http://www.snomedbrowser.com/Codes/Details/280888007>
<http://purl.obolibrary.org/obo/UBERON_0001606>	"MA:0001287"
<http://purl.obolibrary.org/obo/UBERON_0001606>	<http://en.wikipedia.org/wiki/Iris_muscle>
<http://purl.obolibrary.org/obo/UBERON_0001606>	"FMA:49154"
<http://purl.obolibrary.org/obo/UBERON_0001606>	"EMAPA:35448"
<http://purl.obolibrary.org/obo/UBERON_0001606>	"Wikipedia:Iris_muscle"
<http://purl.obolibrary.org/obo/UBERON_0001606>	"SCTID:280888007"
<http://purl.obolibrary.org/obo/UBERON_0004145>	"XAO:0004139"
<http://purl.obolibrary.org/obo/UBERON_0004145>	"VHOG:0000670"
<http://purl.obolibrary.org/obo/UBERON_0004145>	"EHDAA2:0001351"
<http://purl.obolibrary.org/obo/UBERON_0004145>	"EHDAA:464"
<http://purl.obolibrary.org/obo/UBERON_0004145>	"EMAPA:16346"
<http://purl.obolibrary.org/obo/UBERON_0004145>	"MA:0000100"
<http://purl.obolibrary.org/obo/UBERON_0004145>	"EHDAA:798"
<http://purl.obolibrary.org/obo/UBERON_0005032>	"NCIT:C12225"
<http://purl.obolibrary.org/obo/UBERON_0005032>	<http://www.snomedbrowser.com/Codes/Details/362089001>
<http://purl.obolibrary.org/obo/UBERON_0005032>	<http://linkedlifedata.com/resource/umls/id/C0226939>
<http://purl.obolibrary.org/obo/UBERON_0005032>	"UMLS:C0226939"
<http://purl.obolibrary.org/obo/UBERON_0005032>	"FMA:59833"
<http://purl.obolibrary.org/obo/UBERON_0005032>	"SCTID:362089001"
<http://purl.obolibrary.org/obo/UBERON_0005317>	"BTO:0000137"
<http://purl.obolibrary.org/obo/UBERON_0007811>	"UMLS:C0460004"
<http://purl.obolibrary.org/obo/UBERON_0007811>	<http://linkedlifedata.com/resource/umls/id/C0460004>
<http://purl.obolibrary.org/obo/UBERON_0007811>	<http://www.snomedbrowser.com/Codes/Details/361355005>
<http://purl.obolibrary.org/obo/UBERON_0007811>	"FMA:280881"
<http://purl.obolibrary.org/obo/UBERON_0007811>	"NCIT:C12418"
<http://purl.obolibrary.org/obo/UBERON_0007811>	"CALOHA:TS-2356"
<http://purl.obolibrary.org/obo/UBERON_0007811>	"EV:0100009"
<http://purl.obolibrary.org/obo/UBERON_0007811>	"WikipediaCategory:Head_and_neck"
<http://purl.obolibrary.org/obo/UBERON_0007811>	"galen:HeadAndNeck"
<http://purl.obolibrary.org/obo/UBERON_0007811>	"MA:0000006"
<http://purl.obolibrary.org/obo/UBERON_0007811>	"SCTID:361355005"
<http://purl.obolibrary.org/obo/UBERON_0007811>	"ZFA:0001114"
<http://purl.obolibrary.org/obo/UBERON_0003828>	"MA:0000525"
<http://purl.obolibrary.org/obo/UBERON_0003828>	"EMAPA:37058"
<http://purl.obolibrary.org/obo/UBERON_0000344>	"galen:Mucosa"
<http://purl.obolibrary.org/obo/UBERON_0000344>	"FMA:85355"
<http://purl.obolibrary.org/obo/UBERON_0000344>	"NCIT:C13166"
<http://purl.obolibrary.org/obo/UBERON_0000344>	<http://www.snomedbrowser.com/Codes/Details/361693009>
<http://purl.obolibrary.org/obo/UBERON_0000344>	"EV:0100382"
<http://purl.obolibrary.org/obo/UBERON_0000344>	<http://en.wikipedia.org/wiki/Mucous_membrane>
<http://purl.obolibrary.org/obo/UBERON_0000344>	"OpenCyc:Mx4rvmKNOpwpEbGdrcN5Y29ycA"
<http://purl.obolibrary.org/obo/UBERON_0000344>	"MESH:D009092"
<http://purl.obolibrary.org/obo/UBERON_0000344>	"GAID:297"
<http://purl.obolibrary.org/obo/UBERON_0000344>	"AEO:0000199"
<http://purl.obolibrary.org/obo/UBERON_0000344>	"UMLS:C0026724"
<http://purl.obolibrary.org/obo/UBERON_0000344>	"BTO:0000886"
<http://purl.obolibrary.org/obo/UBERON_0000344>	"CALOHA:TS-2031"
<http://purl.obolibrary.org/obo/UBERON_0000344>	"FMA:85358"
<http://purl.obolibrary.org/obo/UBERON_0000344>	<http://linkedlifedata.com/resource/umls/id/C0026724>
<http://purl.obolibrary.org/obo/UBERON_0000344>	"EHDAA2_RETIRED:0003234"
<http://purl.obolibrary.org/obo/UBERON_0000344>	"Wikipedia:Mucous_membrane"
<http://purl.obolibrary.org/obo/UBERON_0000344>	"SCTID:361693009"
<http://purl.obolibrary.org/obo/UBERON_0010742>	"EMAPA:32633"
<http://purl.obolibrary.org/obo/UBERON_0010742>	"EMAPA:35934"
<http://purl.obolibrary.org/obo/UBERON_0010742>	"MA:0000660"
<http://purl.obolibrary.org/obo/UBERON_0011272>	"EHDAA2:0001845"
<http://purl.obolibrary.org/obo/UBERON_0014399>	"FMA:63133"
<http://purl.obolibrary.org/obo/UBERON_0002016>	<http://en.wikipedia.org/wiki/Pulmonary_vein>
<http://purl.obolibrary.org/obo/UBERON_0002016>	"GAID:543"
<http://purl.obolibrary.org/obo/UBERON_0002016>	<http://www.snomedbrowser.com/Codes/Details/430160002>
<http://purl.obolibrary.org/obo/UBERON_0002016>	"EHDAA2:0001579"
<http://purl.obolibrary.org/obo/UBERON_0002016>	"EHDAA:2629"
<http://purl.obolibrary.org/obo/UBERON_0002016>	"MESH:D011667"
<http://purl.obolibrary.org/obo/UBERON_0002016>	"VHOG:0001133"
<http://purl.obolibrary.org/obo/UBERON_0002016>	"MA:0002206"
<http://purl.obolibrary.org/obo/UBERON_0002016>	<http://linkedlifedata.com/resource/umls/id/C0034090>
<http://purl.obolibrary.org/obo/UBERON_0002016>	"CALOHA:TS-0840"
<http://purl.obolibrary.org/obo/UBERON_0002016>	"FMA:66643"
<http://purl.obolibrary.org/obo/UBERON_0002016>	"galen:PulmonaryVein"
<http://purl.obolibrary.org/obo/UBERON_0002016>	"NCIT:C12776"
<http://purl.obolibrary.org/obo/UBERON_0002016>	"BTO:0001799"
<http://purl.obolibrary.org/obo/UBERON_0002016>	"UMLS:C0034090"
<http://purl.obolibrary.org/obo/UBERON_0002016>	"EMAPA:18645"
<http://purl.obolibrary.org/obo/UBERON_0002016>	"AAO:0010521"
<http://purl.obolibrary.org/obo/UBERON_0002016>	"XAO:0000394"
<http://purl.obolibrary.org/obo/UBERON_0002016>	"Wikipedia:Pulmonary_vein"
<http://purl.obolibrary.org/obo/UBERON_0002016>	"SCTID:430160002"
<http://purl.obolibrary.org/obo/UBERON_0013126>	<http://www.snomedbrowser.com/Codes/Details/281473003>
<http://purl.obolibrary.org/obo/UBERON_0013126>	"SCTID:281473003"
<http://purl.obolibrary.org/obo/UBERON_0010345>	"EHDAA2:0000097"
<http://purl.obolibrary.org/obo/UBERON_0010345>	"EMAPA:16771"
<http://purl.obolibrary.org/obo/UBERON_0016405>	"FMA:14121"
<http://purl.obolibrary.org/obo/UBERON_0001804>	<http://linkedlifedata.com/resource/umls/id/C0229232>
<http://purl.obolibrary.org/obo/UBERON_0001804>	"EMAPA:18237"
<http://purl.obolibrary.org/obo/UBERON_0001804>	<http://www.snomedbrowser.com/Codes/Details/244500004>
<http://purl.obolibrary.org/obo/UBERON_0001804>	"FMA:58881"
<http://purl.obolibrary.org/obo/UBERON_0001804>	"VHOG:0000550"
<http://purl.obolibrary.org/obo/UBERON_0001804>	"EHDAA2:0000977"
<http://purl.obolibrary.org/obo/UBERON_0001804>	"ZFA:0005574"
<http://purl.obolibrary.org/obo/UBERON_0001804>	"NCIT:C32975"
<http://purl.obolibrary.org/obo/UBERON_0001804>	"MA:0001300"
<http://purl.obolibrary.org/obo/UBERON_0001804>	"UMLS:C0229232"
<http://purl.obolibrary.org/obo/UBERON_0001804>	<http://en.wikipedia.org/wiki/Lens_(anatomy)#Lens_capsule>
<http://purl.obolibrary.org/obo/UBERON_0001804>	"Wikipedia:Lens_(anatomy)#Lens_capsule"
<http://purl.obolibrary.org/obo/UBERON_0001804>	"SCTID:244500004"
<http://purl.obolibrary.org/obo/UBERON_0017650>	"AEO:0001016"
<http://purl.obolibrary.org/obo/UBERON_0003566>	"EMAPA:16098"
<http://purl.obolibrary.org/obo/UBERON_0003566>	"MA:0000577"
<http://purl.obolibrary.org/obo/UBERON_0022303>	"NLX:149357"
<http://purl.obolibrary.org/obo/UBERON_0000122>	"NLX:147821"
<http://purl.obolibrary.org/obo/UBERON_0000122>	"CARO:0001001"
<http://purl.obolibrary.org/obo/UBERON_0000122>	"FBbt:00005099"
<http://purl.obolibrary.org/obo/UBERON_0002224>	"EMAPA:36497"
<http://purl.obolibrary.org/obo/UBERON_0002224>	<http://www.snomedbrowser.com/Codes/Details/243949006>
<http://purl.obolibrary.org/obo/UBERON_0002224>	"OpenCyc:Mx4rmvyleLfEEduAAAACs6hRXg"
<http://purl.obolibrary.org/obo/UBERON_0002224>	"UMLS:C0230139"
<http://purl.obolibrary.org/obo/UBERON_0002224>	<http://en.wikipedia.org/wiki/Thoracic_cavity>
<http://purl.obolibrary.org/obo/UBERON_0002224>	"MA:0000032"
<http://purl.obolibrary.org/obo/UBERON_0002224>	<http://linkedlifedata.com/resource/umls/id/C0230139>
<http://purl.obolibrary.org/obo/UBERON_0002224>	"MESH:A01.911.800"
<http://purl.obolibrary.org/obo/UBERON_0002224>	"NCIT:C12905"
<http://purl.obolibrary.org/obo/UBERON_0002224>	"OpenCyc:Mx4rvhU_TpwpEbGdrcN5Y29ycA"
<http://purl.obolibrary.org/obo/UBERON_0002224>	"FMA:7565"
<http://purl.obolibrary.org/obo/UBERON_0002224>	"GAID:93"
<http://purl.obolibrary.org/obo/UBERON_0002224>	"Wikipedia:Thoracic_cavity"
<http://purl.obolibrary.org/obo/UBERON_0002224>	"SCTID:243949006"
<http://purl.obolibrary.org/obo/UBERON_0002224>	"MESH:D035423"
<http://purl.obolibrary.org/obo/UBERON_2001457>	"ZFA:0001457"
<http://purl.obolibrary.org/obo/UBERON_0003457>	<http://www.snomedbrowser.com/Codes/Details/118646007>
<http://purl.obolibrary.org/obo/UBERON_0003457>	"MA:0000576"
<http://purl.obolibrary.org/obo/UBERON_0003457>	"EMAPA:35996"
<http://purl.obolibrary.org/obo/UBERON_0003457>	"SCTID:118646007"
<http://purl.obolibrary.org/obo/UBERON_0004688>	"FMA:10636"
<http://purl.obolibrary.org/obo/UBERON_0004688>	<http://www.snomedbrowser.com/Codes/Details/244225009>
<http://purl.obolibrary.org/obo/UBERON_0004688>	"EMAPA:37496"
<http://purl.obolibrary.org/obo/UBERON_0004688>	<http://en.wikipedia.org/wiki/Costocervical_trunk>
<http://purl.obolibrary.org/obo/UBERON_0004688>	"MA:0001939"
<http://purl.obolibrary.org/obo/UBERON_0004688>	"Wikipedia:Costocervical_trunk"
<http://purl.obolibrary.org/obo/UBERON_0004688>	"SCTID:244225009"
<http://purl.obolibrary.org/obo/UBERON_0003129>	"WikipediaCategory:Skull"
<http://purl.obolibrary.org/obo/UBERON_0003129>	"CALOHA:TS-2344"
<http://purl.obolibrary.org/obo/UBERON_0003129>	"OpenCyc:Mx4rvVjOsZwpEbGdrcN5Y29ycA"
<http://purl.obolibrary.org/obo/UBERON_0003129>	"MESH:D012886"
<http://purl.obolibrary.org/obo/UBERON_0003129>	<http://www.snomedbrowser.com/Codes/Details/110530005>
<http://purl.obolibrary.org/obo/UBERON_0003129>	"EHDAA2:0000325"
<http://purl.obolibrary.org/obo/UBERON_0003129>	<http://en.wikipedia.org/wiki/Skull>
<http://purl.obolibrary.org/obo/UBERON_0003129>	"NCIT:C12789"
<http://purl.obolibrary.org/obo/UBERON_0003129>	"GAID:82"
<http://purl.obolibrary.org/obo/UBERON_0003129>	"FMA:46565"
<http://purl.obolibrary.org/obo/UBERON_0003129>	"UMLS:C0037303"
<http://purl.obolibrary.org/obo/UBERON_0003129>	"BTO:0001295"
<http://purl.obolibrary.org/obo/UBERON_0003129>	"EMAPA:17680"
<http://purl.obolibrary.org/obo/UBERON_0003129>	<http://linkedlifedata.com/resource/umls/id/C0037303>
<http://purl.obolibrary.org/obo/UBERON_0003129>	"galen:Skull"
<http://purl.obolibrary.org/obo/UBERON_0003129>	"SCTID:110530005"
<http://purl.obolibrary.org/obo/UBERON_0003129>	"Wikipedia:Skull"
<http://purl.obolibrary.org/obo/UBERON_0037094>	"FMA:66284"
<http://purl.obolibrary.org/obo/UBERON_0010498>	<http://en.wikipedia.org/wiki/Pseudostratified_columnar_epithelium>
<http://purl.obolibrary.org/obo/UBERON_0010498>	<http://linkedlifedata.com/resource/umls/id/C0836138>
<http://purl.obolibrary.org/obo/UBERON_0010498>	"NCIT:C33419"
<http://purl.obolibrary.org/obo/UBERON_0010498>	"UMLS:C1514590"
<http://purl.obolibrary.org/obo/UBERON_0010498>	"FMA:45572"
<http://purl.obolibrary.org/obo/UBERON_0010498>	"NCIT:C49316"
<http://purl.obolibrary.org/obo/UBERON_0010498>	<http://linkedlifedata.com/resource/umls/id/C1514590>
<http://purl.obolibrary.org/obo/UBERON_0010498>	"UMLS:C0836138"
<http://purl.obolibrary.org/obo/UBERON_0010498>	"Wikipedia:Pseudostratified_columnar_epithelium"
<http://purl.obolibrary.org/obo/GO_0051216>	"Wikipedia:Chondrogenesis"
<http://purl.obolibrary.org/obo/UBERON_0000171>	<http://www.snomedbrowser.com/Codes/Details/272626006>
<http://purl.obolibrary.org/obo/UBERON_0000171>	"TGMA:0001247"
<http://purl.obolibrary.org/obo/UBERON_0000171>	"SPD:0000428"
<http://purl.obolibrary.org/obo/UBERON_0000171>	"EMAPA:17607"
<http://purl.obolibrary.org/obo/UBERON_0000171>	"SCTID:272626006"
<http://purl.obolibrary.org/obo/UBERON_0007188>	"EMAPA:16133"
<http://purl.obolibrary.org/obo/UBERON_0007188>	"FMA:18149"
<http://purl.obolibrary.org/obo/UBERON_0007188>	"BTO:0003157"
<http://purl.obolibrary.org/obo/UBERON_0007188>	<http://www.snomedbrowser.com/Codes/Details/67300002>
<http://purl.obolibrary.org/obo/UBERON_0007188>	"SCTID:67300002"
<http://purl.obolibrary.org/obo/UBERON_0009479>	"EMAPA:16260"
<http://purl.obolibrary.org/obo/UBERON_0009479>	"EHDAA2:0000190"
<http://purl.obolibrary.org/obo/UBERON_0001979>	"VHOG:0001765"
<http://purl.obolibrary.org/obo/UBERON_0001979>	<http://en.wikipedia.org/wiki/Venule>
<http://purl.obolibrary.org/obo/UBERON_0001979>	"MESH:A07.231.432.952"
<http://purl.obolibrary.org/obo/UBERON_0001979>	"TAO:0005315"
<http://purl.obolibrary.org/obo/UBERON_0001979>	"BTO:0002626"
<http://purl.obolibrary.org/obo/UBERON_0001979>	"ZFA:0005315"
<http://purl.obolibrary.org/obo/UBERON_0001979>	<http://www.snomedbrowser.com/Codes/Details/341687009>
<http://purl.obolibrary.org/obo/UBERON_0001979>	"UMLS:C0042520"
<http://purl.obolibrary.org/obo/UBERON_0001979>	"MA:0000071"
<http://purl.obolibrary.org/obo/UBERON_0001979>	"NCIT:C12818"
<http://purl.obolibrary.org/obo/UBERON_0001979>	"EMAPA:35917"
<http://purl.obolibrary.org/obo/UBERON_0001979>	<http://linkedlifedata.com/resource/umls/id/C0042520>
<http://purl.obolibrary.org/obo/UBERON_0001979>	"FMA:63130"
<http://purl.obolibrary.org/obo/UBERON_0001979>	"SCTID:341687009"
<http://purl.obolibrary.org/obo/UBERON_0001979>	"Wikipedia:Venule"
<http://purl.obolibrary.org/obo/UBERON_0001979>	"MESH:D014699"
<http://purl.obolibrary.org/obo/UBERON_0001081>	"MA:0000079"
<http://purl.obolibrary.org/obo/UBERON_0001081>	"EMAPA:32747"
<http://purl.obolibrary.org/obo/UBERON_0001081>	"ZFA:0001615"
<http://purl.obolibrary.org/obo/UBERON_0001081>	"FMA:12148"
<http://purl.obolibrary.org/obo/UBERON_0001081>	<http://www.snomedbrowser.com/Codes/Details/192172004>
<http://purl.obolibrary.org/obo/UBERON_0001081>	"VHOG:0000607"
<http://purl.obolibrary.org/obo/UBERON_0001081>	"TAO:0002247"
<http://purl.obolibrary.org/obo/UBERON_0001081>	"SCTID:192172004"
<http://purl.obolibrary.org/obo/CL_0000549>	"FMA:83505"
<http://purl.obolibrary.org/obo/UBERON_0007503>	"EHDAA2:0003119"
<http://purl.obolibrary.org/obo/UBERON_0007503>	"AEO:0000119"
<http://purl.obolibrary.org/obo/UBERON_0003372>	"EHDAA2:0002134"
<http://purl.obolibrary.org/obo/UBERON_0003372>	"EMAPA:16407"
<http://purl.obolibrary.org/obo/UBERON_0003372>	"VHOG:0001047"
<http://purl.obolibrary.org/obo/UBERON_0001515>	"OpenCyc:Mx4rveb9TpwpEbGdrcN5Y29ycA"
<http://purl.obolibrary.org/obo/UBERON_0001515>	<http://linkedlifedata.com/resource/umls/id/C1522460>
<http://purl.obolibrary.org/obo/UBERON_0001515>	"MESH:D001013"
<http://purl.obolibrary.org/obo/UBERON_0001515>	"NCIT:C33766"
<http://purl.obolibrary.org/obo/UBERON_0001515>	"BTO:0000157"
<http://purl.obolibrary.org/obo/UBERON_0001515>	"GAID:471"
<http://purl.obolibrary.org/obo/UBERON_0001515>	"galen:ThoracicAorta"
<http://purl.obolibrary.org/obo/UBERON_0001515>	"FMA:3786"
<http://purl.obolibrary.org/obo/UBERON_0001515>	"UMLS:C1522460"
<http://purl.obolibrary.org/obo/UBERON_0001515>	"EMAPA:18603"
<http://purl.obolibrary.org/obo/UBERON_0001515>	<http://en.wikipedia.org/wiki/Thoracic_aorta>
<http://purl.obolibrary.org/obo/UBERON_0001515>	"EFO:0002525"
<http://purl.obolibrary.org/obo/UBERON_0001515>	"MA:0002569"
<http://purl.obolibrary.org/obo/UBERON_0001515>	<http://www.snomedbrowser.com/Codes/Details/302510009>
<http://purl.obolibrary.org/obo/UBERON_0001515>	"SCTID:302510009"
<http://purl.obolibrary.org/obo/UBERON_0001515>	"Wikipedia:Thoracic_aorta"
<http://purl.obolibrary.org/obo/UBERON_0007688>	"EHDAA2:0003170"
<http://purl.obolibrary.org/obo/UBERON_0007688>	"AEO:0000170"
<http://purl.obolibrary.org/obo/UBERON_0007688>	<http://en.wikipedia.org/wiki/Anlage_(biology)>
<http://purl.obolibrary.org/obo/UBERON_0007688>	"FBbt:00005426"
<http://purl.obolibrary.org/obo/UBERON_0007688>	"EFO:0001649"
<http://purl.obolibrary.org/obo/UBERON_0007688>	"Wikipedia:Anlage_(biology)"
<http://purl.obolibrary.org/obo/UBERON_0004815>	"MA:0001481"
<http://purl.obolibrary.org/obo/UBERON_0004815>	"EMAPA:37549"
<http://purl.obolibrary.org/obo/UBERON_0036285>	"FMA:9556"
<http://purl.obolibrary.org/obo/UBERON_0004471>	"AAO:0000423"
<http://purl.obolibrary.org/obo/UBERON_0004471>	"EMAPA:37857"
<http://purl.obolibrary.org/obo/UBERON_0004471>	"FMA:33519"
<http://purl.obolibrary.org/obo/CL_0000076>	"CALOHA:TS-1249"
<http://purl.obolibrary.org/obo/CHEBI_16336>	"Wikipedia:Hyaluronan"
<http://purl.obolibrary.org/obo/CHEBI_16336>	"KEGG:D08043"
<http://purl.obolibrary.org/obo/CHEBI_16336>	"KEGG:C00518"
<http://purl.obolibrary.org/obo/CHEBI_16336>	"HMDB:HMDB0010366"
<http://purl.obolibrary.org/obo/CHEBI_16336>	"KEGG:G10505"
<http://purl.obolibrary.org/obo/UBERON_0005337>	<http://en.wikipedia.org/wiki/Ventricular_outflow_tract>
<http://purl.obolibrary.org/obo/UBERON_0005337>	"FMA:13225"
<http://purl.obolibrary.org/obo/UBERON_0005337>	"XAO:0004140"
<http://purl.obolibrary.org/obo/UBERON_0005337>	"Wikipedia:Ventricular_outflow_tract"
<http://purl.obolibrary.org/obo/UBERON_0002168>	<http://www.snomedbrowser.com/Codes/Details/361982005>
<http://purl.obolibrary.org/obo/UBERON_0002168>	"OpenCyc:Mx8Ngh4rvgIFoJwpEbGdrcN5Y29ycB4rvVjKy5wpEbGdrcN5Y29ycA"
<http://purl.obolibrary.org/obo/UBERON_0002168>	"NCIT:C32967"
<http://purl.obolibrary.org/obo/UBERON_0002168>	<http://en.wikipedia.org/wiki/Left_lung>
<http://purl.obolibrary.org/obo/UBERON_0002168>	"UMLS:C0225730"
<http://purl.obolibrary.org/obo/UBERON_0002168>	"VHOG:0000618"
<http://purl.obolibrary.org/obo/UBERON_0002168>	"FMA:7310"
<http://purl.obolibrary.org/obo/UBERON_0002168>	"EHDAA2:0000943"
<http://purl.obolibrary.org/obo/UBERON_0002168>	<http://linkedlifedata.com/resource/umls/id/C0225730>
<http://purl.obolibrary.org/obo/UBERON_0002168>	"EMAPA:17653"
<http://purl.obolibrary.org/obo/UBERON_0002168>	"MA:0000425"
<http://purl.obolibrary.org/obo/UBERON_0002168>	"EHDAA:4947"
<http://purl.obolibrary.org/obo/UBERON_0002168>	"Wikipedia:Left_lung"
<http://purl.obolibrary.org/obo/UBERON_0002168>	"SCTID:361982005"
<http://purl.obolibrary.org/obo/UBERON_0000010>	"MAT:0000338"
<http://purl.obolibrary.org/obo/UBERON_0000010>	"FMA:9903"
<http://purl.obolibrary.org/obo/UBERON_0000010>	<http://www.snomedbrowser.com/Codes/Details/362292005>
<http://purl.obolibrary.org/obo/UBERON_0000010>	"GAID:715"
<http://purl.obolibrary.org/obo/UBERON_0000010>	"CALOHA:TS-0808"
<http://purl.obolibrary.org/obo/UBERON_0000010>	"MA:0000218"
<http://purl.obolibrary.org/obo/UBERON_0000010>	<http://en.wikipedia.org/wiki/Peripheral_nervous_system>
<http://purl.obolibrary.org/obo/UBERON_0000010>	"BTO:0001028"
<http://purl.obolibrary.org/obo/UBERON_0000010>	"BAMS:PNS"
<http://purl.obolibrary.org/obo/UBERON_0000010>	"ZFA:0000142"
<http://purl.obolibrary.org/obo/UBERON_0000010>	"EMAPA:16665"
<http://purl.obolibrary.org/obo/UBERON_0000010>	"VHOG:0000399"
<http://purl.obolibrary.org/obo/UBERON_0000010>	"EHDAA:2893"
<http://purl.obolibrary.org/obo/UBERON_0000010>	"MIAA:0000338"
<http://purl.obolibrary.org/obo/UBERON_0000010>	"MESH:D017933"
<http://purl.obolibrary.org/obo/UBERON_0000010>	"XAO:0000178"
<http://purl.obolibrary.org/obo/UBERON_0000010>	<http://braininfo.rprc.washington.edu/centraldirectory.aspx?ID=3232>
<http://purl.obolibrary.org/obo/UBERON_0000010>	"BIRNLEX:1111"
<http://purl.obolibrary.org/obo/UBERON_0000010>	"UMLS:C0206417"
<http://purl.obolibrary.org/obo/UBERON_0000010>	"FBbt:00005098"
<http://purl.obolibrary.org/obo/UBERON_0000010>	<http://linkedlifedata.com/resource/umls/id/C0206417>
<http://purl.obolibrary.org/obo/UBERON_0000010>	"UMLS:C1305921"
<http://purl.obolibrary.org/obo/UBERON_0000010>	"TAO:0000142"
<http://purl.obolibrary.org/obo/UBERON_0000010>	"EHDAA2:0001445"
<http://purl.obolibrary.org/obo/UBERON_0000010>	"EV:0100335"
<http://purl.obolibrary.org/obo/UBERON_0000010>	"EFO:0000891"
<http://purl.obolibrary.org/obo/UBERON_0000010>	"BILA:0000081"
<http://purl.obolibrary.org/obo/UBERON_0000010>	"AAO:0000429"
<http://purl.obolibrary.org/obo/UBERON_0000010>	"NCIT:C12465"
<http://purl.obolibrary.org/obo/UBERON_0000010>	<http://linkedlifedata.com/resource/umls/id/C1305921>
<http://purl.obolibrary.org/obo/UBERON_0000010>	"neuronames:3232"
<http://purl.obolibrary.org/obo/UBERON_0000010>	"SCTID:362292005"
<http://purl.obolibrary.org/obo/UBERON_0000010>	"Wikipedia:Peripheral_nervous_system"
<http://purl.obolibrary.org/obo/CL_0000737>	"BTO:0002916"
<http://purl.obolibrary.org/obo/CL_0000737>	"CALOHA:TS-2157"
<http://purl.obolibrary.org/obo/CL_0000737>	"FMA:86936"
<http://purl.obolibrary.org/obo/UBERON_0035546>	"FMA:51797"
<http://purl.obolibrary.org/obo/UBERON_0035546>	<http://www.snomedbrowser.com/Codes/Details/149683007>
<http://purl.obolibrary.org/obo/UBERON_0035546>	"SCTID:149683007"
<http://purl.obolibrary.org/obo/UBERON_0003853>	"VHOG:0001006"
<http://purl.obolibrary.org/obo/UBERON_0003853>	"EMAPA:16881"
<http://purl.obolibrary.org/obo/UBERON_0003853>	"EHDAA:696"
<http://purl.obolibrary.org/obo/UBERON_0003853>	"EMAPA:16163"
<http://purl.obolibrary.org/obo/UBERON_0004178>	"NCIT:C49191"
<http://purl.obolibrary.org/obo/UBERON_0004178>	"UMLS:C1706825"
<http://purl.obolibrary.org/obo/UBERON_0004178>	"BTO:0001685"
<http://purl.obolibrary.org/obo/UBERON_0004178>	"EFO:0002775"
<http://purl.obolibrary.org/obo/UBERON_0004178>	<http://linkedlifedata.com/resource/umls/id/C1706825>
<http://purl.obolibrary.org/obo/UBERON_0004178>	"MA:0000702"
<http://purl.obolibrary.org/obo/UBERON_0004178>	"EMAPA:35135"
<http://purl.obolibrary.org/obo/UBERON_0004178>	"CALOHA:TS-0048"
<http://purl.obolibrary.org/obo/CL_0010021>	"MESH:D032386"
<http://purl.obolibrary.org/obo/UBERON_0007300>	"TAO:0005301"
<http://purl.obolibrary.org/obo/UBERON_0007300>	"ZFA:0005301"
<http://purl.obolibrary.org/obo/UBERON_0002357>	"EMAPA:19030"
<http://purl.obolibrary.org/obo/UBERON_0002357>	<http://en.wikipedia.org/wiki/Serous_pericardium>
<http://purl.obolibrary.org/obo/UBERON_0002357>	"MA:0002739"
<http://purl.obolibrary.org/obo/UBERON_0002357>	<http://www.snomedbrowser.com/Codes/Details/243954002>
<http://purl.obolibrary.org/obo/UBERON_0002357>	"FMA:9582"
<http://purl.obolibrary.org/obo/UBERON_0002357>	"Wikipedia:Serous_pericardium"
<http://purl.obolibrary.org/obo/UBERON_0002357>	"SCTID:243954002"
<http://purl.obolibrary.org/obo/UBERON_0003408>	"EMAPA:18815"
<http://purl.obolibrary.org/obo/UBERON_0003408>	"MA:0003202"
<http://purl.obolibrary.org/obo/UBERON_0004288>	"MAT:0000032"
<http://purl.obolibrary.org/obo/UBERON_0004288>	"EMAPA:17213"
<http://purl.obolibrary.org/obo/UBERON_0004288>	"EHDAA:5047"
<http://purl.obolibrary.org/obo/UBERON_0004288>	"MESH:D012863"
<http://purl.obolibrary.org/obo/UBERON_0004288>	<http://www.snomedbrowser.com/Codes/Details/361378004>
<http://purl.obolibrary.org/obo/UBERON_0004288>	"XAO:0004053"
<http://purl.obolibrary.org/obo/UBERON_0004288>	"MIAA:0000032"
<http://purl.obolibrary.org/obo/UBERON_0004288>	<http://en.wikipedia.org/wiki/Skeleton>
<http://purl.obolibrary.org/obo/UBERON_0004288>	"OpenCyc:Mx4rvVi1rpwpEbGdrcN5Y29ycA"
<http://purl.obolibrary.org/obo/UBERON_0004288>	"VSAO:0000026"
<http://purl.obolibrary.org/obo/UBERON_0004288>	"GAID:177"
<http://purl.obolibrary.org/obo/UBERON_0004288>	"MA:0003006"
<http://purl.obolibrary.org/obo/UBERON_0004288>	"galen:Skeleton"
<http://purl.obolibrary.org/obo/UBERON_0004288>	"AEO:0000168"
<http://purl.obolibrary.org/obo/UBERON_0004288>	"FMA:23875"
<http://purl.obolibrary.org/obo/UBERON_0004288>	"EHDAA2:0001843"
<http://purl.obolibrary.org/obo/UBERON_0004288>	"SCTID:361378004"
<http://purl.obolibrary.org/obo/UBERON_0004288>	"Wikipedia:Skeleton"
<http://purl.obolibrary.org/obo/CHEBI_32988>	"KEGG:C00241"
<http://purl.obolibrary.org/obo/UBERON_0011825>	"NCIT:C33007"
<http://purl.obolibrary.org/obo/UBERON_0011825>	<http://en.wikipedia.org/wiki/Loose_connective_tissue>
<http://purl.obolibrary.org/obo/UBERON_0011825>	<http://linkedlifedata.com/resource/umls/id/C1253917>
<http://purl.obolibrary.org/obo/UBERON_0011825>	"FMA:19783"
<http://purl.obolibrary.org/obo/UBERON_0011825>	"UMLS:C1253917"
<http://purl.obolibrary.org/obo/UBERON_0011825>	"Wikipedia:Loose_connective_tissue"
<http://purl.obolibrary.org/obo/UBERON_0000467>	<http://linkedlifedata.com/resource/umls/id/C0460002>
<http://purl.obolibrary.org/obo/UBERON_0000467>	"UMLS:C0460002"
<http://purl.obolibrary.org/obo/UBERON_0000467>	"AAO:0000007"
<http://purl.obolibrary.org/obo/UBERON_0000467>	"EMAPA:16103"
<http://purl.obolibrary.org/obo/UBERON_0000467>	"CARO:0000011"
<http://purl.obolibrary.org/obo/UBERON_0000467>	"BILA:0000011"
<http://purl.obolibrary.org/obo/UBERON_0000467>	"TAO:0001439"
<http://purl.obolibrary.org/obo/UBERON_0000467>	<http://en.wikipedia.org/wiki/Organ_system>
<http://purl.obolibrary.org/obo/UBERON_0000467>	"AEO:0000011"
<http://purl.obolibrary.org/obo/UBERON_0000467>	"FBbt:00004856"
<http://purl.obolibrary.org/obo/UBERON_0000467>	"NCIT:C12919"
<http://purl.obolibrary.org/obo/UBERON_0000467>	"MA:0000003"
<http://purl.obolibrary.org/obo/UBERON_0000467>	"WBbt:0005746"
<http://purl.obolibrary.org/obo/UBERON_0000467>	"ZFA:0001439"
<http://purl.obolibrary.org/obo/UBERON_0000467>	"galen:AnatomicalSystem"
<http://purl.obolibrary.org/obo/UBERON_0000467>	"BSA:0000049"
<http://purl.obolibrary.org/obo/UBERON_0000467>	"HAO:0000011"
<http://purl.obolibrary.org/obo/UBERON_0000467>	"VHOG:0001725"
<http://purl.obolibrary.org/obo/UBERON_0000467>	"OpenCyc:Mx4rCWM0QCtDEdyAAADggVbxzQ"
<http://purl.obolibrary.org/obo/UBERON_0000467>	"WBbt:0005763"
<http://purl.obolibrary.org/obo/UBERON_0000467>	"BIRNLEX:14"
<http://purl.obolibrary.org/obo/UBERON_0000467>	"XAO:0003002"
<http://purl.obolibrary.org/obo/UBERON_0000467>	"EHDAA:392"
<http://purl.obolibrary.org/obo/UBERON_0000467>	"TGMA:0001831"
<http://purl.obolibrary.org/obo/UBERON_0000467>	"EV:0100000"
<http://purl.obolibrary.org/obo/UBERON_0000467>	"CALOHA:TS-2088"
<http://purl.obolibrary.org/obo/UBERON_0000467>	"FMA:7149"
<http://purl.obolibrary.org/obo/UBERON_0000467>	<http://www.snomedbrowser.com/Codes/Details/278195005>
<http://purl.obolibrary.org/obo/UBERON_0000467>	"EHDAA2:0003011"
<http://purl.obolibrary.org/obo/UBERON_0000467>	"Wikipedia:Organ_system"
<http://purl.obolibrary.org/obo/UBERON_0000467>	"SCTID:278195005"
<http://purl.obolibrary.org/obo/UBERON_0011215>	"FMA:83143"
<http://purl.obolibrary.org/obo/UBERON_0003498>	"EMAPA:35397"
<http://purl.obolibrary.org/obo/UBERON_0003498>	"MA:0002483"
<http://purl.obolibrary.org/obo/UBERON_0006595>	"AAO:0000471"
<http://purl.obolibrary.org/obo/UBERON_0006595>	"ZFA:0000416"
<http://purl.obolibrary.org/obo/UBERON_0006595>	"EFO:0003437"
<http://purl.obolibrary.org/obo/UBERON_0006595>	"TAO:0000416"
<http://purl.obolibrary.org/obo/UBERON_0003295>	"FMA:55075"
<http://purl.obolibrary.org/obo/UBERON_0003295>	"EHDAA2:0001461"
<http://purl.obolibrary.org/obo/UBERON_0003295>	"BTO:0004849"
<http://purl.obolibrary.org/obo/UBERON_0003295>	"EHDAA:2967"
<http://purl.obolibrary.org/obo/UBERON_0001948>	<http://linkedlifedata.com/resource/umls/id/C1268166>
<http://purl.obolibrary.org/obo/UBERON_0001948>	<http://www.snomedbrowser.com/Codes/Details/244437008>
<http://purl.obolibrary.org/obo/UBERON_0001948>	"BIRNLEX:1496"
<http://purl.obolibrary.org/obo/UBERON_0001948>	"NCIT:C33969"
<http://purl.obolibrary.org/obo/UBERON_0001948>	"UMLS:C1268166"
<http://purl.obolibrary.org/obo/UBERON_0001948>	"SCTID:244437008"
<http://purl.obolibrary.org/obo/UBERON_0000113>	"OGES:000027"
<http://purl.obolibrary.org/obo/UBERON_0000113>	"XAO:1000093"
<http://purl.obolibrary.org/obo/UBERON_0000113>	"BILS:0000113"
<http://purl.obolibrary.org/obo/UBERON_0000113>	"ZFS:0000044"
<http://purl.obolibrary.org/obo/UBERON_0000113>	"OGES:000026"
<http://purl.obolibrary.org/obo/UBERON_0000113>	"EV:0300064"
<http://purl.obolibrary.org/obo/UBERON_0000113>	"MmusDv:0000110"
<http://purl.obolibrary.org/obo/UBERON_0000113>	"EV:0300070"
<http://purl.obolibrary.org/obo/UBERON_0000113>	"MIAA:0000403"
<http://purl.obolibrary.org/obo/UBERON_0001137>	"MESH:A01.176"
<http://purl.obolibrary.org/obo/UBERON_0001137>	<http://linkedlifedata.com/resource/umls/id/C0004600>
<http://purl.obolibrary.org/obo/UBERON_0001137>	"UMLS:C0004600"
<http://purl.obolibrary.org/obo/UBERON_0001137>	"GAID:30"
<http://purl.obolibrary.org/obo/UBERON_0001137>	"galen:Back"
<http://purl.obolibrary.org/obo/UBERON_0001137>	"NCIT:C13062"
<http://purl.obolibrary.org/obo/UBERON_0001137>	"EFO:0001405"
<http://purl.obolibrary.org/obo/UBERON_0001137>	<http://en.wikipedia.org/wiki/Dorsum_(anatomy)>
<http://purl.obolibrary.org/obo/UBERON_0001137>	"CALOHA:TS-2223"
<http://purl.obolibrary.org/obo/UBERON_0001137>	"OpenCyc:Mx4rvVkEU5wpEbGdrcN5Y29ycA"
<http://purl.obolibrary.org/obo/UBERON_0001137>	"FMA:14181"
<http://purl.obolibrary.org/obo/UBERON_0001137>	"BTO:0001713"
<http://purl.obolibrary.org/obo/UBERON_0001137>	<http://www.snomedbrowser.com/Codes/Details/123961009>
<http://purl.obolibrary.org/obo/UBERON_0001137>	"MESH:D001415"
<http://purl.obolibrary.org/obo/UBERON_0001137>	"Wikipedia:Dorsum_(anatomy)"
<http://purl.obolibrary.org/obo/UBERON_0001137>	"SCTID:123961009"
<http://purl.obolibrary.org/obo/UBERON_0003929>	"MA:0003201"
<http://purl.obolibrary.org/obo/UBERON_0003929>	"EMAPA:32928"
<http://purl.obolibrary.org/obo/UBERON_0003929>	"EHDAA2:0004567"
<http://purl.obolibrary.org/obo/UBERON_0003929>	"UMLS:C0836205"
<http://purl.obolibrary.org/obo/UBERON_0003929>	"BTO:0000956"
<http://purl.obolibrary.org/obo/UBERON_0003929>	<http://linkedlifedata.com/resource/umls/id/C0836205>
<http://purl.obolibrary.org/obo/UBERON_0003929>	"NCIT:C12963"
<http://purl.obolibrary.org/obo/UBERON_0003929>	"XAO:0003200"
<http://purl.obolibrary.org/obo/UBERON_0003929>	"ZFA:0005123"
<http://purl.obolibrary.org/obo/UBERON_0003929>	"TAO:0005123"
<http://purl.obolibrary.org/obo/UBERON_0006311>	"NCIT:C32301"
<http://purl.obolibrary.org/obo/UBERON_0006311>	"EMAPA:37529"
<http://purl.obolibrary.org/obo/UBERON_0006311>	"BTO:0002085"
<http://purl.obolibrary.org/obo/UBERON_0006311>	"FMA:58071"
<http://purl.obolibrary.org/obo/UBERON_0006311>	<http://www.snomedbrowser.com/Codes/Details/280540004>
<http://purl.obolibrary.org/obo/UBERON_0006311>	"MA:0002459"
<http://purl.obolibrary.org/obo/UBERON_0006311>	"UMLS:C0459556"
<http://purl.obolibrary.org/obo/UBERON_0006311>	<http://linkedlifedata.com/resource/umls/id/C0459556>
<http://purl.obolibrary.org/obo/UBERON_0006311>	"SCTID:280540004"
<http://purl.obolibrary.org/obo/CL_0000187>	"BTO:0000902"
<http://purl.obolibrary.org/obo/CL_0000187>	"WBbt:0003675"
<http://purl.obolibrary.org/obo/CL_0000187>	"BTO:0000888"
<http://purl.obolibrary.org/obo/CL_0000187>	"CALOHA:TS-2032"
<http://purl.obolibrary.org/obo/CL_0000187>	"FBbt:00005074"
<http://purl.obolibrary.org/obo/CL_0000187>	"FMA:67328"
<http://purl.obolibrary.org/obo/UBERON_0005913>	"FMA:10483"
<http://purl.obolibrary.org/obo/UBERON_0005740>	"FMA:14272"
<http://purl.obolibrary.org/obo/UBERON_0005740>	"EMAPA:36293"
<http://purl.obolibrary.org/obo/UBERON_0005740>	<http://www.snomedbrowser.com/Codes/Details/40022005>
<http://purl.obolibrary.org/obo/UBERON_0005740>	"EV:0100028"
<http://purl.obolibrary.org/obo/UBERON_0005740>	"galen:IntimaOfArtery"
<http://purl.obolibrary.org/obo/UBERON_0005740>	"SCTID:40022005"
<http://purl.obolibrary.org/obo/GO_0051301>	"Wikipedia:Cell_division"
<http://purl.obolibrary.org/obo/UBERON_0002061>	"EMAPA:35887"
<http://purl.obolibrary.org/obo/UBERON_0002061>	"NCIT:C34317"
<http://purl.obolibrary.org/obo/UBERON_0002061>	"GAID:554"
<http://purl.obolibrary.org/obo/UBERON_0002061>	"EHDAA2:0004143"
<http://purl.obolibrary.org/obo/UBERON_0002061>	<http://en.wikipedia.org/wiki/Truncus_arteriosus_(embryology)>
<http://purl.obolibrary.org/obo/UBERON_0002061>	"UMLS:C1519589"
<http://purl.obolibrary.org/obo/UBERON_0002061>	"OpenCyc:Mx4rquH9YKgNEdudWQACs5b6Bw"
<http://purl.obolibrary.org/obo/UBERON_0002061>	"MA:0000103"
<http://purl.obolibrary.org/obo/UBERON_0002061>	<http://linkedlifedata.com/resource/umls/id/C1519589>
<http://purl.obolibrary.org/obo/UBERON_0002061>	"FMA:70301"
<http://purl.obolibrary.org/obo/UBERON_0002061>	"MESH:D014338"
<http://purl.obolibrary.org/obo/UBERON_0002061>	<http://www.snomedbrowser.com/Codes/Details/308828009>
<http://purl.obolibrary.org/obo/UBERON_0002061>	"SCTID:308828009"
<http://purl.obolibrary.org/obo/UBERON_0002061>	"Wikipedia:Truncus_arteriosus_(embryology)"
<http://purl.obolibrary.org/obo/UBERON_0003123>	"AAO:0010422"
<http://purl.obolibrary.org/obo/UBERON_0003123>	"EHDAA2:0000102"
<http://purl.obolibrary.org/obo/UBERON_0003123>	"ZFA:0005016"
<http://purl.obolibrary.org/obo/UBERON_0003123>	<http://en.wikipedia.org/wiki/Aortic_arches#Arch_6>
<http://purl.obolibrary.org/obo/UBERON_0003123>	"XAO:0000353"
<http://purl.obolibrary.org/obo/UBERON_0003123>	<http://www.snomedbrowser.com/Codes/Details/308779008>
<http://purl.obolibrary.org/obo/UBERON_0003123>	"TAO:0005016"
<http://purl.obolibrary.org/obo/UBERON_0003123>	"VHOG:0000144"
<http://purl.obolibrary.org/obo/UBERON_0003123>	"EMAPA:17005"
<http://purl.obolibrary.org/obo/UBERON_0003123>	"SCTID:308779008"
<http://purl.obolibrary.org/obo/UBERON_0003123>	"Wikipedia:Aortic_arches#Arch_6"
<http://purl.obolibrary.org/obo/UBERON_0002075>	<http://www.snomedbrowser.com/Codes/Details/118760003>
<http://purl.obolibrary.org/obo/UBERON_0002075>	"BTO:0001491"
<http://purl.obolibrary.org/obo/UBERON_0002075>	"XAO:0003034"
<http://purl.obolibrary.org/obo/UBERON_0002075>	"FMA:7085"
<http://purl.obolibrary.org/obo/UBERON_0002075>	"EHDAA:512"
<http://purl.obolibrary.org/obo/UBERON_0002075>	"NCIT:C28287"
<http://purl.obolibrary.org/obo/UBERON_0002075>	"UMLS:C0042779"
<http://purl.obolibrary.org/obo/UBERON_0002075>	"MA:0000019"
<http://purl.obolibrary.org/obo/UBERON_0002075>	"EMAPA:16245"
<http://purl.obolibrary.org/obo/UBERON_0002075>	"AAO:0010386"
<http://purl.obolibrary.org/obo/UBERON_0002075>	<http://en.wikipedia.org/wiki/Viscus>
<http://purl.obolibrary.org/obo/UBERON_0002075>	"MESH:D014781"
<http://purl.obolibrary.org/obo/UBERON_0002075>	"RETIRED_EHDAA2:0002201"
<http://purl.obolibrary.org/obo/UBERON_0002075>	<http://linkedlifedata.com/resource/umls/id/C0042779>
<http://purl.obolibrary.org/obo/UBERON_0002075>	"SCTID:118760003"
<http://purl.obolibrary.org/obo/UBERON_0002075>	"Wikipedia:Viscus"
<http://purl.obolibrary.org/obo/UBERON_0015228>	"SPD:0000130"
<http://purl.obolibrary.org/obo/UBERON_0000065>	"EHDAA:2219"
<http://purl.obolibrary.org/obo/UBERON_0000065>	"VHOG:0000393"
<http://purl.obolibrary.org/obo/UBERON_0000065>	<http://www.snomedbrowser.com/Codes/Details/361110005>
<http://purl.obolibrary.org/obo/UBERON_0000065>	"EHDAA:1568"
<http://purl.obolibrary.org/obo/UBERON_0000065>	"OpenCyc:Mx4rvvM--pwpEbGdrcN5Y29ycA"
<http://purl.obolibrary.org/obo/UBERON_0000065>	"EMAPA:16737"
<http://purl.obolibrary.org/obo/UBERON_0000065>	"FMA:265130"
<http://purl.obolibrary.org/obo/UBERON_0000065>	"EHDAA2:0001606"
<http://purl.obolibrary.org/obo/UBERON_0000065>	"SCTID:361110005"
<http://purl.obolibrary.org/obo/UBERON_0002343>	"TAO:0001327"
<http://purl.obolibrary.org/obo/UBERON_0002343>	"FMA:86917"
<http://purl.obolibrary.org/obo/UBERON_0002343>	"FMA:71294"
<http://purl.obolibrary.org/obo/UBERON_0002343>	"ZFA:0001327"
<http://purl.obolibrary.org/obo/UBERON_0001271>	<http://linkedlifedata.com/resource/umls/id/C0684083>
<http://purl.obolibrary.org/obo/UBERON_0001271>	<http://www.snomedbrowser.com/Codes/Details/360010001>
<http://purl.obolibrary.org/obo/UBERON_0001271>	"EMAPA:37862"
<http://purl.obolibrary.org/obo/UBERON_0001271>	"NCIT:C33291"
<http://purl.obolibrary.org/obo/UBERON_0001271>	"VSAO:0000304"
<http://purl.obolibrary.org/obo/UBERON_0001271>	"UMLS:C0684083"
<http://purl.obolibrary.org/obo/UBERON_0001271>	"FMA:16581"
<http://purl.obolibrary.org/obo/UBERON_0004849>	"MA:0001811"
<http://purl.obolibrary.org/obo/UBERON_0004849>	"EMAPA:37585"
<http://purl.obolibrary.org/obo/UBERON_0005253>	"TAO:0000113"
<http://purl.obolibrary.org/obo/UBERON_0005253>	"FMA:76622"
<http://purl.obolibrary.org/obo/UBERON_0005253>	"EHDAA2:0000732"
<http://purl.obolibrary.org/obo/UBERON_0005253>	"EMAPA_RETIRED:16269"
<http://purl.obolibrary.org/obo/UBERON_0005253>	"ZFA:0000113"
<http://purl.obolibrary.org/obo/UBERON_0005253>	"EHDAA:179"
<http://purl.obolibrary.org/obo/UBERON_0005253>	"EMAPA:16098"
<http://purl.obolibrary.org/obo/UBERON_0005253>	"EFO:0003492"
<http://purl.obolibrary.org/obo/UBERON_0005253>	"VHOG:0000332"
<http://purl.obolibrary.org/obo/UBERON_0003511>	"MA:0001290"
<http://purl.obolibrary.org/obo/UBERON_0003511>	"ZFA:0005568"
<http://purl.obolibrary.org/obo/UBERON_0003511>	"EMAPA:37387"
<http://purl.obolibrary.org/obo/UBERON_0004061>	<http://braininfo.rprc.washington.edu/centraldirectory.aspx?ID=1367>
<http://purl.obolibrary.org/obo/UBERON_0004061>	"EMAPA:17148"
<http://purl.obolibrary.org/obo/UBERON_0004061>	"EMAPA:35360"
<http://purl.obolibrary.org/obo/UBERON_0004061>	"neuronames:1367"
<http://purl.obolibrary.org/obo/CL_0000765>	"FMA:83504"
<http://purl.obolibrary.org/obo/CL_0000765>	"CALOHA:TS-0289"
<http://purl.obolibrary.org/obo/CL_0000765>	"BTO:0001571"
<http://purl.obolibrary.org/obo/CL_0000765>	"MESH:D004900"
<http://purl.obolibrary.org/obo/UBERON_0003073>	"EFO:0003494"
<http://purl.obolibrary.org/obo/UBERON_0003073>	"UMLS:C1517770"
<http://purl.obolibrary.org/obo/UBERON_0003073>	"EMAPA:16672"
<http://purl.obolibrary.org/obo/UBERON_0003073>	"NCIT:C34202"
<http://purl.obolibrary.org/obo/UBERON_0003073>	"XAO:0000240"
<http://purl.obolibrary.org/obo/UBERON_0003073>	"FMA:296767"
<http://purl.obolibrary.org/obo/UBERON_0003073>	"EHDAA:2908"
<http://purl.obolibrary.org/obo/UBERON_0003073>	<http://linkedlifedata.com/resource/umls/id/C1517770>
<http://purl.obolibrary.org/obo/UBERON_0003073>	<http://en.wikipedia.org/wiki/Lens_placode>
<http://purl.obolibrary.org/obo/UBERON_0003073>	"AAO:0011055"
<http://purl.obolibrary.org/obo/UBERON_0003073>	"EHDAA2:0000982"
<http://purl.obolibrary.org/obo/UBERON_0003073>	"ZFA:0000122"
<http://purl.obolibrary.org/obo/UBERON_0003073>	"VHOG:0000166"
<http://purl.obolibrary.org/obo/UBERON_0003073>	"TAO:0000122"
<http://purl.obolibrary.org/obo/UBERON_0003073>	"Wikipedia:Lens_placode"
<http://purl.obolibrary.org/obo/UBERON_0003519>	"MA:0000554"
<http://purl.obolibrary.org/obo/UBERON_0003519>	"EMAPA:37240"
<http://purl.obolibrary.org/obo/UBERON_0010708>	"EMAPA:37860"
<http://purl.obolibrary.org/obo/UBERON_0010708>	"FMA:7183"
<http://purl.obolibrary.org/obo/UBERON_0010708>	<http://www.snomedbrowser.com/Codes/Details/110716002>
<http://purl.obolibrary.org/obo/UBERON_0010708>	"VSAO:0000213"
<http://purl.obolibrary.org/obo/UBERON_0010708>	"SCTID:110716002"
<http://purl.obolibrary.org/obo/UBERON_0015329>	"MA:0001815"
<http://purl.obolibrary.org/obo/UBERON_0015329>	"EMAPA:37570"
<http://purl.obolibrary.org/obo/UBERON_0011138>	"FMA:302077"
<http://purl.obolibrary.org/obo/UBERON_0005085>	"AEO:0000218"
<http://purl.obolibrary.org/obo/UBERON_0002419>	<http://www.snomedbrowser.com/Codes/Details/110485007>
<http://purl.obolibrary.org/obo/UBERON_0002419>	"EMAPA:35774"
<http://purl.obolibrary.org/obo/UBERON_0002419>	"MA:0000146"
<http://purl.obolibrary.org/obo/UBERON_0002419>	"FMA:71878"
<http://purl.obolibrary.org/obo/UBERON_0002419>	"SCTID:110485007"
<http://purl.obolibrary.org/obo/UBERON_0002199>	"FMA:74657"
<http://purl.obolibrary.org/obo/UBERON_0002199>	"BTO:0000634"
<http://purl.obolibrary.org/obo/UBERON_0002199>	"TAO:0000368"
<http://purl.obolibrary.org/obo/UBERON_0002199>	"VSAO:0000029"
<http://purl.obolibrary.org/obo/UBERON_0002199>	"ZFA:0000368"
<http://purl.obolibrary.org/obo/UBERON_0002199>	<http://en.wikipedia.org/wiki/Integument>
<http://purl.obolibrary.org/obo/UBERON_0002199>	"EMAPA:37504"
<http://purl.obolibrary.org/obo/UBERON_0002199>	"galen:Integument"
<http://purl.obolibrary.org/obo/UBERON_0002199>	"AAO:0000239"
<http://purl.obolibrary.org/obo/UBERON_0002199>	"Wikipedia:Integument"
<http://purl.obolibrary.org/obo/UBERON_0034707>	"AEO:0001010"
<http://purl.obolibrary.org/obo/UBERON_0010031>	"FMA:318209"
<http://purl.obolibrary.org/obo/UBERON_0010031>	"EMAPA:32765"
<http://purl.obolibrary.org/obo/UBERON_0010031>	"EHDAA2:0004076"
<http://purl.obolibrary.org/obo/UBERON_0003594>	"MA:0000533"
<http://purl.obolibrary.org/obo/UBERON_0003594>	"EMAPA:37257"
<http://purl.obolibrary.org/obo/UBERON_0004215>	"MA:0000497"
<http://purl.obolibrary.org/obo/UBERON_0004215>	"EMAPA:37268"
<http://purl.obolibrary.org/obo/UBERON_0009117>	<http://linkedlifedata.com/resource/umls/id/C1512703>
<http://purl.obolibrary.org/obo/UBERON_0009117>	"UMLS:C1512703"
<http://purl.obolibrary.org/obo/UBERON_0009117>	"EHDAA2:0000716"
<http://purl.obolibrary.org/obo/UBERON_0009117>	"NCIT:C34192"
<http://purl.obolibrary.org/obo/UBERON_0002384>	"galen:ConnectiveTissue"
<http://purl.obolibrary.org/obo/UBERON_0002384>	"FMA:9640"
<http://purl.obolibrary.org/obo/UBERON_0002384>	"MESH:D003238"
<http://purl.obolibrary.org/obo/UBERON_0002384>	"EFO:0000952"
<http://purl.obolibrary.org/obo/UBERON_0002384>	<http://www.snomedbrowser.com/Codes/Details/361919005>
<http://purl.obolibrary.org/obo/UBERON_0002384>	"MIAA:0000301"
<http://purl.obolibrary.org/obo/UBERON_0002384>	"CALOHA:TS-2009"
<http://purl.obolibrary.org/obo/UBERON_0002384>	"UMLS:C0009780"
<http://purl.obolibrary.org/obo/UBERON_0002384>	"MA:0000011"
<http://purl.obolibrary.org/obo/UBERON_0002384>	"XAO:0001017"
<http://purl.obolibrary.org/obo/UBERON_0002384>	"BTO:0000421"
<http://purl.obolibrary.org/obo/UBERON_0002384>	"ZFA:0001632"
<http://purl.obolibrary.org/obo/UBERON_0002384>	"VSAO:0000017"
<http://purl.obolibrary.org/obo/UBERON_0002384>	"TAO:0001641"
<http://purl.obolibrary.org/obo/UBERON_0002384>	"AAO:0000098"
<http://purl.obolibrary.org/obo/UBERON_0002384>	"OpenCyc:Mx4rv-aBgZwpEbGdrcN5Y29ycA"
<http://purl.obolibrary.org/obo/UBERON_0002384>	"NCIT:C12374"
<http://purl.obolibrary.org/obo/UBERON_0002384>	"GAID:100"
<http://purl.obolibrary.org/obo/UBERON_0002384>	"EMAPA:35251"
<http://purl.obolibrary.org/obo/UBERON_0002384>	<http://linkedlifedata.com/resource/umls/id/C0009780>
<http://purl.obolibrary.org/obo/UBERON_0002384>	"MAT:0000301"
<http://purl.obolibrary.org/obo/UBERON_0002384>	"SCTID:361919005"
<http://purl.obolibrary.org/obo/UBERON_0000328>	"FMA:45653"
<http://purl.obolibrary.org/obo/UBERON_0000328>	"BTO:0000547"
<http://purl.obolibrary.org/obo/UBERON_0002514>	<http://en.wikipedia.org/wiki/Intramembranous_ossification>
<http://purl.obolibrary.org/obo/UBERON_0002514>	"TAO:0001644"
<http://purl.obolibrary.org/obo/UBERON_0002514>	"EMAPA:36615"
<http://purl.obolibrary.org/obo/UBERON_0002514>	"ZFA:0001635"
<http://purl.obolibrary.org/obo/UBERON_0002514>	"Wikipedia:Intramembranous_ossification"
<http://purl.obolibrary.org/obo/UBERON_0005174>	"MA:0001901"
<http://purl.obolibrary.org/obo/UBERON_0005174>	"EMAPA:37274"
<http://purl.obolibrary.org/obo/UBERON_0003613>	"MA:0002857"
<http://purl.obolibrary.org/obo/UBERON_0001775>	"BTO:0000260"
<http://purl.obolibrary.org/obo/UBERON_0001775>	<http://linkedlifedata.com/resource/umls/id/C0008779>
<http://purl.obolibrary.org/obo/UBERON_0001775>	"GAID:916"
<http://purl.obolibrary.org/obo/UBERON_0001775>	"EV:0100346"
<http://purl.obolibrary.org/obo/UBERON_0001775>	<http://braininfo.rprc.washington.edu/centraldirectory.aspx?ID=1571>
<http://purl.obolibrary.org/obo/UBERON_0001775>	"AAO:0010341"
<http://purl.obolibrary.org/obo/UBERON_0001775>	"XAO:0000186"
<http://purl.obolibrary.org/obo/UBERON_0001775>	"UMLS:C0008779"
<http://purl.obolibrary.org/obo/UBERON_0001775>	"NCIT:C12345"
<http://purl.obolibrary.org/obo/UBERON_0001775>	"MA:0000264"
<http://purl.obolibrary.org/obo/UBERON_0001775>	"FMA:58295"
<http://purl.obolibrary.org/obo/UBERON_0001775>	<http://en.wikipedia.org/wiki/Ciliary_body>
<http://purl.obolibrary.org/obo/UBERON_0001775>	"MESH:D002924"
<http://purl.obolibrary.org/obo/UBERON_0001775>	<http://www.snomedbrowser.com/Codes/Details/263340007>
<http://purl.obolibrary.org/obo/UBERON_0001775>	"VHOG:0000102"
<http://purl.obolibrary.org/obo/UBERON_0001775>	"CALOHA:TS-0694"
<http://purl.obolibrary.org/obo/UBERON_0001775>	"EMAPA:19065"
<http://purl.obolibrary.org/obo/UBERON_0001775>	"Wikipedia:Ciliary_body"
<http://purl.obolibrary.org/obo/UBERON_0001775>	"SCTID:263340007"
<http://purl.obolibrary.org/obo/UBERON_0001775>	"neuronames:1571"
<http://purl.obolibrary.org/obo/CHEBI_16670>	"KEGG:C00012"
<http://purl.obolibrary.org/obo/UBERON_0004667>	"MA:0002940"
<http://purl.obolibrary.org/obo/UBERON_0004667>	"EMAPA:18247"
<http://purl.obolibrary.org/obo/UBERON_0004667>	"RETIRED_EHDAA2:0000888"
<http://purl.obolibrary.org/obo/UBERON_0004667>	"EHDAA:2607"
<http://purl.obolibrary.org/obo/UBERON_0004667>	"FMA:7134"
<http://purl.obolibrary.org/obo/UBERON_0004667>	"EHDAA2:0000885"
<http://purl.obolibrary.org/obo/UBERON_0001769>	"CALOHA:TS-0491"
<http://purl.obolibrary.org/obo/UBERON_0001769>	"BTO:0000653"
<http://purl.obolibrary.org/obo/UBERON_0001769>	"XAO:0000185"
<http://purl.obolibrary.org/obo/UBERON_0001769>	<http://en.wikipedia.org/wiki/Iris_(anatomy)>
<http://purl.obolibrary.org/obo/UBERON_0001769>	"MA:0000273"
<http://purl.obolibrary.org/obo/UBERON_0001769>	"FMA:58235"
<http://purl.obolibrary.org/obo/UBERON_0001769>	"EMAPA:19154"
<http://purl.obolibrary.org/obo/UBERON_0001769>	"EV:0100345"
<http://purl.obolibrary.org/obo/UBERON_0001769>	"UMLS:C0022077"
<http://purl.obolibrary.org/obo/UBERON_0001769>	"NCIT:C12737"
<http://purl.obolibrary.org/obo/UBERON_0001769>	"AAO:0010347"
<http://purl.obolibrary.org/obo/UBERON_0001769>	"MESH:D007498"
<http://purl.obolibrary.org/obo/UBERON_0001769>	<http://www.snomedbrowser.com/Codes/Details/181164000>
<http://purl.obolibrary.org/obo/UBERON_0001769>	"VHOG:0000101"
<http://purl.obolibrary.org/obo/UBERON_0001769>	<http://linkedlifedata.com/resource/umls/id/C0022077>
<http://purl.obolibrary.org/obo/UBERON_0001769>	"ZFA:0001238"
<http://purl.obolibrary.org/obo/UBERON_0001769>	"EFO:0004245"
<http://purl.obolibrary.org/obo/UBERON_0001769>	"GAID:917"
<http://purl.obolibrary.org/obo/UBERON_0001769>	"TAO:0001238"
<http://purl.obolibrary.org/obo/UBERON_0001769>	"OpenCyc:Mx4rvVjbppwpEbGdrcN5Y29ycA"
<http://purl.obolibrary.org/obo/UBERON_0001769>	"Wikipedia:Iris_(anatomy)"
<http://purl.obolibrary.org/obo/UBERON_0001769>	"SCTID:181164000"
<http://purl.obolibrary.org/obo/UBERON_0005613>	"EHDAA:404"
<http://purl.obolibrary.org/obo/UBERON_0005613>	"EHDAA2:0000936"
<http://purl.obolibrary.org/obo/UBERON_0005613>	<http://www.snomedbrowser.com/Codes/Details/361403005>
<http://purl.obolibrary.org/obo/UBERON_0005613>	"EMAPA:16205"
<http://purl.obolibrary.org/obo/UBERON_0005613>	"MA:0000478"
<http://purl.obolibrary.org/obo/UBERON_0005613>	"VHOG:0000484"
<http://purl.obolibrary.org/obo/UBERON_0005613>	"SCTID:361403005"
<http://purl.obolibrary.org/obo/UBERON_0004833>	"MA:0001578"
<http://purl.obolibrary.org/obo/UBERON_0004833>	"EMAPA:37642"
<http://purl.obolibrary.org/obo/CL_0002068>	"FMA:14146"
<http://purl.obolibrary.org/obo/CL_0002068>	"BTO:0001032"
<http://purl.obolibrary.org/obo/UBERON_0005420>	"TAO:0001384"
<http://purl.obolibrary.org/obo/UBERON_0005420>	"VHOG:0001260"
<http://purl.obolibrary.org/obo/UBERON_0005420>	"EFO:0003469"
<http://purl.obolibrary.org/obo/UBERON_0005420>	"ZFA:0001384"
<http://purl.obolibrary.org/obo/UBERON_0001708>	"galen:Jaw"
<http://purl.obolibrary.org/obo/UBERON_0001708>	"UMLS:C0022359"
<http://purl.obolibrary.org/obo/UBERON_0001708>	"BTO:0001749"
<http://purl.obolibrary.org/obo/UBERON_0001708>	"NCIT:C48821"
<http://purl.obolibrary.org/obo/UBERON_0001708>	"AAO:0000988"
<http://purl.obolibrary.org/obo/UBERON_0001708>	<http://linkedlifedata.com/resource/umls/id/C0022359>
<http://purl.obolibrary.org/obo/UBERON_0001708>	"OpenCyc:Mx4rvVjjEZwpEbGdrcN5Y29ycA"
<http://purl.obolibrary.org/obo/UBERON_0001708>	"GAID:214"
<http://purl.obolibrary.org/obo/UBERON_0001708>	"MESH:D007568"
<http://purl.obolibrary.org/obo/UBERON_0001708>	"FMA:54396"
<http://purl.obolibrary.org/obo/UBERON_0001708>	"EMAPA:35455"
<http://purl.obolibrary.org/obo/UBERON_0001708>	<http://en.wikipedia.org/wiki/Jaw>
<http://purl.obolibrary.org/obo/UBERON_0001708>	"MA:0001905"
<http://purl.obolibrary.org/obo/UBERON_0001708>	"TAO:0001227"
<http://purl.obolibrary.org/obo/UBERON_0001708>	<http://www.snomedbrowser.com/Codes/Details/181811001>
<http://purl.obolibrary.org/obo/UBERON_0001708>	"ZFA:0001227"
<http://purl.obolibrary.org/obo/UBERON_0001708>	"SCTID:181811001"
<http://purl.obolibrary.org/obo/UBERON_0001708>	"Wikipedia:Jaw"
<http://purl.obolibrary.org/obo/UBERON_0000112>	"EV:0300051"
<http://purl.obolibrary.org/obo/UBERON_0000112>	"XAO:1000010"
<http://purl.obolibrary.org/obo/UBERON_0000112>	"XtroDO:0000083"
<http://purl.obolibrary.org/obo/UBERON_0000112>	"BILS:0000112"
<http://purl.obolibrary.org/obo/UBERON_0000112>	"ZFS:0000051"
<http://purl.obolibrary.org/obo/UBERON_0000112>	"MmusDv:0000043"
<http://purl.obolibrary.org/obo/UBERON_0000112>	"EFO:0001300"
<http://purl.obolibrary.org/obo/UBERON_0000112>	"BTO:0002168"
<http://purl.obolibrary.org/obo/UBERON_0000112>	"OGES:000009"
<http://purl.obolibrary.org/obo/UBERON_0011582>	"VSAO:0000301"
<http://purl.obolibrary.org/obo/CL_0002503>	"FMA:84639"
<http://purl.obolibrary.org/obo/CL_0002503>	"BTO:0002441"
<http://purl.obolibrary.org/obo/UBERON_0004785>	"BTO:0000973"
<http://purl.obolibrary.org/obo/UBERON_0004785>	"MESH:D020545"
<http://purl.obolibrary.org/obo/UBERON_0004785>	"EMAPA:18334"
<http://purl.obolibrary.org/obo/UBERON_0004785>	"MA:0001827"
<http://purl.obolibrary.org/obo/UBERON_0004785>	"FMA:302092"
<http://purl.obolibrary.org/obo/UBERON_0004785>	"EMAPA:37577"
<http://purl.obolibrary.org/obo/UBERON_0004785>	"GAID:304"
<http://purl.obolibrary.org/obo/UBERON_0000015>	"FMA:50705"
<http://purl.obolibrary.org/obo/UBERON_0000015>	"AEO:0000192"
<http://purl.obolibrary.org/obo/UBERON_0000015>	"CARO:0000010"
<http://purl.obolibrary.org/obo/UBERON_0012275>	"FMA:86452"
<http://purl.obolibrary.org/obo/UBERON_0004582>	"VHOG:0000277"
<http://purl.obolibrary.org/obo/UBERON_0004582>	"UMLS:C1267406"
<http://purl.obolibrary.org/obo/UBERON_0004582>	"EHDAA:486"
<http://purl.obolibrary.org/obo/UBERON_0004582>	"NCIT:C33858"
<http://purl.obolibrary.org/obo/UBERON_0004582>	"MA:0002720"
<http://purl.obolibrary.org/obo/UBERON_0004582>	<http://linkedlifedata.com/resource/umls/id/C1267406>
<http://purl.obolibrary.org/obo/UBERON_0004582>	"EHDAA2:0002171"
<http://purl.obolibrary.org/obo/UBERON_0004582>	<http://www.snomedbrowser.com/Codes/Details/362060003>
<http://purl.obolibrary.org/obo/UBERON_0004582>	"EMAPA:16240"
<http://purl.obolibrary.org/obo/UBERON_0004582>	"BTO:0004692"
<http://purl.obolibrary.org/obo/UBERON_0004582>	"SCTID:362060003"
<http://purl.obolibrary.org/obo/UBERON_0008307>	"BTO:0004293"
<http://purl.obolibrary.org/obo/UBERON_0004909>	"EHDAA:5931"
<http://purl.obolibrary.org/obo/UBERON_0004909>	"FBbt:00004859"
<http://purl.obolibrary.org/obo/UBERON_0004909>	"UMLS:C1517534"
<http://purl.obolibrary.org/obo/UBERON_0004909>	"NCIT:C32676"
<http://purl.obolibrary.org/obo/UBERON_0004909>	<http://linkedlifedata.com/resource/umls/id/C1517534>
<http://purl.obolibrary.org/obo/UBERON_0004909>	"EHDAA:4032"
<http://purl.obolibrary.org/obo/UBERON_0004233>	"EMAPA:35520"
<http://purl.obolibrary.org/obo/UBERON_0004233>	"MA:0002410"
<http://purl.obolibrary.org/obo/CL_0000136>	"FMA:63880"
<http://purl.obolibrary.org/obo/CL_0000136>	"CALOHA:TS-0012"
<http://purl.obolibrary.org/obo/CL_0000136>	"BTO:0000443"
<http://purl.obolibrary.org/obo/UBERON_0002348>	<http://en.wikipedia.org/wiki/Epicardium>
<http://purl.obolibrary.org/obo/UBERON_0002348>	"TAO:0005057"
<http://purl.obolibrary.org/obo/UBERON_0002348>	"ZFA:0005057"
<http://purl.obolibrary.org/obo/UBERON_0002348>	"EHDAA2:0002202"
<http://purl.obolibrary.org/obo/UBERON_0002348>	"UMLS:C0225968"
<http://purl.obolibrary.org/obo/UBERON_0002348>	"NCIT:C13164"
<http://purl.obolibrary.org/obo/UBERON_0002348>	<http://linkedlifedata.com/resource/umls/id/C0225968>
<http://purl.obolibrary.org/obo/UBERON_0002348>	"FMA:9461"
<http://purl.obolibrary.org/obo/UBERON_0002348>	"VHOG:0000119"
<http://purl.obolibrary.org/obo/UBERON_0002348>	"galen:Epicardium"
<http://purl.obolibrary.org/obo/UBERON_0002348>	"AAO:0010409"
<http://purl.obolibrary.org/obo/UBERON_0002348>	"XAO:0000316"
<http://purl.obolibrary.org/obo/UBERON_0002348>	"Wikipedia:Epicardium"
<http://purl.obolibrary.org/obo/UBERON_0007285>	"XAO:0004134"
<http://purl.obolibrary.org/obo/UBERON_0007285>	"EFO:0003443"
<http://purl.obolibrary.org/obo/UBERON_0007285>	"ZFA:0000591"
<http://purl.obolibrary.org/obo/UBERON_0007285>	"TAO:0000591"
<http://purl.obolibrary.org/obo/UBERON_0002458>	"NCIT:C33587"
<http://purl.obolibrary.org/obo/UBERON_0002458>	"MA:0002043"
<http://purl.obolibrary.org/obo/UBERON_0002458>	<http://en.wikipedia.org/wiki/Spinal_artery>
<http://purl.obolibrary.org/obo/UBERON_0002458>	<http://www.snomedbrowser.com/Codes/Details/244228006>
<http://purl.obolibrary.org/obo/UBERON_0002458>	"UMLS:C0447043"
<http://purl.obolibrary.org/obo/UBERON_0002458>	"ZFA:0000682"
<http://purl.obolibrary.org/obo/UBERON_0002458>	"EHDAA2:0001890"
<http://purl.obolibrary.org/obo/UBERON_0002458>	"EMAPA:18241"
<http://purl.obolibrary.org/obo/UBERON_0002458>	"TAO:0000682"
<http://purl.obolibrary.org/obo/UBERON_0002458>	"EHDAA:4355"
<http://purl.obolibrary.org/obo/UBERON_0002458>	<http://linkedlifedata.com/resource/umls/id/C0447043>
<http://purl.obolibrary.org/obo/UBERON_0002458>	"SCTID:244228006"
<http://purl.obolibrary.org/obo/UBERON_0002458>	"Wikipedia:Spinal_artery"
<http://purl.obolibrary.org/obo/UBERON_0003115>	"TAO:0001599"
<http://purl.obolibrary.org/obo/UBERON_0003115>	"AAO:0010366"
<http://purl.obolibrary.org/obo/UBERON_0003115>	"EHDAA2:0000086"
<http://purl.obolibrary.org/obo/UBERON_0003115>	<http://www.snomedbrowser.com/Codes/Details/308770007>
<http://purl.obolibrary.org/obo/UBERON_0003115>	"EMAPA:16760"
<http://purl.obolibrary.org/obo/UBERON_0003115>	"VHOG:0000299"
<http://purl.obolibrary.org/obo/UBERON_0003115>	"XAO:0000449"
<http://purl.obolibrary.org/obo/UBERON_0003115>	"FMA:293035"
<http://purl.obolibrary.org/obo/UBERON_0003115>	"ZFA:0001607"
<http://purl.obolibrary.org/obo/UBERON_0003115>	"EHDAA:1663"
<http://purl.obolibrary.org/obo/UBERON_0003115>	"SCTID:308770007"
<http://purl.obolibrary.org/obo/UBERON_0000361>	<http://www.snomedbrowser.com/Codes/Details/328538003>
<http://purl.obolibrary.org/obo/UBERON_0000361>	"FMA:74595"
<http://purl.obolibrary.org/obo/UBERON_0000361>	<http://www.snomedbrowser.com/Codes/Details/75330005>
<http://purl.obolibrary.org/obo/UBERON_0000361>	"BTO:0001160"
<http://purl.obolibrary.org/obo/UBERON_0000361>	"SCTID:75330005"
<http://purl.obolibrary.org/obo/UBERON_0000361>	"SCTID:328538003"
<http://purl.obolibrary.org/obo/UBERON_0004348>	"VHOG:0001296"
<http://purl.obolibrary.org/obo/UBERON_0004348>	"EHDAA:938"
<http://purl.obolibrary.org/obo/UBERON_0004348>	"EMAPA:16322"
<http://purl.obolibrary.org/obo/UBERON_0004348>	"RETIRED_EHDAA2:0001308"
<http://purl.obolibrary.org/obo/UBERON_0005946>	"FMA:14141"
<http://purl.obolibrary.org/obo/UBERON_0004874>	<http://en.wikipedia.org/wiki/Somatopleure>
<http://purl.obolibrary.org/obo/UBERON_0004874>	"VHOG:0000557"
<http://purl.obolibrary.org/obo/UBERON_0004874>	"UMLS:C1519423"
<http://purl.obolibrary.org/obo/UBERON_0004874>	"NCIT:C34301"
<http://purl.obolibrary.org/obo/UBERON_0004874>	"FMA:295566"
<http://purl.obolibrary.org/obo/UBERON_0004874>	"EHDAA2:0001847"
<http://purl.obolibrary.org/obo/UBERON_0004874>	<http://linkedlifedata.com/resource/umls/id/C1519423>
<http://purl.obolibrary.org/obo/UBERON_0004874>	"EMAPA:16180"
<http://purl.obolibrary.org/obo/UBERON_0004874>	"EHDAA:381"
<http://purl.obolibrary.org/obo/UBERON_0004874>	"Wikipedia:Somatopleure"
<http://purl.obolibrary.org/obo/UBERON_0000104>	"ncithesaurus:Life"
<http://purl.obolibrary.org/obo/UBERON_0000104>	"MmusDv:0000001"
<http://purl.obolibrary.org/obo/UBERON_0000104>	"HsapDv:0000001"
<http://purl.obolibrary.org/obo/UBERON_0000104>	"OGES:000011"
<http://purl.obolibrary.org/obo/UBERON_0000104>	"FBdv:00000000"
<http://purl.obolibrary.org/obo/UBERON_0014907>	"XAO:0004075"
<http://purl.obolibrary.org/obo/UBERON_0014907>	"TAO:0001285"
<http://purl.obolibrary.org/obo/UBERON_0014907>	"EFO:0003664"
<http://purl.obolibrary.org/obo/UBERON_0014907>	"ZFA:0001285"
<http://purl.obolibrary.org/obo/UBERON_0014907>	"EMAPA:37389"
<http://purl.obolibrary.org/obo/CL_0002072>	"BTO:0004190"
<http://purl.obolibrary.org/obo/CL_0002072>	"FMA:67101"
<http://purl.obolibrary.org/obo/UBERON_0005388>	"FBbt:00004200"
<http://purl.obolibrary.org/obo/UBERON_0003128>	"EMAPA:17680"
<http://purl.obolibrary.org/obo/UBERON_0003128>	"MAT:0000340"
<http://purl.obolibrary.org/obo/UBERON_0003128>	"EFO:0000831"
<http://purl.obolibrary.org/obo/UBERON_0003128>	"OpenCyc:Mx4rvVlEyJwpEbGdrcN5Y29ycA"
<http://purl.obolibrary.org/obo/UBERON_0003128>	"MA:0000316"
<http://purl.obolibrary.org/obo/UBERON_0003128>	"BTO:0001328"
<http://purl.obolibrary.org/obo/UBERON_0003128>	<http://en.wikipedia.org/wiki/Cranium_(anatomy)>
<http://purl.obolibrary.org/obo/UBERON_0003128>	"MIAA:0000340"
<http://purl.obolibrary.org/obo/UBERON_0003128>	"FMA:71325"
<http://purl.obolibrary.org/obo/UBERON_0003128>	"EHDAA:6029"
<http://purl.obolibrary.org/obo/UBERON_0003128>	"VHOG:0000334"
<http://purl.obolibrary.org/obo/UBERON_0003128>	<http://www.snomedbrowser.com/Codes/Details/181889008>
<http://purl.obolibrary.org/obo/UBERON_0003128>	"Wikipedia:Cranium_(anatomy)"
<http://purl.obolibrary.org/obo/UBERON_0003128>	"SCTID:181889008"
<http://purl.obolibrary.org/obo/UBERON_0009618>	"EHDAA2:0002094"
<http://purl.obolibrary.org/obo/UBERON_0005498>	"EHDAA2:0001512"
<http://purl.obolibrary.org/obo/UBERON_0005498>	"FMA:321916"
<http://purl.obolibrary.org/obo/UBERON_0005498>	"ZFA:0000149"
<http://purl.obolibrary.org/obo/UBERON_0005498>	"EHDAA:424"
<http://purl.obolibrary.org/obo/UBERON_0005498>	<http://www.snomedbrowser.com/Codes/Details/361522004>
<http://purl.obolibrary.org/obo/UBERON_0005498>	"EMAPA:16215"
<http://purl.obolibrary.org/obo/UBERON_0005498>	"TAO:0000149"
<http://purl.obolibrary.org/obo/UBERON_0005498>	"EHDAA:436"
<http://purl.obolibrary.org/obo/UBERON_0005498>	<http://en.wikipedia.org/wiki/Primitive_heart_tube>
<http://purl.obolibrary.org/obo/UBERON_0005498>	"Wikipedia:Primitive_heart_tube"
<http://purl.obolibrary.org/obo/UBERON_0005498>	"SCTID:361522004"
<http://purl.obolibrary.org/obo/UBERON_0004770>	"FMA:23878"
<http://purl.obolibrary.org/obo/UBERON_0004770>	"VSAO:0000181"
<http://purl.obolibrary.org/obo/UBERON_0004770>	"EMAPA:35150"
<http://purl.obolibrary.org/obo/UBERON_0004770>	"MA:0003007"
<http://purl.obolibrary.org/obo/UBERON_0004770>	<http://www.snomedbrowser.com/Codes/Details/361827000>
<http://purl.obolibrary.org/obo/UBERON_0004770>	"SCTID:361827000"
<http://purl.obolibrary.org/obo/UBERON_0003902>	"UMLS:C1518263"
<http://purl.obolibrary.org/obo/UBERON_0003902>	"EMAPA:17171"
<http://purl.obolibrary.org/obo/UBERON_0003902>	"EHDAA:4763"
<http://purl.obolibrary.org/obo/UBERON_0003902>	"EHDAA2:0001253"
<http://purl.obolibrary.org/obo/UBERON_0003902>	"AAO:0011095"
<http://purl.obolibrary.org/obo/UBERON_0003902>	"MA:0000277"
<http://purl.obolibrary.org/obo/UBERON_0003902>	"TAO:0000046"
<http://purl.obolibrary.org/obo/UBERON_0003902>	"VHOG:0000535"
<http://purl.obolibrary.org/obo/UBERON_0003902>	"FMA:58628"
<http://purl.obolibrary.org/obo/UBERON_0003902>	"CALOHA:TS-0685"
<http://purl.obolibrary.org/obo/UBERON_0003902>	"XAO:0003216"
<http://purl.obolibrary.org/obo/UBERON_0003902>	"NCIT:C33166"
<http://purl.obolibrary.org/obo/UBERON_0003902>	<http://linkedlifedata.com/resource/umls/id/C1518263>
<http://purl.obolibrary.org/obo/UBERON_0003902>	"EMAPA:18590"
<http://purl.obolibrary.org/obo/UBERON_0003902>	"BTO:0000929"
<http://purl.obolibrary.org/obo/UBERON_0003902>	"ZFA:0000046"
<http://purl.obolibrary.org/obo/UBERON_1000021>	"UMLS:C0222084"
<http://purl.obolibrary.org/obo/UBERON_1000021>	"EMAPA:36657"
<http://purl.obolibrary.org/obo/UBERON_1000021>	"FMA:24758"
<http://purl.obolibrary.org/obo/UBERON_1000021>	<http://linkedlifedata.com/resource/umls/id/C0222084>
<http://purl.obolibrary.org/obo/UBERON_1000021>	<http://www.snomedbrowser.com/Codes/Details/361703006>
<http://purl.obolibrary.org/obo/UBERON_1000021>	"NCIT:C33561"
<http://purl.obolibrary.org/obo/UBERON_1000021>	"SCTID:361703006"
<http://purl.obolibrary.org/obo/UBERON_0011233>	<http://en.wikipedia.org/wiki/Synovial_sheath>
<http://purl.obolibrary.org/obo/UBERON_0011233>	"FMA:40878"
<http://purl.obolibrary.org/obo/UBERON_0011233>	"BTO:0001823"
<http://purl.obolibrary.org/obo/UBERON_0011233>	"Wikipedia:Synovial_sheath"
<http://purl.obolibrary.org/obo/UBERON_0010161>	<http://www.snomedbrowser.com/Codes/Details/91747007>
<http://purl.obolibrary.org/obo/UBERON_0010161>	"FMA:312610"
<http://purl.obolibrary.org/obo/UBERON_0010161>	"SCTID:91747007"
<http://purl.obolibrary.org/obo/UBERON_0002406>	"TAO:0000054"
<http://purl.obolibrary.org/obo/UBERON_0002406>	"FMA:9868"
<http://purl.obolibrary.org/obo/UBERON_0002406>	<http://www.snomedbrowser.com/Codes/Details/361326002>
<http://purl.obolibrary.org/obo/UBERON_0002406>	"RETIRED_EHDAA2:0001443"
<http://purl.obolibrary.org/obo/UBERON_0002406>	"SCTID:361326002"
<http://purl.obolibrary.org/obo/UBERON_0036244>	"FMA:20932"
<http://purl.obolibrary.org/obo/UBERON_0000922>	"BSA:0000039"
<http://purl.obolibrary.org/obo/UBERON_0000922>	"CALOHA:TS-0229"
<http://purl.obolibrary.org/obo/UBERON_0000922>	"FMA:69068"
<http://purl.obolibrary.org/obo/UBERON_0000922>	"GAID:963"
<http://purl.obolibrary.org/obo/UBERON_0000922>	"BILA:0000056"
<http://purl.obolibrary.org/obo/UBERON_0000922>	"EHDAA2_RETIRED:0003236"
<http://purl.obolibrary.org/obo/UBERON_0000922>	"OGEM:000001"
<http://purl.obolibrary.org/obo/UBERON_0000922>	"AAO:0011035"
<http://purl.obolibrary.org/obo/UBERON_0000922>	"VHOG:0001766"
<http://purl.obolibrary.org/obo/UBERON_0000922>	<http://linkedlifedata.com/resource/umls/id/C0013935>
<http://purl.obolibrary.org/obo/UBERON_0000922>	"ZFA:0000103"
<http://purl.obolibrary.org/obo/UBERON_0000922>	"MIAA:0000019"
<http://purl.obolibrary.org/obo/UBERON_0000922>	"MESH:D004622"
<http://purl.obolibrary.org/obo/UBERON_0000922>	"EMAPA:16039"
<http://purl.obolibrary.org/obo/UBERON_0000922>	"UMLS:C0013935"
<http://purl.obolibrary.org/obo/UBERON_0000922>	<http://en.wikipedia.org/wiki/Embryo>
<http://purl.obolibrary.org/obo/UBERON_0000922>	"BTO:0000379"
<http://purl.obolibrary.org/obo/UBERON_0000922>	<http://www.snomedbrowser.com/Codes/Details/57991002>
<http://purl.obolibrary.org/obo/UBERON_0000922>	"OpenCyc:Mx4rwP1ceZwpEbGdrcN5Y29ycA"
<http://purl.obolibrary.org/obo/UBERON_0000922>	"FBbt:00000052"
<http://purl.obolibrary.org/obo/UBERON_0000922>	"EHDAA2:0000002"
<http://purl.obolibrary.org/obo/UBERON_0000922>	"AEO:0000169"
<http://purl.obolibrary.org/obo/UBERON_0000922>	"NCIT:C28147"
<http://purl.obolibrary.org/obo/UBERON_0000922>	"MAT:0000226"
<http://purl.obolibrary.org/obo/UBERON_0000922>	"EHDAA:38"
<http://purl.obolibrary.org/obo/UBERON_0000922>	"XAO:0000113"
<http://purl.obolibrary.org/obo/UBERON_0000922>	<http://neurolex.org/wiki/Category:Embryonic_organism>
<http://purl.obolibrary.org/obo/UBERON_0000922>	"EFO:0001367"
<http://purl.obolibrary.org/obo/UBERON_0000922>	"SCTID:57991002"
<http://purl.obolibrary.org/obo/UBERON_0000922>	"http://neurolex.org/wiki/Category:Embryonic_organism"
<http://purl.obolibrary.org/obo/UBERON_0000922>	"Wikipedia:Embryo"
<http://purl.obolibrary.org/obo/UBERON_0002333>	"FMA:8612"
<http://purl.obolibrary.org/obo/UBERON_0002333>	"EMAPA:17015"
<http://purl.obolibrary.org/obo/UBERON_0002333>	"galen:PulmonaryTrunk"
<http://purl.obolibrary.org/obo/UBERON_0002333>	"NCIT:C116918"
<http://purl.obolibrary.org/obo/UBERON_0002333>	"EHDAA2:0001576"
<http://purl.obolibrary.org/obo/UBERON_0002333>	"MA:0002033"
<http://purl.obolibrary.org/obo/UBERON_0002333>	"EHDAA:9831"
<http://purl.obolibrary.org/obo/UBERON_0002333>	"VHOG:0001134"
<http://purl.obolibrary.org/obo/UBERON_0002333>	"OpenCyc:Mx4rv-6d0ZwpEbGdrcN5Y29ycA"
<http://purl.obolibrary.org/obo/UBERON_0013136>	<http://www.snomedbrowser.com/Codes/Details/367664002>
<http://purl.obolibrary.org/obo/UBERON_0013136>	"SCTID:367664002"
<http://purl.obolibrary.org/obo/UBERON_0003364>	"MA:0003132"
<http://purl.obolibrary.org/obo/UBERON_0003364>	"EMAPA:17663"
<http://purl.obolibrary.org/obo/UBERON_0007270>	"TAO:0000258"
<http://purl.obolibrary.org/obo/UBERON_0007270>	"ZFA:0000258"
<http://purl.obolibrary.org/obo/UBERON_0002111>	"MA:0000708"
<http://purl.obolibrary.org/obo/UBERON_0002111>	"NCIT:C49195"
<http://purl.obolibrary.org/obo/UBERON_0002111>	"CALOHA:TS-1198"
<http://purl.obolibrary.org/obo/UBERON_0002111>	<http://linkedlifedata.com/resource/umls/id/C1706851>
<http://purl.obolibrary.org/obo/UBERON_0002111>	"FMA:72024"
<http://purl.obolibrary.org/obo/UBERON_0002111>	"UMLS:C1706851"
<http://purl.obolibrary.org/obo/UBERON_0002111>	"EMAPA:36285"
<http://purl.obolibrary.org/obo/UBERON_0002111>	"BTO:0000087"
<http://purl.obolibrary.org/obo/UBERON_0003837>	"MA:0000560"
<http://purl.obolibrary.org/obo/UBERON_0003837>	"EMAPA:37253"
<http://purl.obolibrary.org/obo/UBERON_0002049>	"ZFA:0005249"
<http://purl.obolibrary.org/obo/UBERON_0002049>	"FMA:69050"
<http://purl.obolibrary.org/obo/UBERON_0002049>	"BTO:0003718"
<http://purl.obolibrary.org/obo/UBERON_0002049>	"TAO:0005249"
<http://purl.obolibrary.org/obo/UBERON_0003615>	"MA:0002860"
<http://purl.obolibrary.org/obo/UBERON_0002119>	<http://linkedlifedata.com/resource/umls/id/C0227874>
<http://purl.obolibrary.org/obo/UBERON_0002119>	"EMAPA:37366"
<http://purl.obolibrary.org/obo/UBERON_0002119>	"UMLS:C0227874"
<http://purl.obolibrary.org/obo/UBERON_0002119>	<http://www.snomedbrowser.com/Codes/Details/280124008>
<http://purl.obolibrary.org/obo/UBERON_0002119>	"NCIT:C32969"
<http://purl.obolibrary.org/obo/UBERON_0002119>	"FMA:7214"
<http://purl.obolibrary.org/obo/UBERON_0002119>	"MA:0001704"
<http://purl.obolibrary.org/obo/UBERON_0002119>	"SCTID:280124008"
<http://purl.obolibrary.org/obo/CL_0000723>	"FMA:63368"
<http://purl.obolibrary.org/obo/CL_0000723>	"CALOHA:TS-2086"
<http://purl.obolibrary.org/obo/CL_0000723>	"MESH:D053687"
<http://purl.obolibrary.org/obo/UBERON_0001710>	"EHDAA:7995"
<http://purl.obolibrary.org/obo/UBERON_0001710>	"FMA:59398"
<http://purl.obolibrary.org/obo/UBERON_0001710>	<http://www.snomedbrowser.com/Codes/Details/362637005>
<http://purl.obolibrary.org/obo/UBERON_0001710>	"MESH:D008334"
<http://purl.obolibrary.org/obo/UBERON_0001710>	<http://en.wikipedia.org/wiki/Lower_jaw>
<http://purl.obolibrary.org/obo/UBERON_0001710>	"EFO:0003660"
<http://purl.obolibrary.org/obo/UBERON_0001710>	"VHOG:0000453"
<http://purl.obolibrary.org/obo/UBERON_0001710>	"EMAPA:17906"
<http://purl.obolibrary.org/obo/UBERON_0001710>	"EHDAA2:0001018"
<http://purl.obolibrary.org/obo/UBERON_0001710>	"ncithesaurus:Lower_Jaw"
<http://purl.obolibrary.org/obo/UBERON_0001710>	"AAO:0000272"
<http://purl.obolibrary.org/obo/UBERON_0001710>	"SCTID:362637005"
<http://purl.obolibrary.org/obo/UBERON_0001710>	"Wikipedia:Lower_jaw"
<http://purl.obolibrary.org/obo/UBERON_0000481>	"BILA:0000055"
<http://purl.obolibrary.org/obo/UBERON_0000481>	"VHOG:0001762"
<http://purl.obolibrary.org/obo/UBERON_0000481>	"FBbt:00007010"
<http://purl.obolibrary.org/obo/UBERON_0000481>	"TGMA:0001847"
<http://purl.obolibrary.org/obo/UBERON_0000481>	"AAO:0010048"
<http://purl.obolibrary.org/obo/UBERON_0000481>	"ZFA:0001488"
<http://purl.obolibrary.org/obo/UBERON_0000481>	"HAO:0000055"
<http://purl.obolibrary.org/obo/UBERON_0000481>	"TAO:0001488"
<http://purl.obolibrary.org/obo/UBERON_0000481>	"AEO:0000055"
<http://purl.obolibrary.org/obo/UBERON_0000481>	"CARO:0000055"
<http://purl.obolibrary.org/obo/UBERON_0000481>	"XAO:0003037"
<http://purl.obolibrary.org/obo/UBERON_0000481>	"EHDAA2:0003055"
<http://purl.obolibrary.org/obo/UBERON_0004121>	"FBbt:00025990"
<http://purl.obolibrary.org/obo/UBERON_0008947>	"UMLS:C1514898"
<http://purl.obolibrary.org/obo/UBERON_0008947>	"NCIT:C34283"
<http://purl.obolibrary.org/obo/UBERON_0008947>	<http://linkedlifedata.com/resource/umls/id/C1514898>
<http://purl.obolibrary.org/obo/UBERON_0008947>	"EHDAA2:0004069"
<http://purl.obolibrary.org/obo/UBERON_0002481>	"ZFA:0005621"
<http://purl.obolibrary.org/obo/UBERON_0002481>	"EMAPA:35179"
<http://purl.obolibrary.org/obo/UBERON_0002481>	"MA:0002780"
<http://purl.obolibrary.org/obo/UBERON_0002481>	"MESH:D001842"
<http://purl.obolibrary.org/obo/UBERON_0002481>	<http://linkedlifedata.com/resource/umls/id/C0391978>
<http://purl.obolibrary.org/obo/UBERON_0002481>	"UMLS:C0391978"
<http://purl.obolibrary.org/obo/UBERON_0002481>	"NCIT:C13076"
<http://purl.obolibrary.org/obo/UBERON_0002481>	<http://en.wikipedia.org/wiki/Bone_tissue>
<http://purl.obolibrary.org/obo/UBERON_0002481>	"XAO:0004040"
<http://purl.obolibrary.org/obo/UBERON_0002481>	"VSAO:0000047"
<http://purl.obolibrary.org/obo/UBERON_0002481>	"FMA:224804"
<http://purl.obolibrary.org/obo/UBERON_0002481>	"galen:BoneTissue"
<http://purl.obolibrary.org/obo/UBERON_0002481>	"CALOHA:TS-2011"
<http://purl.obolibrary.org/obo/UBERON_0002481>	"Wikipedia:Bone_tissue"
<http://purl.obolibrary.org/obo/CHEBI_27594>	"WebElements:C"
<http://purl.obolibrary.org/obo/CHEBI_27594>	"KEGG:C06265"
<http://purl.obolibrary.org/obo/UBERON_0010409>	"EMAPA:35336"
<http://purl.obolibrary.org/obo/UBERON_0010409>	"MA:0002486"
<http://purl.obolibrary.org/obo/UBERON_0010258>	"EHDAA2:0004423"
<http://purl.obolibrary.org/obo/CL_0000163>	"FMA:83809"
<http://purl.obolibrary.org/obo/GO_0005587>	"Wikipedia:Collagen_type_IV"
<http://purl.obolibrary.org/obo/UBERON_0004247>	"EMAPA:37248"
<http://purl.obolibrary.org/obo/UBERON_0004247>	"MA:0000494"
<http://purl.obolibrary.org/obo/UBERON_0003037>	"AAO:0011127"
<http://purl.obolibrary.org/obo/UBERON_0003037>	"FMA:86461"
<http://purl.obolibrary.org/obo/UBERON_0003037>	"OpenCyc:Mx4rrqot_on_EdaAAAACs0uFOQ"
<http://purl.obolibrary.org/obo/UBERON_0003037>	<http://en.wikipedia.org/wiki/Septum>
<http://purl.obolibrary.org/obo/UBERON_0003037>	"Wikipedia:Septum"
<http://purl.obolibrary.org/obo/GO_0031982>	"Wikipedia:Vesicle_(biology)"
<http://purl.obolibrary.org/obo/GO_0031982>	"NIF_Subcellular:sao221389602"
<http://purl.obolibrary.org/obo/UBERON_0005179>	"MA:0000543"
<http://purl.obolibrary.org/obo/UBERON_0005179>	"EMAPA:37275"
<http://purl.obolibrary.org/obo/UBERON_0001004>	"MA:0000327"
<http://purl.obolibrary.org/obo/UBERON_0001004>	"EHDAA:2203"
<http://purl.obolibrary.org/obo/UBERON_0001004>	"BTO:0000203"
<http://purl.obolibrary.org/obo/UBERON_0001004>	"EHDAA2:0001604"
<http://purl.obolibrary.org/obo/UBERON_0001004>	"XAO:0000117"
<http://purl.obolibrary.org/obo/UBERON_0001004>	"MAT:0000030"
<http://purl.obolibrary.org/obo/UBERON_0001004>	"CALOHA:TS-1319"
<http://purl.obolibrary.org/obo/UBERON_0001004>	"ZFA:0000272"
<http://purl.obolibrary.org/obo/UBERON_0001004>	<http://linkedlifedata.com/resource/umls/id/C0035237>
<http://purl.obolibrary.org/obo/UBERON_0001004>	"UMLS:C0035237"
<http://purl.obolibrary.org/obo/UBERON_0001004>	"TAO:0000272"
<http://purl.obolibrary.org/obo/UBERON_0001004>	"MIAA:0000030"
<http://purl.obolibrary.org/obo/UBERON_0001004>	"EFO:0000804"
<http://purl.obolibrary.org/obo/UBERON_0001004>	<http://en.wikipedia.org/wiki/Respiratory_system>
<http://purl.obolibrary.org/obo/UBERON_0001004>	"NCIT:C12779"
<http://purl.obolibrary.org/obo/UBERON_0001004>	"AAO:0000541"
<http://purl.obolibrary.org/obo/UBERON_0001004>	"MESH:D012137"
<http://purl.obolibrary.org/obo/UBERON_0001004>	"EV:0100036"
<http://purl.obolibrary.org/obo/UBERON_0001004>	"EMAPA:16727"
<http://purl.obolibrary.org/obo/UBERON_0001004>	"VHOG:0000202"
<http://purl.obolibrary.org/obo/UBERON_0001004>	"GAID:78"
<http://purl.obolibrary.org/obo/UBERON_0001004>	"FMA:7158"
<http://purl.obolibrary.org/obo/UBERON_0001004>	<http://www.snomedbrowser.com/Codes/Details/278197002>
<http://purl.obolibrary.org/obo/UBERON_0001004>	"OpenCyc:Mx4rvVjzFJwpEbGdrcN5Y29ycA"
<http://purl.obolibrary.org/obo/UBERON_0001004>	"SCTID:278197002"
<http://purl.obolibrary.org/obo/UBERON_0001004>	"Wikipedia:Respiratory_system"
<http://purl.obolibrary.org/obo/UBERON_0001530>	"VHOG:0000272"
<http://purl.obolibrary.org/obo/UBERON_0001530>	"FMA:3939"
<http://purl.obolibrary.org/obo/UBERON_0001530>	"MESH:D017536"
<http://purl.obolibrary.org/obo/UBERON_0001530>	"GAID:479"
<http://purl.obolibrary.org/obo/UBERON_0001530>	"MA:0001926"
<http://purl.obolibrary.org/obo/UBERON_0001530>	<http://en.wikipedia.org/wiki/Common_carotid_artery>
<http://purl.obolibrary.org/obo/UBERON_0001530>	"NCIT:C32352"
<http://purl.obolibrary.org/obo/UBERON_0001530>	"EHDAA2:0000217"
<http://purl.obolibrary.org/obo/UBERON_0001530>	"UMLS:C0162859"
<http://purl.obolibrary.org/obo/UBERON_0001530>	<http://linkedlifedata.com/resource/umls/id/C0162859>
<http://purl.obolibrary.org/obo/UBERON_0001530>	"EHDAA:7331"
<http://purl.obolibrary.org/obo/UBERON_0001530>	"EMAPA:17855"
<http://purl.obolibrary.org/obo/UBERON_0001530>	"CALOHA:TS-0116"
<http://purl.obolibrary.org/obo/UBERON_0001530>	<http://www.snomedbrowser.com/Codes/Details/362041005>
<http://purl.obolibrary.org/obo/UBERON_0001530>	"Wikipedia:Common_carotid_artery"
<http://purl.obolibrary.org/obo/UBERON_0001530>	"SCTID:362041005"
<http://purl.obolibrary.org/obo/UBERON_0001766>	"MA:0000262"
<http://purl.obolibrary.org/obo/UBERON_0001766>	"VHOG:0001431"
<http://purl.obolibrary.org/obo/UBERON_0001766>	"EMAPA:18231"
<http://purl.obolibrary.org/obo/UBERON_0001766>	<http://en.wikipedia.org/wiki/Anterior_chamber_of_eyeball>
<http://purl.obolibrary.org/obo/UBERON_0001766>	"EHDAA:9033"
<http://purl.obolibrary.org/obo/UBERON_0001766>	"BTO:0002084"
<http://purl.obolibrary.org/obo/UBERON_0001766>	"FMA:58078"
<http://purl.obolibrary.org/obo/UBERON_0001766>	"MESH:D000867"
<http://purl.obolibrary.org/obo/UBERON_0001766>	"EHDAA2:0000129"
<http://purl.obolibrary.org/obo/UBERON_0001766>	<http://www.snomedbrowser.com/Codes/Details/181160009>
<http://purl.obolibrary.org/obo/UBERON_0001766>	"NCIT:C12667"
<http://purl.obolibrary.org/obo/UBERON_0001766>	"GAID:889"
<http://purl.obolibrary.org/obo/UBERON_0001766>	"UMLS:C0003151"
<http://purl.obolibrary.org/obo/UBERON_0001766>	<http://linkedlifedata.com/resource/umls/id/C0003151>
<http://purl.obolibrary.org/obo/UBERON_0001766>	"SCTID:181160009"
<http://purl.obolibrary.org/obo/UBERON_0001766>	"Wikipedia:Anterior_chamber_of_eyeball"
<http://purl.obolibrary.org/obo/UBERON_0002342>	"UMLS:C0027789"
<http://purl.obolibrary.org/obo/UBERON_0002342>	"MESH:A16.254.600"
<http://purl.obolibrary.org/obo/UBERON_0002342>	<http://linkedlifedata.com/resource/umls/id/C0027789>
<http://purl.obolibrary.org/obo/UBERON_0002342>	<http://en.wikipedia.org/wiki/Neural_crest>
<http://purl.obolibrary.org/obo/UBERON_0002342>	<http://braininfo.rprc.washington.edu/centraldirectory.aspx?ID=1366>
<http://purl.obolibrary.org/obo/UBERON_0002342>	"MAT:0000066"
<http://purl.obolibrary.org/obo/UBERON_0002342>	"FMA:86666"
<http://purl.obolibrary.org/obo/UBERON_0002342>	"AAO:0010578"
<http://purl.obolibrary.org/obo/UBERON_0002342>	"GAID:1310"
<http://purl.obolibrary.org/obo/UBERON_0002342>	"MIAA:0000066"
<http://purl.obolibrary.org/obo/UBERON_0002342>	"BTO:0001764"
<http://purl.obolibrary.org/obo/UBERON_0002342>	"ZFA:0000045"
<http://purl.obolibrary.org/obo/UBERON_0002342>	"CALOHA:TS-0676"
<http://purl.obolibrary.org/obo/UBERON_0002342>	"TAO:0000045"
<http://purl.obolibrary.org/obo/UBERON_0002342>	<http://www.snomedbrowser.com/Codes/Details/361462002>
<http://purl.obolibrary.org/obo/UBERON_0002342>	"VHOG:0000057"
<http://purl.obolibrary.org/obo/UBERON_0002342>	"NCIT:C34222"
<http://purl.obolibrary.org/obo/UBERON_0002342>	"XAO:0000048"
<http://purl.obolibrary.org/obo/UBERON_0002342>	"EMAPA:32737"
<http://purl.obolibrary.org/obo/UBERON_0002342>	"EHDAA2:0004419"
<http://purl.obolibrary.org/obo/UBERON_0002342>	"neuronames:1366"
<http://purl.obolibrary.org/obo/UBERON_0002342>	"MESH:D009432"
<http://purl.obolibrary.org/obo/UBERON_0002342>	"SCTID:361462002"
<http://purl.obolibrary.org/obo/UBERON_0002342>	"Wikipedia:Neural_crest"
<http://purl.obolibrary.org/obo/UBERON_0004734>	"NCIT:C34057"
<http://purl.obolibrary.org/obo/UBERON_0004734>	"FMA:293108"
<http://purl.obolibrary.org/obo/UBERON_0004734>	"FBbt:00005317"
<http://purl.obolibrary.org/obo/UBERON_0004734>	"UMLS:C0017199"
<http://purl.obolibrary.org/obo/UBERON_0004734>	"MIAA:0000179"
<http://purl.obolibrary.org/obo/UBERON_0004734>	<http://linkedlifedata.com/resource/umls/id/C1284022>
<http://purl.obolibrary.org/obo/UBERON_0004734>	<http://linkedlifedata.com/resource/umls/id/C0017199>
<http://purl.obolibrary.org/obo/UBERON_0004734>	"UMLS:C1284022"
<http://purl.obolibrary.org/obo/UBERON_0004734>	"NCIT:C34058"
<http://purl.obolibrary.org/obo/UBERON_0004734>	<http://en.wikipedia.org/wiki/Trilaminar_blastocyst>
<http://purl.obolibrary.org/obo/UBERON_0004734>	<http://en.wikipedia.org/wiki/Gastrula>
<http://purl.obolibrary.org/obo/UBERON_0004734>	"BILA:0000060"
<http://purl.obolibrary.org/obo/UBERON_0004734>	"GAID:1302"
<http://purl.obolibrary.org/obo/UBERON_0004734>	"BTO:0001403"
<http://purl.obolibrary.org/obo/UBERON_0004734>	"MESH:A16.254.412"
<http://purl.obolibrary.org/obo/UBERON_0004734>	"Wikipedia:Trilaminar_blastocyst"
<http://purl.obolibrary.org/obo/UBERON_0004734>	"MESH:D005775"
<http://purl.obolibrary.org/obo/UBERON_0004734>	"Wikipedia:Gastrula"
<http://purl.obolibrary.org/obo/UBERON_0002298>	"BAMS:BS"
<http://purl.obolibrary.org/obo/UBERON_0002298>	"VHOG:0001457"
<http://purl.obolibrary.org/obo/UBERON_0002298>	"NCIT:C12441"
<http://purl.obolibrary.org/obo/UBERON_0002298>	<http://en.wikipedia.org/wiki/Brainstem>
<http://purl.obolibrary.org/obo/UBERON_0002298>	"CALOHA:TS-0093"
<http://purl.obolibrary.org/obo/UBERON_0002298>	"BTO:0000146"
<http://purl.obolibrary.org/obo/UBERON_0002298>	"EFO:0001962"
<http://purl.obolibrary.org/obo/UBERON_0002298>	<http://linkedlifedata.com/resource/umls/id/C0006121>
<http://purl.obolibrary.org/obo/UBERON_0002298>	"EV:0100241"
<http://purl.obolibrary.org/obo/UBERON_0002298>	"MBA:343"
<http://purl.obolibrary.org/obo/UBERON_0002298>	"MA:0000169"
<http://purl.obolibrary.org/obo/UBERON_0002298>	<http://braininfo.rprc.washington.edu/centraldirectory.aspx?ID=236>
<http://purl.obolibrary.org/obo/UBERON_0002298>	"http://braininfo.rprc.washington.edu/centraldirectory.aspx?ID=236"
<http://purl.obolibrary.org/obo/UBERON_0002298>	"MESH:D001933"
<http://purl.obolibrary.org/obo/UBERON_0002298>	"BIRNLEX:1565"
<http://purl.obolibrary.org/obo/UBERON_0002298>	"UMLS:C0006121"
<http://purl.obolibrary.org/obo/UBERON_0002298>	"TAO:0002156"
<http://purl.obolibrary.org/obo/UBERON_0002298>	"FMA:79876"
<http://purl.obolibrary.org/obo/UBERON_0002298>	"ZFA:0001707"
<http://purl.obolibrary.org/obo/UBERON_0002298>	"EMAPA:32678"
<http://purl.obolibrary.org/obo/UBERON_0002298>	<http://www.snomedbrowser.com/Codes/Details/180925009>
<http://purl.obolibrary.org/obo/UBERON_0002298>	"SCTID:180925009"
<http://purl.obolibrary.org/obo/UBERON_0002298>	"Wikipedia:Brainstem"
<http://purl.obolibrary.org/obo/UBERON_0000992>	"AAO:0000371"
<http://purl.obolibrary.org/obo/UBERON_0000992>	<http://www.snomedbrowser.com/Codes/Details/181464007>
<http://purl.obolibrary.org/obo/UBERON_0000992>	"EV:0100111"
<http://purl.obolibrary.org/obo/UBERON_0000992>	"MESH:D010053"
<http://purl.obolibrary.org/obo/UBERON_0000992>	"BSA:0000080"
<http://purl.obolibrary.org/obo/UBERON_0000992>	"FBbt:00004865"
<http://purl.obolibrary.org/obo/UBERON_0000992>	"ZFA:0000403"
<http://purl.obolibrary.org/obo/UBERON_0000992>	"BTO:0000975"
<http://purl.obolibrary.org/obo/UBERON_0000992>	"MA:0000384"
<http://purl.obolibrary.org/obo/UBERON_0000992>	"GAID:367"
<http://purl.obolibrary.org/obo/UBERON_0000992>	"VHOG:0000251"
<http://purl.obolibrary.org/obo/UBERON_0000992>	"EFO:0000973"
<http://purl.obolibrary.org/obo/UBERON_0000992>	"CALOHA:TS-0730"
<http://purl.obolibrary.org/obo/UBERON_0000992>	"EHDAA2:0001360"
<http://purl.obolibrary.org/obo/UBERON_0000992>	"MIAA:0000125"
<http://purl.obolibrary.org/obo/UBERON_0000992>	"FMA:7209"
<http://purl.obolibrary.org/obo/UBERON_0000992>	"NCIT:C12404"
<http://purl.obolibrary.org/obo/UBERON_0000992>	<http://en.wikipedia.org/wiki/Ovary>
<http://purl.obolibrary.org/obo/UBERON_0000992>	"EMAPA:17962"
<http://purl.obolibrary.org/obo/UBERON_0000992>	"TAO:0000403"
<http://purl.obolibrary.org/obo/UBERON_0000992>	"XAO:0000258"
<http://purl.obolibrary.org/obo/UBERON_0000992>	<http://linkedlifedata.com/resource/umls/id/C0029939>
<http://purl.obolibrary.org/obo/UBERON_0000992>	"BILA:0000125"
<http://purl.obolibrary.org/obo/UBERON_0000992>	"EHDAA:8124"
<http://purl.obolibrary.org/obo/UBERON_0000992>	"UMLS:C0029939"
<http://purl.obolibrary.org/obo/UBERON_0000992>	"OpenCyc:Mx4rvVi9QJwpEbGdrcN5Y29ycA"
<http://purl.obolibrary.org/obo/UBERON_0000992>	"SCTID:181464007"
<http://purl.obolibrary.org/obo/UBERON_0000992>	"Wikipedia:Ovary"
<http://purl.obolibrary.org/obo/UBERON_0019042>	"BTO:0002439"
<http://purl.obolibrary.org/obo/UBERON_0005425>	"EMAPA:16675"
<http://purl.obolibrary.org/obo/UBERON_0005425>	"ZFA:0001071"
<http://purl.obolibrary.org/obo/UBERON_0005425>	"EHDAA2:0001304"
<http://purl.obolibrary.org/obo/UBERON_0005425>	"TAO:0001071"
<http://purl.obolibrary.org/obo/UBERON_0005425>	"VHOG:0000490"
<http://purl.obolibrary.org/obo/UBERON_0005672>	"EHDAA2:0001755"
<http://purl.obolibrary.org/obo/UBERON_0003382>	"VHOG:0001234"
<http://purl.obolibrary.org/obo/UBERON_0003382>	"EMAPA:17339"
<http://purl.obolibrary.org/obo/UBERON_0003382>	"FMA:83453"
<http://purl.obolibrary.org/obo/UBERON_0005688>	"EMAPA:17164"
<http://purl.obolibrary.org/obo/UBERON_0005688>	"EHDAA2:0000986"
<http://purl.obolibrary.org/obo/UBERON_0005688>	"VHOG:0000531"
<http://purl.obolibrary.org/obo/UBERON_0011249>	"FMA:7484"
<http://purl.obolibrary.org/obo/UBERON_0011249>	"VSAO:0000306"
<http://purl.obolibrary.org/obo/UBERON_0011249>	"VHOG:0001666"
<http://purl.obolibrary.org/obo/UBERON_0002200>	"EFO:0003656"
<http://purl.obolibrary.org/obo/UBERON_0002200>	"TAO:0001267"
<http://purl.obolibrary.org/obo/UBERON_0002200>	"XAO:0004152"
<http://purl.obolibrary.org/obo/UBERON_0002200>	"ZFA:0001267"
<http://purl.obolibrary.org/obo/UBERON_0002200>	"FMA:74710"
<http://purl.obolibrary.org/obo/UBERON_0001586>	"FMA:4724"
<http://purl.obolibrary.org/obo/UBERON_0001586>	"OpenCyc:Mx4rvqdb95wpEbGdrcN5Y29ycA"
<http://purl.obolibrary.org/obo/UBERON_0001586>	<http://linkedlifedata.com/resource/umls/id/C0226550>
<http://purl.obolibrary.org/obo/UBERON_0001586>	"RETIRED_EHDAA2:0000878"
<http://purl.obolibrary.org/obo/UBERON_0001586>	"XAO:0000382"
<http://purl.obolibrary.org/obo/UBERON_0001586>	"EMAPA:17620"
<http://purl.obolibrary.org/obo/UBERON_0001586>	"EHDAA2:0000877"
<http://purl.obolibrary.org/obo/UBERON_0001586>	<http://www.snomedbrowser.com/Codes/Details/181372005>
<http://purl.obolibrary.org/obo/UBERON_0001586>	<http://en.wikipedia.org/wiki/Internal_jugular_vein>
<http://purl.obolibrary.org/obo/UBERON_0001586>	"NCIT:C32849"
<http://purl.obolibrary.org/obo/UBERON_0001586>	"MA:0002157"
<http://purl.obolibrary.org/obo/UBERON_0001586>	"galen:InternalJugularVein"
<http://purl.obolibrary.org/obo/UBERON_0001586>	"UMLS:C0226550"
<http://purl.obolibrary.org/obo/UBERON_0001586>	"AAO:0010236"
<http://purl.obolibrary.org/obo/UBERON_0001586>	"EHDAA:5407"
<http://purl.obolibrary.org/obo/UBERON_0001586>	"SCTID:181372005"
<http://purl.obolibrary.org/obo/UBERON_0001586>	"Wikipedia:Internal_jugular_vein"
<http://purl.obolibrary.org/obo/UBERON_0000106>	"VHOG:0000745"
<http://purl.obolibrary.org/obo/UBERON_0000106>	"ZFS:0000001"
<http://purl.obolibrary.org/obo/UBERON_0000106>	"XAO:1000001"
<http://purl.obolibrary.org/obo/UBERON_0000106>	"FBdv:00005288"
<http://purl.obolibrary.org/obo/UBERON_0000106>	"EHDAA:27"
<http://purl.obolibrary.org/obo/UBERON_0000106>	"PdumDv:0000100"
<http://purl.obolibrary.org/obo/UBERON_0000106>	<http://en.wikipedia.org/wiki/Zygote>
<http://purl.obolibrary.org/obo/UBERON_0000106>	"NCIT:C12601"
<http://purl.obolibrary.org/obo/UBERON_0000106>	"BILS:0000106"
<http://purl.obolibrary.org/obo/UBERON_0000106>	"BilaDO:0000005"
<http://purl.obolibrary.org/obo/UBERON_0000106>	"EFO:0001322"
<http://purl.obolibrary.org/obo/UBERON_0000106>	"Wikipedia:Zygote"
<http://purl.obolibrary.org/obo/UBERON_0010427>	"FMA:76551"
<http://purl.obolibrary.org/obo/UBERON_0010427>	<http://www.snomedbrowser.com/Codes/Details/280860001>
<http://purl.obolibrary.org/obo/UBERON_0010427>	<http://en.wikipedia.org/wiki/Ciliary_processes>
<http://purl.obolibrary.org/obo/UBERON_0010427>	"SCTID:280860001"
<http://purl.obolibrary.org/obo/UBERON_0010427>	"Wikipedia:Ciliary_processes"
<http://purl.obolibrary.org/obo/UBERON_0007651>	<http://www.snomedbrowser.com/Codes/Details/91833003>
<http://purl.obolibrary.org/obo/UBERON_0007651>	"FMA:5898"
<http://purl.obolibrary.org/obo/UBERON_0007651>	"SCTID:91833003"
<http://purl.obolibrary.org/obo/GO_0019953>	"Wikipedia:Sexual_reproduction"
<http://purl.obolibrary.org/obo/UBERON_0011566>	"EMAPA:18380"
<http://purl.obolibrary.org/obo/UBERON_0011566>	<http://www.snomedbrowser.com/Codes/Details/322648002>
<http://purl.obolibrary.org/obo/UBERON_0011566>	"FMA:9398"
<http://purl.obolibrary.org/obo/UBERON_0011566>	"SCTID:322648002"
<http://purl.obolibrary.org/obo/UBERON_0003258>	"EHDAA2:0004568"
<http://purl.obolibrary.org/obo/UBERON_0003258>	"EHDAA:524"
<http://purl.obolibrary.org/obo/CL_0000630>	"BTO:0002315"
<http://purl.obolibrary.org/obo/UBERON_0000020>	"EHDAA2:0001824"
<http://purl.obolibrary.org/obo/UBERON_0000020>	"NCIT:C33224"
<http://purl.obolibrary.org/obo/UBERON_0000020>	"VHOG:0001407"
<http://purl.obolibrary.org/obo/UBERON_0000020>	"HAO:0000930"
<http://purl.obolibrary.org/obo/UBERON_0000020>	<http://linkedlifedata.com/resource/umls/id/C0935626>
<http://purl.obolibrary.org/obo/UBERON_0000020>	"GAID:63"
<http://purl.obolibrary.org/obo/UBERON_0000020>	"BTO:0000202"
<http://purl.obolibrary.org/obo/UBERON_0000020>	"EHDAA:500"
<http://purl.obolibrary.org/obo/UBERON_0000020>	"EMAPA:35955"
<http://purl.obolibrary.org/obo/UBERON_0000020>	"UMLS:C0935626"
<http://purl.obolibrary.org/obo/UBERON_0000020>	"FBbt:00005155"
<http://purl.obolibrary.org/obo/UBERON_0000020>	"WBbt:0006929"
<http://purl.obolibrary.org/obo/UBERON_0000020>	"BSA:0000121"
<http://purl.obolibrary.org/obo/UBERON_0000020>	"AEO:0000094"
<http://purl.obolibrary.org/obo/UBERON_0000020>	"CALOHA:TS-2043"
<http://purl.obolibrary.org/obo/UBERON_0000020>	"MA:0000017"
<http://purl.obolibrary.org/obo/UBERON_0000020>	<http://www.snomedbrowser.com/Codes/Details/244485009>
<http://purl.obolibrary.org/obo/UBERON_0000020>	"MESH:D012679"
<http://purl.obolibrary.org/obo/UBERON_0000020>	"SCTID:244485009"
<http://purl.obolibrary.org/obo/CL_0000586>	"WBbt:0006796"
<http://purl.obolibrary.org/obo/CL_0000586>	"VHOG:0001534"
<http://purl.obolibrary.org/obo/CL_0000586>	"BTO:0000535"
<http://purl.obolibrary.org/obo/CL_0000586>	"NCIT:C12597"
<http://purl.obolibrary.org/obo/UBERON_0002020>	<http://en.wikipedia.org/wiki/Gray_matter>
<http://purl.obolibrary.org/obo/UBERON_0002020>	"VHOG:0001768"
<http://purl.obolibrary.org/obo/UBERON_0002020>	"EHDAA2_RETIRED:0004658"
<http://purl.obolibrary.org/obo/UBERON_0002020>	"TAO:0002197"
<http://purl.obolibrary.org/obo/UBERON_0002020>	"ZFA:0001681"
<http://purl.obolibrary.org/obo/UBERON_0002020>	"HBA:4006"
<http://purl.obolibrary.org/obo/UBERON_0002020>	"EHDAA2:0003136"
<http://purl.obolibrary.org/obo/UBERON_0002020>	"NCIT:C32695"
<http://purl.obolibrary.org/obo/UBERON_0002020>	<http://braininfo.rprc.washington.edu/centraldirectory.aspx?ID=2869>
<http://purl.obolibrary.org/obo/UBERON_0002020>	"UMLS:C0018220"
<http://purl.obolibrary.org/obo/UBERON_0002020>	"EMAPA:37596"
<http://purl.obolibrary.org/obo/UBERON_0002020>	"AEO:0001012"
<http://purl.obolibrary.org/obo/UBERON_0002020>	"MA:0001112"
<http://purl.obolibrary.org/obo/UBERON_0002020>	"OpenCyc:Mx4rwDdKMpwpEbGdrcN5Y29ycA"
<http://purl.obolibrary.org/obo/UBERON_0002020>	"FMA:67242"
<http://purl.obolibrary.org/obo/UBERON_0002020>	<http://linkedlifedata.com/resource/umls/id/C0018220>
<http://purl.obolibrary.org/obo/UBERON_0002020>	"neuronames:2869"
<http://purl.obolibrary.org/obo/UBERON_0002020>	"Wikipedia:Gray_matter"
<http://purl.obolibrary.org/obo/CL_0002086>	"FMA:67968"
<http://purl.obolibrary.org/obo/UBERON_0003055>	"VHOG:0001680"
<http://purl.obolibrary.org/obo/UBERON_0003055>	"FMA:295662"
<http://purl.obolibrary.org/obo/UBERON_0003055>	"EHDAA2:0001846"
<http://purl.obolibrary.org/obo/UBERON_0003055>	<http://linkedlifedata.com/resource/umls/id/C1518973>
<http://purl.obolibrary.org/obo/UBERON_0003055>	"XAO:0000029"
<http://purl.obolibrary.org/obo/UBERON_0003055>	"UMLS:C1518973"
<http://purl.obolibrary.org/obo/UBERON_0003055>	"TAO:0001185"
<http://purl.obolibrary.org/obo/UBERON_0003055>	"ZFA:0001185"
<http://purl.obolibrary.org/obo/UBERON_0003055>	"NCIT:C34247"
<http://purl.obolibrary.org/obo/UBERON_0003055>	"EHDAA:6538"
<http://purl.obolibrary.org/obo/UBERON_0018260>	"NCIT:C75444"
<http://purl.obolibrary.org/obo/UBERON_0018260>	<http://linkedlifedata.com/resource/umls/id/C0225358>
<http://purl.obolibrary.org/obo/UBERON_0018260>	"FMA:45634"
<http://purl.obolibrary.org/obo/UBERON_0018260>	"UMLS:C0225358"
<http://purl.obolibrary.org/obo/UBERON_0010000>	"CARO:0010000"
<http://purl.obolibrary.org/obo/UBERON_0010000>	"FBbt:00100313"
<http://purl.obolibrary.org/obo/UBERON_0002546>	"MIAA:0000369"
<http://purl.obolibrary.org/obo/UBERON_0002546>	"EFO:0001650"
<http://purl.obolibrary.org/obo/UBERON_0002546>	"FMA:293966"
<http://purl.obolibrary.org/obo/UBERON_0002546>	"AAO:0010466"
<http://purl.obolibrary.org/obo/UBERON_0002546>	"MAT:0000369"
<http://purl.obolibrary.org/obo/UBERON_0002546>	"XAO:0000305"
<http://purl.obolibrary.org/obo/UBERON_0000043>	"VSAO:0000073"
<http://purl.obolibrary.org/obo/UBERON_0000043>	"UMLS:C0039508"
<http://purl.obolibrary.org/obo/UBERON_0000043>	"ZFA:0005647"
<http://purl.obolibrary.org/obo/UBERON_0000043>	<http://www.snomedbrowser.com/Codes/Details/256667004>
<http://purl.obolibrary.org/obo/UBERON_0000043>	"EV:0100149"
<http://purl.obolibrary.org/obo/UBERON_0000043>	"galen:Tendon"
<http://purl.obolibrary.org/obo/UBERON_0000043>	"EMAPA:35854"
<http://purl.obolibrary.org/obo/UBERON_0000043>	"MA:0000115"
<http://purl.obolibrary.org/obo/UBERON_0000043>	"CALOHA:TS-1021"
<http://purl.obolibrary.org/obo/UBERON_0000043>	<http://en.wikipedia.org/wiki/Tendon>
<http://purl.obolibrary.org/obo/UBERON_0000043>	"MESH:D013710"
<http://purl.obolibrary.org/obo/UBERON_0000043>	"XAO:0000173"
<http://purl.obolibrary.org/obo/UBERON_0000043>	"GAID:276"
<http://purl.obolibrary.org/obo/UBERON_0000043>	"AEO:0000091"
<http://purl.obolibrary.org/obo/UBERON_0000043>	"EHDAA2:0003091"
<http://purl.obolibrary.org/obo/UBERON_0000043>	"VHOG:0001286"
<http://purl.obolibrary.org/obo/UBERON_0000043>	<http://linkedlifedata.com/resource/umls/id/C0039508>
<http://purl.obolibrary.org/obo/UBERON_0000043>	"BTO:0001356"
<http://purl.obolibrary.org/obo/UBERON_0000043>	"NCIT:C13045"
<http://purl.obolibrary.org/obo/UBERON_0000043>	"FMA:9721"
<http://purl.obolibrary.org/obo/UBERON_0000043>	"OpenCyc:Mx4rvVjefJwpEbGdrcN5Y29ycA"
<http://purl.obolibrary.org/obo/UBERON_0000043>	"Wikipedia:Tendon"
<http://purl.obolibrary.org/obo/UBERON_0000043>	"SCTID:256667004"
<http://purl.obolibrary.org/obo/UBERON_0006601>	"EFO:0003466"
<http://purl.obolibrary.org/obo/UBERON_0006601>	"AAO:0000470"
<http://purl.obolibrary.org/obo/UBERON_0006601>	"TAO:0001376"
<http://purl.obolibrary.org/obo/UBERON_0006601>	"ZFA:0001376"
<http://purl.obolibrary.org/obo/UBERON_0006601>	"XAO:0004132"
<http://purl.obolibrary.org/obo/UBERON_0002241>	"VHOG:0000288"
<http://purl.obolibrary.org/obo/UBERON_0002241>	"TAO:0001424"
<http://purl.obolibrary.org/obo/UBERON_0002241>	"EMAPA:17681"
<http://purl.obolibrary.org/obo/UBERON_0002241>	<http://en.wikipedia.org/wiki/Chondrocranium>
<http://purl.obolibrary.org/obo/UBERON_0002241>	"EHDAA2:0000243"
<http://purl.obolibrary.org/obo/UBERON_0002241>	"ZFA:0001424"
<http://purl.obolibrary.org/obo/UBERON_0002241>	"AAO:0010169"
<http://purl.obolibrary.org/obo/UBERON_0002241>	"Wikipedia:Chondrocranium"
<http://purl.obolibrary.org/obo/CHEBI_51143>	"KEGG:C06061"
<http://purl.obolibrary.org/obo/UBERON_0010252>	"EHDAA2:0000037"
<http://purl.obolibrary.org/obo/UBERON_0004141>	"ZFA:0000360"
<http://purl.obolibrary.org/obo/UBERON_0004141>	"AAO:0010411"
<http://purl.obolibrary.org/obo/UBERON_0004141>	"TAO:0000360"
<http://purl.obolibrary.org/obo/UBERON_0004141>	"NCIT:C34161"
<http://purl.obolibrary.org/obo/UBERON_0004141>	"EMAPA:32685"
<http://purl.obolibrary.org/obo/UBERON_0004141>	"XAO:0000337"
<http://purl.obolibrary.org/obo/UBERON_0004141>	"EFO:0003526"
<http://purl.obolibrary.org/obo/UBERON_0000955>	"ZFA:0000008"
<http://purl.obolibrary.org/obo/UBERON_0000955>	"GAID:571"
<http://purl.obolibrary.org/obo/UBERON_0000955>	"BIRNLEX:796"
<http://purl.obolibrary.org/obo/UBERON_0000955>	"MBA:8"
<http://purl.obolibrary.org/obo/UBERON_0000955>	"EHDAA:2641"
<http://purl.obolibrary.org/obo/UBERON_0000955>	"BAMS:Br"
<http://purl.obolibrary.org/obo/UBERON_0000955>	"EHDAA:6485"
<http://purl.obolibrary.org/obo/UBERON_0000955>	"XAO:0000010"
<http://purl.obolibrary.org/obo/UBERON_0000955>	<http://www.snomedbrowser.com/Codes/Details/258335003>
<http://purl.obolibrary.org/obo/UBERON_0000955>	"galen:Brain"
<http://purl.obolibrary.org/obo/UBERON_0000955>	"MIAA:0000098"
<http://purl.obolibrary.org/obo/UBERON_0000955>	"EMAPA:16894"
<http://purl.obolibrary.org/obo/UBERON_0000955>	"FMA:50801"
<http://purl.obolibrary.org/obo/UBERON_0000955>	"http://braininfo.rprc.washington.edu/centraldirectory.aspx?ID=21"
<http://purl.obolibrary.org/obo/UBERON_0000955>	<http://braininfo.rprc.washington.edu/centraldirectory.aspx?ID=21>
<http://purl.obolibrary.org/obo/UBERON_0000955>	"ABA:Brain"
<http://purl.obolibrary.org/obo/UBERON_0000955>	<http://linkedlifedata.com/resource/umls/id/C1269537>
<http://purl.obolibrary.org/obo/UBERON_0000955>	"UMLS:C1269537"
<http://purl.obolibrary.org/obo/UBERON_0000955>	"BILA:0000135"
<http://purl.obolibrary.org/obo/UBERON_0000955>	"EHDAA2:0000183"
<http://purl.obolibrary.org/obo/UBERON_0000955>	"EFO:0000302"
<http://purl.obolibrary.org/obo/UBERON_0000955>	"MAT:0000098"
<http://purl.obolibrary.org/obo/UBERON_0000955>	"DHBA:10155"
<http://purl.obolibrary.org/obo/UBERON_0000955>	"UMLS:C0006104"
<http://purl.obolibrary.org/obo/UBERON_0000955>	"BAMS:Brain"
<http://purl.obolibrary.org/obo/UBERON_0000955>	"TAO:0000008"
<http://purl.obolibrary.org/obo/UBERON_0000955>	"AAO:0010478"
<http://purl.obolibrary.org/obo/UBERON_0000955>	"HBA:4005"
<http://purl.obolibrary.org/obo/UBERON_0000955>	"EV:0100164"
<http://purl.obolibrary.org/obo/UBERON_0000955>	"OpenCyc:Mx4rvVjT65wpEbGdrcN5Y29ycA"
<http://purl.obolibrary.org/obo/UBERON_0000955>	"NCIT:C12439"
<http://purl.obolibrary.org/obo/UBERON_0000955>	"MA:0000168"
<http://purl.obolibrary.org/obo/UBERON_0000955>	<http://en.wikipedia.org/wiki/Brain>
<http://purl.obolibrary.org/obo/UBERON_0000955>	"FBbt:00005095"
<http://purl.obolibrary.org/obo/UBERON_0000955>	"MESH:D001921"
<http://purl.obolibrary.org/obo/UBERON_0000955>	"BTO:0000142"
<http://purl.obolibrary.org/obo/UBERON_0000955>	"PBA:3999"
<http://purl.obolibrary.org/obo/UBERON_0000955>	"VHOG:0000157"
<http://purl.obolibrary.org/obo/UBERON_0000955>	"MBA:997"
<http://purl.obolibrary.org/obo/UBERON_0000955>	"CALOHA:TS-0095"
<http://purl.obolibrary.org/obo/UBERON_0000955>	<http://linkedlifedata.com/resource/umls/id/C0006104>
<http://purl.obolibrary.org/obo/UBERON_0000955>	"SCTID:258335003"
<http://purl.obolibrary.org/obo/UBERON_0000955>	"Wikipedia:Brain"
<http://purl.obolibrary.org/obo/CL_0000101>	"FMA:84649"
<http://purl.obolibrary.org/obo/CL_0000101>	"FBbt:00005124"
<http://purl.obolibrary.org/obo/CL_0000101>	"BTO:0001037"
<http://purl.obolibrary.org/obo/CL_0000101>	"WBbt:0005759"
<http://purl.obolibrary.org/obo/CL_0000101>	"MESH:D011984"
<http://purl.obolibrary.org/obo/UBERON_0006920>	"BTO:0003635"
<http://purl.obolibrary.org/obo/UBERON_0006920>	"NCIT:C49222"
<http://purl.obolibrary.org/obo/UBERON_0006920>	"MA:0001567"
<http://purl.obolibrary.org/obo/UBERON_0006920>	<http://linkedlifedata.com/resource/umls/id/C1707950>
<http://purl.obolibrary.org/obo/UBERON_0006920>	"EMAPA:35324"
<http://purl.obolibrary.org/obo/UBERON_0006920>	"CALOHA:TS-1250"
<http://purl.obolibrary.org/obo/UBERON_0006920>	"UMLS:C1707950"
<http://purl.obolibrary.org/obo/UBERON_0004761>	<http://en.wikipedia.org/wiki/Chondrocranium>
<http://purl.obolibrary.org/obo/UBERON_0004761>	"FMA:76621"
<http://purl.obolibrary.org/obo/UBERON_0004761>	"UMLS:C1516496"
<http://purl.obolibrary.org/obo/UBERON_0004761>	"NCIT:C34121"
<http://purl.obolibrary.org/obo/UBERON_0004761>	"AAO:0010153"
<http://purl.obolibrary.org/obo/UBERON_0004761>	"XAO:0003059"
<http://purl.obolibrary.org/obo/UBERON_0004761>	<http://linkedlifedata.com/resource/umls/id/C1516496>
<http://purl.obolibrary.org/obo/UBERON_0004761>	"AAO:0000094"
<http://purl.obolibrary.org/obo/UBERON_0004761>	<http://www.snomedbrowser.com/Codes/Details/155540009>
<http://purl.obolibrary.org/obo/UBERON_0004761>	"EHDAA:6031"
<http://purl.obolibrary.org/obo/UBERON_0004761>	"Wikipedia:Chondrocranium"
<http://purl.obolibrary.org/obo/UBERON_0004761>	"SCTID:155540009"
<http://purl.obolibrary.org/obo/GO_0005581>	"Wikipedia:Collagen"
<http://purl.obolibrary.org/obo/UBERON_0004699>	"VHOG:0001524"
<http://purl.obolibrary.org/obo/UBERON_0004699>	"MA:0000490"
<http://purl.obolibrary.org/obo/UBERON_0003834>	"MA:0000558"
<http://purl.obolibrary.org/obo/UBERON_0003834>	"EMAPA:37238"
<http://purl.obolibrary.org/obo/CL_1000410>	"FMA:67106"
<http://purl.obolibrary.org/obo/UBERON_0003133>	"TGMA:0000591"
<http://purl.obolibrary.org/obo/UBERON_0003133>	"UMLS:C0017420"
<http://purl.obolibrary.org/obo/UBERON_0003133>	<http://linkedlifedata.com/resource/umls/id/C0017420>
<http://purl.obolibrary.org/obo/UBERON_0003133>	<http://www.snomedbrowser.com/Codes/Details/128181006>
<http://purl.obolibrary.org/obo/UBERON_0003133>	"MA:0001752"
<http://purl.obolibrary.org/obo/UBERON_0003133>	"EMAPA:37731"
<http://purl.obolibrary.org/obo/UBERON_0003133>	"WBbt:0008422"
<http://purl.obolibrary.org/obo/UBERON_0003133>	"MESH:D005835"
<http://purl.obolibrary.org/obo/UBERON_0003133>	"NCIT:C25177"
<http://purl.obolibrary.org/obo/UBERON_0003133>	"OpenCyc:Mx4rwO39aJwpEbGdrcN5Y29ycA"
<http://purl.obolibrary.org/obo/UBERON_0003133>	"EMAPA:17381"
<http://purl.obolibrary.org/obo/UBERON_0003133>	"SCTID:128181006"
<http://purl.obolibrary.org/obo/UBERON_0001474>	"XAO:0000169"
<http://purl.obolibrary.org/obo/UBERON_0001474>	"FMA:5018"
<http://purl.obolibrary.org/obo/UBERON_0001474>	"MA:0001459"
<http://purl.obolibrary.org/obo/UBERON_0001474>	<http://linkedlifedata.com/resource/umls/id/C0262950>
<http://purl.obolibrary.org/obo/UBERON_0001474>	<http://www.snomedbrowser.com/Codes/Details/90780006>
<http://purl.obolibrary.org/obo/UBERON_0001474>	"MIAA:0000299"
<http://purl.obolibrary.org/obo/UBERON_0001474>	"AAO:0000047"
<http://purl.obolibrary.org/obo/UBERON_0001474>	"BTO:0000140"
<http://purl.obolibrary.org/obo/UBERON_0001474>	"ENVO:00002039"
<http://purl.obolibrary.org/obo/UBERON_0001474>	"MAT:0000299"
<http://purl.obolibrary.org/obo/UBERON_0001474>	"EFO:0000298"
<http://purl.obolibrary.org/obo/UBERON_0001474>	"ZFA:0001514"
<http://purl.obolibrary.org/obo/UBERON_0001474>	"NCIT:C12366"
<http://purl.obolibrary.org/obo/UBERON_0001474>	"VSAO:0000057"
<http://purl.obolibrary.org/obo/UBERON_0001474>	"TAO:0001514"
<http://purl.obolibrary.org/obo/UBERON_0001474>	"OpenCyc:Mx4rvVkCG5wpEbGdrcN5Y29ycA"
<http://purl.obolibrary.org/obo/UBERON_0001474>	"AEO:0000082"
<http://purl.obolibrary.org/obo/UBERON_0001474>	"OpenCyc:Mx4rvViDlpwpEbGdrcN5Y29ycA"
<http://purl.obolibrary.org/obo/UBERON_0001474>	"FMA:30317"
<http://purl.obolibrary.org/obo/UBERON_0001474>	"UMLS:C0262950"
<http://purl.obolibrary.org/obo/UBERON_0001474>	"VHOG:0001190"
<http://purl.obolibrary.org/obo/UBERON_0001474>	"GAID:92"
<http://purl.obolibrary.org/obo/UBERON_0001474>	"EHDAA2:0003082"
<http://purl.obolibrary.org/obo/UBERON_0001474>	"CALOHA:TS-0088"
<http://purl.obolibrary.org/obo/UBERON_0001474>	<http://en.wikipedia.org/wiki/Bone>
<http://purl.obolibrary.org/obo/UBERON_0001474>	"galen:Bone"
<http://purl.obolibrary.org/obo/UBERON_0001474>	"EMAPA:32782"
<http://purl.obolibrary.org/obo/UBERON_0001474>	"EV:0100140"
<http://purl.obolibrary.org/obo/UBERON_0001474>	"Wikipedia:Bone"
<http://purl.obolibrary.org/obo/UBERON_0001474>	"SCTID:90780006"
<http://purl.obolibrary.org/obo/UBERON_0001982>	"OpenCyc:Mx4rvWEU-5wpEbGdrcN5Y29ycA"
<http://purl.obolibrary.org/obo/UBERON_0001982>	"ZFA:0005250"
<http://purl.obolibrary.org/obo/UBERON_0001982>	"EV:0100035"
<http://purl.obolibrary.org/obo/UBERON_0001982>	"FMA:63194"
<http://purl.obolibrary.org/obo/UBERON_0001982>	<http://linkedlifedata.com/resource/umls/id/C0935624>
<http://purl.obolibrary.org/obo/UBERON_0001982>	"MESH:A07.231.432.410"
<http://purl.obolibrary.org/obo/UBERON_0001982>	"BTO:0002045"
<http://purl.obolibrary.org/obo/UBERON_0001982>	"MA:0000065"
<http://purl.obolibrary.org/obo/UBERON_0001982>	"UMLS:C0935624"
<http://purl.obolibrary.org/obo/UBERON_0001982>	"NCIT:C12685"
<http://purl.obolibrary.org/obo/UBERON_0001982>	"AAO:0010252"
<http://purl.obolibrary.org/obo/UBERON_0001982>	"NLXANAT:090902"
<http://purl.obolibrary.org/obo/UBERON_0001982>	"CALOHA:TS-2006"
<http://purl.obolibrary.org/obo/UBERON_0001982>	"TAO:0005250"
<http://purl.obolibrary.org/obo/UBERON_0001982>	<http://en.wikipedia.org/wiki/Capillary>
<http://purl.obolibrary.org/obo/UBERON_0001982>	"XAO:0000116"
<http://purl.obolibrary.org/obo/UBERON_0001982>	"VHOG:0001253"
<http://purl.obolibrary.org/obo/UBERON_0001982>	"EMAPA:35198"
<http://purl.obolibrary.org/obo/UBERON_0001982>	"EFO:0001906"
<http://purl.obolibrary.org/obo/UBERON_0001982>	"MESH:D002196"
<http://purl.obolibrary.org/obo/UBERON_0001982>	"Wikipedia:Capillary"
<http://purl.obolibrary.org/obo/UBERON_0007829>	"EMAPA:35669"
<http://purl.obolibrary.org/obo/UBERON_0007829>	"MA:0000292"
<http://purl.obolibrary.org/obo/UBERON_0010341>	"EMAPA:16130"
<http://purl.obolibrary.org/obo/UBERON_0002094>	"BTO:0002483"
<http://purl.obolibrary.org/obo/UBERON_0002094>	"NCIT:C32874"
<http://purl.obolibrary.org/obo/UBERON_0002094>	"MA:0000085"
<http://purl.obolibrary.org/obo/UBERON_0002094>	"EHDAA:2603"
<http://purl.obolibrary.org/obo/UBERON_0002094>	"EMAPA:17333"
<http://purl.obolibrary.org/obo/UBERON_0002094>	<http://en.wikipedia.org/wiki/Interventricular_septum>
<http://purl.obolibrary.org/obo/UBERON_0002094>	"VHOG:0000386"
<http://purl.obolibrary.org/obo/UBERON_0002094>	"UMLS:C0225870"
<http://purl.obolibrary.org/obo/UBERON_0002094>	"OpenCyc:Mx4rwA7lp5wpEbGdrcN5Y29ycA"
<http://purl.obolibrary.org/obo/UBERON_0002094>	<http://linkedlifedata.com/resource/umls/id/C0225870>
<http://purl.obolibrary.org/obo/UBERON_0002094>	"EFO:0001956"
<http://purl.obolibrary.org/obo/UBERON_0002094>	<http://www.snomedbrowser.com/Codes/Details/362019005>
<http://purl.obolibrary.org/obo/UBERON_0002094>	"galen:InterventricularSeptum"
<http://purl.obolibrary.org/obo/UBERON_0002094>	"FMA:7133"
<http://purl.obolibrary.org/obo/UBERON_0002094>	"Wikipedia:Interventricular_septum"
<http://purl.obolibrary.org/obo/UBERON_0002094>	"SCTID:362019005"
<http://purl.obolibrary.org/obo/UBERON_0013754>	<http://www.snomedbrowser.com/Codes/Details/314820002>
<http://purl.obolibrary.org/obo/UBERON_0013754>	"SCTID:314820002"
<http://purl.obolibrary.org/obo/UBERON_0004864>	"XAO:0004153"
<http://purl.obolibrary.org/obo/UBERON_0004864>	"MESH:D012171"
<http://purl.obolibrary.org/obo/UBERON_0004864>	"FMA:76552"
<http://purl.obolibrary.org/obo/UBERON_0000486>	"EHDAA2:0003069"
<http://purl.obolibrary.org/obo/UBERON_0000486>	"FMA:45562"
<http://purl.obolibrary.org/obo/UBERON_0000486>	"BTO:0002074"
<http://purl.obolibrary.org/obo/UBERON_0000486>	"BILA:0000069"
<http://purl.obolibrary.org/obo/UBERON_0000486>	"HAO:0000069"
<http://purl.obolibrary.org/obo/UBERON_0000486>	"AEO:0000069"
<http://purl.obolibrary.org/obo/UBERON_0000486>	<http://linkedlifedata.com/resource/umls/id/C0682575>
<http://purl.obolibrary.org/obo/UBERON_0000486>	"ZFA:0001494"
<http://purl.obolibrary.org/obo/UBERON_0000486>	"NCIT:C33622"
<http://purl.obolibrary.org/obo/UBERON_0000486>	"XAO:0004006"
<http://purl.obolibrary.org/obo/UBERON_0000486>	"TAO:0001494"
<http://purl.obolibrary.org/obo/UBERON_0000486>	"UMLS:C0682575"
<http://purl.obolibrary.org/obo/UBERON_0000486>	"CARO:0000069"
<http://purl.obolibrary.org/obo/UBERON_0000486>	<http://www.snomedbrowser.com/Codes/Details/309044005>
<http://purl.obolibrary.org/obo/UBERON_0000486>	"AAO:0010059"
<http://purl.obolibrary.org/obo/UBERON_0000486>	<http://en.wikipedia.org/wiki/Stratified_epithelium>
<http://purl.obolibrary.org/obo/UBERON_0000486>	"SCTID:309044005"
<http://purl.obolibrary.org/obo/UBERON_0000486>	"Wikipedia:Stratified_epithelium"
<http://purl.obolibrary.org/obo/CL_0000003>	"CARO:0000013"
<http://purl.obolibrary.org/obo/GO_0031090>	"NIF_Subcellular:sao830981606"
<http://purl.obolibrary.org/obo/UBERON_0005638>	"EHDAA2:0000130"
<http://purl.obolibrary.org/obo/UBERON_0001943>	"MAT:0000452"
<http://purl.obolibrary.org/obo/UBERON_0001943>	"VHOG:0001367"
<http://purl.obolibrary.org/obo/UBERON_0001943>	<http://linkedlifedata.com/resource/umls/id/C0039441>
<http://purl.obolibrary.org/obo/UBERON_0001943>	"MA:0000212"
<http://purl.obolibrary.org/obo/UBERON_0001943>	"ZFA:0000160"
<http://purl.obolibrary.org/obo/UBERON_0001943>	"EMAPA:18215"
<http://purl.obolibrary.org/obo/UBERON_0001943>	"HBA:9002"
<http://purl.obolibrary.org/obo/UBERON_0001943>	"BTO:0003388"
<http://purl.obolibrary.org/obo/UBERON_0001943>	"BIRNLEX:1200"
<http://purl.obolibrary.org/obo/UBERON_0001943>	"TAO:0000160"
<http://purl.obolibrary.org/obo/UBERON_0001943>	"BAMS:MTg"
<http://purl.obolibrary.org/obo/UBERON_0001943>	"DHBA:12195"
<http://purl.obolibrary.org/obo/UBERON_0001943>	"EFO:0000921"
<http://purl.obolibrary.org/obo/UBERON_0001943>	"UMLS:C0039441"
<http://purl.obolibrary.org/obo/UBERON_0001943>	<http://www.snomedbrowser.com/Codes/Details/362392007>
<http://purl.obolibrary.org/obo/UBERON_0001943>	<http://braininfo.rprc.washington.edu/centraldirectory.aspx?ID=491>
<http://purl.obolibrary.org/obo/UBERON_0001943>	<http://en.wikipedia.org/wiki/Midbrain_tegmentum>
<http://purl.obolibrary.org/obo/UBERON_0001943>	"http://braininfo.rprc.washington.edu/centraldirectory.aspx?ID=491"
<http://purl.obolibrary.org/obo/UBERON_0001943>	"EHDAA2:0004475"
<http://purl.obolibrary.org/obo/UBERON_0001943>	"FMA:62393"
<http://purl.obolibrary.org/obo/UBERON_0001943>	"XAO:0004271"
<http://purl.obolibrary.org/obo/UBERON_0001943>	"SCTID:362392007"
<http://purl.obolibrary.org/obo/UBERON_0001943>	"Wikipedia:Midbrain_tegmentum"
<http://purl.obolibrary.org/obo/UBERON_0003585>	"MA:0000799"
<http://purl.obolibrary.org/obo/UBERON_0003585>	"EMAPA:36509"
<http://purl.obolibrary.org/obo/UBERON_0012418>	"MA:0001812"
<http://purl.obolibrary.org/obo/UBERON_0012418>	"EMAPA:37586"
<http://purl.obolibrary.org/obo/UBERON_0002080>	"VHOG:0000717"
<http://purl.obolibrary.org/obo/UBERON_0002080>	"galen:RightVentricle"
<http://purl.obolibrary.org/obo/UBERON_0002080>	"CALOHA:TS-0443"
<http://purl.obolibrary.org/obo/UBERON_0002080>	"OpenCyc:Mx4rRMlc0KgNEdudWQACs5b6Bw"
<http://purl.obolibrary.org/obo/UBERON_0002080>	"EMAPA:17340"
<http://purl.obolibrary.org/obo/UBERON_0002080>	"MA:0000093"
<http://purl.obolibrary.org/obo/UBERON_0002080>	<http://www.snomedbrowser.com/Codes/Details/244384009>
<http://purl.obolibrary.org/obo/UBERON_0002080>	"UMLS:C0225883"
<http://purl.obolibrary.org/obo/UBERON_0002080>	"OpenCyc:Mx8Ngh4rvgHsHZwpEbGdrcN5Y29ycB4rvVjj1pwpEbGdrcN5Y29ycA"
<http://purl.obolibrary.org/obo/UBERON_0002080>	<http://linkedlifedata.com/resource/umls/id/C0225883>
<http://purl.obolibrary.org/obo/UBERON_0002080>	"FMA:7098"
<http://purl.obolibrary.org/obo/UBERON_0002080>	"EHDAA2:0000196"
<http://purl.obolibrary.org/obo/UBERON_0002080>	"NCIT:C12870"
<http://purl.obolibrary.org/obo/UBERON_0002080>	"BTO:0001630"
<http://purl.obolibrary.org/obo/UBERON_0002080>	<http://en.wikipedia.org/wiki/Right_ventricle>
<http://purl.obolibrary.org/obo/UBERON_0002080>	"SCTID:244384009"
<http://purl.obolibrary.org/obo/UBERON_0002080>	"Wikipedia:Right_ventricle"
<http://purl.obolibrary.org/obo/UBERON_0004921>	"FBbt:00100315"
<http://purl.obolibrary.org/obo/UBERON_0004921>	"FMA:71131"
<http://purl.obolibrary.org/obo/CL_0002371>	"FMA:72300"
<http://purl.obolibrary.org/obo/CL_0002371>	"BTO:0001268"
<http://purl.obolibrary.org/obo/CL_0002371>	"WBbt:0008378"
<http://purl.obolibrary.org/obo/UBERON_0022361>	<http://www.snomedbrowser.com/Codes/Details/34922002>
<http://purl.obolibrary.org/obo/UBERON_0022361>	"SCTID:34922002"
<http://purl.obolibrary.org/obo/GO_0002376>	"Wikipedia:Immune_system"
<http://purl.obolibrary.org/obo/UBERON_0010286>	"ZFA:0007039"
<http://purl.obolibrary.org/obo/UBERON_0010286>	"TAO:0007039"
<http://purl.obolibrary.org/obo/GO_0009653>	"Wikipedia:Morphogenesis"
<http://purl.obolibrary.org/obo/UBERON_0035550>	<http://en.wikipedia.org/wiki/Superficial_vein>
<http://purl.obolibrary.org/obo/UBERON_0035550>	"FMA:76719"
<http://purl.obolibrary.org/obo/UBERON_0035550>	<http://linkedlifedata.com/resource/umls/id/C0226513>
<http://purl.obolibrary.org/obo/UBERON_0035550>	"NCIT:C33666"
<http://purl.obolibrary.org/obo/UBERON_0035550>	<http://www.snomedbrowser.com/Codes/Details/341382008>
<http://purl.obolibrary.org/obo/UBERON_0035550>	"Wikipedia:Superficial_vein"
<http://purl.obolibrary.org/obo/UBERON_0035550>	"UMLS:C0226513"
<http://purl.obolibrary.org/obo/UBERON_0035550>	"SCTID:341382008"
<http://purl.obolibrary.org/obo/UBERON_0011004>	"TAO:0001460"
<http://purl.obolibrary.org/obo/UBERON_0011004>	"EFO:0003689"
<http://purl.obolibrary.org/obo/UBERON_0011004>	"ZFA:0001460"
<http://purl.obolibrary.org/obo/UBERON_0000478>	"HAO:0000042"
<http://purl.obolibrary.org/obo/UBERON_0000478>	<http://www.snomedbrowser.com/Codes/Details/314908006>
<http://purl.obolibrary.org/obo/UBERON_0000478>	"BILA:0000042"
<http://purl.obolibrary.org/obo/UBERON_0000478>	"AAO:0010020"
<http://purl.obolibrary.org/obo/UBERON_0000478>	"TAO:0000020"
<http://purl.obolibrary.org/obo/UBERON_0000478>	<http://linkedlifedata.com/resource/umls/id/C1282438>
<http://purl.obolibrary.org/obo/UBERON_0000478>	"ZFA:0000020"
<http://purl.obolibrary.org/obo/UBERON_0000478>	"CARO:0000042"
<http://purl.obolibrary.org/obo/UBERON_0000478>	"CALOHA:TS-2119"
<http://purl.obolibrary.org/obo/UBERON_0000478>	"NCIT:C34055"
<http://purl.obolibrary.org/obo/UBERON_0000478>	"UMLS:C1282438"
<http://purl.obolibrary.org/obo/UBERON_0000478>	"XAO:0004005"
<http://purl.obolibrary.org/obo/UBERON_0000478>	"VHOG:0000292"
<http://purl.obolibrary.org/obo/UBERON_0000478>	"FMA:85537"
<http://purl.obolibrary.org/obo/UBERON_0000478>	"EHDAA:46"
<http://purl.obolibrary.org/obo/UBERON_0000478>	"FBbt:00005835"
<http://purl.obolibrary.org/obo/UBERON_0000478>	"EHDAA2:0003042"
<http://purl.obolibrary.org/obo/UBERON_0000478>	"TGMA:0001843"
<http://purl.obolibrary.org/obo/UBERON_0000478>	"AEO:0000042"
<http://purl.obolibrary.org/obo/UBERON_0000478>	"SCTID:314908006"
<http://purl.obolibrary.org/obo/UBERON_0008998>	"FMA:61935"
<http://purl.obolibrary.org/obo/UBERON_0008998>	"BTO:0003840"
<http://purl.obolibrary.org/obo/UBERON_0008998>	"EFO:0003491"
<http://purl.obolibrary.org/obo/UBERON_0008998>	"EMAPA:35186"
<http://purl.obolibrary.org/obo/UBERON_0008998>	<http://www.snomedbrowser.com/Codes/Details/362029003>
<http://purl.obolibrary.org/obo/UBERON_0008998>	"FMA:242007"
<http://purl.obolibrary.org/obo/UBERON_0008998>	"ZFA:0000099"
<http://purl.obolibrary.org/obo/UBERON_0008998>	"TAO:0000099"
<http://purl.obolibrary.org/obo/UBERON_0008998>	"SCTID:362029003"
<http://purl.obolibrary.org/obo/UBERON_0002548>	"FBbt:00001727"
<http://purl.obolibrary.org/obo/UBERON_0002548>	<http://en.wikipedia.org/wiki/Larva>
<http://purl.obolibrary.org/obo/UBERON_0002548>	"HAO:0000459"
<http://purl.obolibrary.org/obo/UBERON_0002548>	"OpenCyc:Mx4rwQCBvZwpEbGdrcN5Y29ycA"
<http://purl.obolibrary.org/obo/UBERON_0002548>	"AEO:0000126"
<http://purl.obolibrary.org/obo/UBERON_0002548>	"BTO:0000707"
<http://purl.obolibrary.org/obo/UBERON_0002548>	"TAO:0002048"
<http://purl.obolibrary.org/obo/CL_1000309>	"FMA:261293"
<http://purl.obolibrary.org/obo/UBERON_0005419>	"VHOG:0001754"
<http://purl.obolibrary.org/obo/UBERON_0005419>	"TAO:0000141"
<http://purl.obolibrary.org/obo/UBERON_0005419>	"EFO:0003430"
<http://purl.obolibrary.org/obo/UBERON_0005419>	"ZFA:0000141"
<http://purl.obolibrary.org/obo/UBERON_0005419>	"VHOG_RETIRED:0001259"
<http://purl.obolibrary.org/obo/CL_0000210>	"CALOHA:TS-0868"
<http://purl.obolibrary.org/obo/CL_0000210>	"FBbt:00004211"
<http://purl.obolibrary.org/obo/CL_0000210>	"FMA:86740"
<http://purl.obolibrary.org/obo/CL_0000210>	"BTO:0001060"
<http://purl.obolibrary.org/obo/UBERON_0003526>	"MA:0001807"
<http://purl.obolibrary.org/obo/UBERON_0003526>	"EMAPA:37574"
<http://purl.obolibrary.org/obo/UBERON_0009032>	"UMLS:C0226669"
<http://purl.obolibrary.org/obo/UBERON_0009032>	<http://www.snomedbrowser.com/Codes/Details/304056008>
<http://purl.obolibrary.org/obo/UBERON_0009032>	"MA:0002208"
<http://purl.obolibrary.org/obo/UBERON_0009032>	<http://linkedlifedata.com/resource/umls/id/C0226669>
<http://purl.obolibrary.org/obo/UBERON_0009032>	"EMAPA:37379"
<http://purl.obolibrary.org/obo/UBERON_0009032>	"NCIT:C48947"
<http://purl.obolibrary.org/obo/UBERON_0009032>	"SCTID:304056008"
<http://purl.obolibrary.org/obo/UBERON_0003570>	"EMAPA:35968"
<http://purl.obolibrary.org/obo/UBERON_0003570>	"EMAPA:35977"
<http://purl.obolibrary.org/obo/UBERON_0003570>	"MA:0001814"
<http://purl.obolibrary.org/obo/UBERON_0009142>	"EMAPA:16097"
<http://purl.obolibrary.org/obo/UBERON_0009142>	"EHDAA:177"
<http://purl.obolibrary.org/obo/UBERON_0009142>	"EHDAA2:0001113"
<http://purl.obolibrary.org/obo/CL_0000558>	"CALOHA:TS-0864"
<http://purl.obolibrary.org/obo/CL_0000558>	"BTO:0001173"
<http://purl.obolibrary.org/obo/CL_0000558>	"MESH:D012156"
<http://purl.obolibrary.org/obo/UBERON_0010047>	"VHOG:0000652"
<http://purl.obolibrary.org/obo/UBERON_0010047>	"EHDAA:2181"
<http://purl.obolibrary.org/obo/UBERON_0010047>	"EHDAA2:0001327"
<http://purl.obolibrary.org/obo/UBERON_0010047>	"EMAPA:16723"
<http://purl.obolibrary.org/obo/UBERON_0010047>	"EMAPA:16572"
<http://purl.obolibrary.org/obo/UBERON_0008814>	"NCIT:C34248"
<http://purl.obolibrary.org/obo/UBERON_0008814>	"UMLS:C1519038"
<http://purl.obolibrary.org/obo/UBERON_0008814>	"FMA:293041"
<http://purl.obolibrary.org/obo/UBERON_0008814>	"EHDAA2:0000187"
<http://purl.obolibrary.org/obo/UBERON_0008814>	<http://linkedlifedata.com/resource/umls/id/C1519038>
<http://purl.obolibrary.org/obo/UBERON_0000076>	"EHDAA:350"
<http://purl.obolibrary.org/obo/UBERON_0000076>	"EHDAA2:0001968"
<http://purl.obolibrary.org/obo/UBERON_0000076>	"EHDAA:7860"
<http://purl.obolibrary.org/obo/UBERON_0000076>	"EHDAA:4790"
<http://purl.obolibrary.org/obo/UBERON_0000076>	"FMA:87656"
<http://purl.obolibrary.org/obo/UBERON_0000076>	"EHDAA:1494"
<http://purl.obolibrary.org/obo/UBERON_0000076>	"NCIT:C34309"
<http://purl.obolibrary.org/obo/UBERON_0000076>	"EHDAA:4796"
<http://purl.obolibrary.org/obo/UBERON_0000076>	<http://en.wikipedia.org/wiki/External_ectoderm>
<http://purl.obolibrary.org/obo/UBERON_0000076>	"EHDAA:4784"
<http://purl.obolibrary.org/obo/UBERON_0000076>	<http://linkedlifedata.com/resource/umls/id/C1515087>
<http://purl.obolibrary.org/obo/UBERON_0000076>	"UMLS:C1515087"
<http://purl.obolibrary.org/obo/UBERON_0000076>	"EMAPA:16096"
<http://purl.obolibrary.org/obo/UBERON_0000076>	"Wikipedia:External_ectoderm"
<http://purl.obolibrary.org/obo/UBERON_0010523>	"MESH:A07.231.432"
<http://purl.obolibrary.org/obo/UBERON_0010523>	"TAO:0005251"
<http://purl.obolibrary.org/obo/UBERON_0010523>	"ZFA:0005251"
<http://purl.obolibrary.org/obo/UBERON_0010523>	"MESH:D055806"
<http://purl.obolibrary.org/obo/UBERON_0004490>	"FMA:7283"
<http://purl.obolibrary.org/obo/CL_0002077>	"FMA:69074"
<http://purl.obolibrary.org/obo/UBERON_0000178>	<http://linkedlifedata.com/resource/umls/id/C0005767>
<http://purl.obolibrary.org/obo/UBERON_0000178>	"galen:Blood"
<http://purl.obolibrary.org/obo/UBERON_0000178>	"BTO:0000089"
<http://purl.obolibrary.org/obo/UBERON_0000178>	"MESH:D001769"
<http://purl.obolibrary.org/obo/UBERON_0000178>	"XAO:0000124"
<http://purl.obolibrary.org/obo/UBERON_0000178>	"EFO:0000296"
<http://purl.obolibrary.org/obo/UBERON_0000178>	"AAO:0000046"
<http://purl.obolibrary.org/obo/UBERON_0000178>	"EHDAA2:0000176"
<http://purl.obolibrary.org/obo/UBERON_0000178>	"VHOG:0000224"
<http://purl.obolibrary.org/obo/UBERON_0000178>	"EMAPA:16332"
<http://purl.obolibrary.org/obo/UBERON_0000178>	"GAID:965"
<http://purl.obolibrary.org/obo/UBERON_0000178>	"MA:0000059"
<http://purl.obolibrary.org/obo/UBERON_0000178>	"OpenCyc:Mx4rvVjI8JwpEbGdrcN5Y29ycA"
<http://purl.obolibrary.org/obo/UBERON_0000178>	"UMLS:C0005767"
<http://purl.obolibrary.org/obo/UBERON_0000178>	"EV:0100047"
<http://purl.obolibrary.org/obo/UBERON_0000178>	"EHDAA:418"
<http://purl.obolibrary.org/obo/UBERON_0000178>	"MIAA:0000315"
<http://purl.obolibrary.org/obo/UBERON_0000178>	"CALOHA:TS-0079"
<http://purl.obolibrary.org/obo/UBERON_0000178>	"ZFA:0000007"
<http://purl.obolibrary.org/obo/UBERON_0000178>	"FMA:9670"
<http://purl.obolibrary.org/obo/UBERON_0000178>	"NCIT:C12434"
<http://purl.obolibrary.org/obo/UBERON_0000178>	<http://en.wikipedia.org/wiki/Blood>
<http://purl.obolibrary.org/obo/UBERON_0000178>	"ENVO:02000027"
<http://purl.obolibrary.org/obo/UBERON_0000178>	"TAO:0000007"
<http://purl.obolibrary.org/obo/UBERON_0000178>	"Wikipedia:Blood"
<http://purl.obolibrary.org/obo/UBERON_0006538>	"NCIT:C13722"
<http://purl.obolibrary.org/obo/UBERON_0006538>	"EMAPA:36550"
<http://purl.obolibrary.org/obo/UBERON_0006538>	"MA:0002533"
<http://purl.obolibrary.org/obo/UBERON_0006538>	"UMLS:C1514899"
<http://purl.obolibrary.org/obo/UBERON_0006538>	<http://linkedlifedata.com/resource/umls/id/C1514899>
<http://purl.obolibrary.org/obo/CL_0000030>	"FBbt:00005145"
<http://purl.obolibrary.org/obo/CL_0000197>	"MESH:D011984"
<http://purl.obolibrary.org/obo/CL_0000313>	"FMA:62511"
<http://purl.obolibrary.org/obo/CL_0000313>	"BTO:0003687"
<http://purl.obolibrary.org/obo/UBERON_0003836>	"FMA:264898"
<http://purl.obolibrary.org/obo/UBERON_0003836>	"MA:0000530"
<http://purl.obolibrary.org/obo/UBERON_0003836>	"EMAPA:37063"
<http://purl.obolibrary.org/obo/UBERON_0010719>	"AAO:0010686"
<http://purl.obolibrary.org/obo/UBERON_0010719>	"VSAO:0000302"
<http://purl.obolibrary.org/obo/UBERON_0011821>	"FMA:20107"
<http://purl.obolibrary.org/obo/UBERON_0003479>	"EMAPA:37242"
<http://purl.obolibrary.org/obo/UBERON_0003479>	"MA:0001903"
<http://purl.obolibrary.org/obo/CL_0002132>	"FMA:72299"
<http://purl.obolibrary.org/obo/UBERON_0001703>	"ZFA:0001580"
<http://purl.obolibrary.org/obo/UBERON_0001703>	"AAO:0010153"
<http://purl.obolibrary.org/obo/UBERON_0001703>	"FMA:53672"
<http://purl.obolibrary.org/obo/UBERON_0001703>	"XAO:0003170"
<http://purl.obolibrary.org/obo/UBERON_0001703>	"EMAPA:17681"
<http://purl.obolibrary.org/obo/UBERON_0001703>	"TAO:0001580"
<http://purl.obolibrary.org/obo/UBERON_0001703>	"EHDAA2:0000243"
<http://purl.obolibrary.org/obo/UBERON_0001703>	"MA:0000317"
<http://purl.obolibrary.org/obo/UBERON_0001703>	<http://www.snomedbrowser.com/Codes/Details/361731002>
<http://purl.obolibrary.org/obo/UBERON_0001703>	<http://en.wikipedia.org/wiki/Neuroranium>
<http://purl.obolibrary.org/obo/UBERON_0001703>	"Wikipedia:Neuroranium"
<http://purl.obolibrary.org/obo/UBERON_0001703>	"SCTID:361731002"
<http://purl.obolibrary.org/obo/UBERON_0001090>	"ENVO:02000039"
<http://purl.obolibrary.org/obo/UBERON_0001090>	<http://en.wikipedia.org/wiki/Synovial_fluid>
<http://purl.obolibrary.org/obo/UBERON_0001090>	"UMLS:C0039097"
<http://purl.obolibrary.org/obo/UBERON_0001090>	"GAID:265"
<http://purl.obolibrary.org/obo/UBERON_0001090>	"MESH:D013582"
<http://purl.obolibrary.org/obo/UBERON_0001090>	"NCIT:C33718"
<http://purl.obolibrary.org/obo/UBERON_0001090>	"galen:SynovialFluid"
<http://purl.obolibrary.org/obo/UBERON_0001090>	"ZFA:0005154"
<http://purl.obolibrary.org/obo/UBERON_0001090>	"BTO:0001339"
<http://purl.obolibrary.org/obo/UBERON_0001090>	"FMA:12277"
<http://purl.obolibrary.org/obo/UBERON_0001090>	<http://linkedlifedata.com/resource/umls/id/C0039097>
<http://purl.obolibrary.org/obo/UBERON_0001090>	"TAO:0005154"
<http://purl.obolibrary.org/obo/UBERON_0001090>	"CALOHA:TS-0996"
<http://purl.obolibrary.org/obo/UBERON_0001090>	"MA:0002544"
<http://purl.obolibrary.org/obo/UBERON_0001090>	"Wikipedia:Synovial_fluid"
<http://purl.obolibrary.org/obo/UBERON_0008229>	"MA:0000571"
<http://purl.obolibrary.org/obo/UBERON_0008229>	"ZFA:0000328"
<http://purl.obolibrary.org/obo/UBERON_0008229>	"TAO:0000328"
<http://purl.obolibrary.org/obo/UBERON_0008229>	"EMAPA:37259"
<http://purl.obolibrary.org/obo/UBERON_0019204>	"BTO:0004382"
<http://purl.obolibrary.org/obo/UBERON_0001133>	"EHDAA2:0003142"
<http://purl.obolibrary.org/obo/UBERON_0001133>	"EMAPA:32688"
<http://purl.obolibrary.org/obo/UBERON_0001133>	"ZFA:0005280"
<http://purl.obolibrary.org/obo/UBERON_0001133>	"FMA:14068"
<http://purl.obolibrary.org/obo/UBERON_0001133>	"galen:CardiacMuscle"
<http://purl.obolibrary.org/obo/UBERON_0001133>	"CALOHA:TS-0440"
<http://purl.obolibrary.org/obo/UBERON_0001133>	"TAO:0005280"
<http://purl.obolibrary.org/obo/UBERON_0001133>	"BILA:0000134"
<http://purl.obolibrary.org/obo/UBERON_0001133>	<http://en.wikipedia.org/wiki/Cardiac_muscle>
<http://purl.obolibrary.org/obo/UBERON_0001133>	"ncithesaurus:Heart_Muscle"
<http://purl.obolibrary.org/obo/UBERON_0001133>	"BTO:0000199"
<http://purl.obolibrary.org/obo/UBERON_0001133>	"galen:CardiacMuscleTissue"
<http://purl.obolibrary.org/obo/UBERON_0001133>	"AEO:0000142"
<http://purl.obolibrary.org/obo/UBERON_0001133>	"AAO:0010245"
<http://purl.obolibrary.org/obo/UBERON_0001133>	"Wikipedia:Cardiac_muscle"
<http://purl.obolibrary.org/obo/UBERON_0010336>	"EHDAA2:0004603"
<http://purl.obolibrary.org/obo/UBERON_0000061>	"CARO:0000003"
<http://purl.obolibrary.org/obo/UBERON_0000061>	"MA:0003000"
<http://purl.obolibrary.org/obo/UBERON_0000061>	"AEO:0000003"
<http://purl.obolibrary.org/obo/UBERON_0000061>	<http://www.snomedbrowser.com/Codes/Details/362889002>
<http://purl.obolibrary.org/obo/UBERON_0000061>	"FMA:67135"
<http://purl.obolibrary.org/obo/UBERON_0000061>	<http://dbpedia.org/ontology/AnatomicalStructure>
<http://purl.obolibrary.org/obo/UBERON_0000061>	"TAO:0000037"
<http://purl.obolibrary.org/obo/UBERON_0000061>	"AAO:0010825"
<http://purl.obolibrary.org/obo/UBERON_0000061>	"HAO:0000003"
<http://purl.obolibrary.org/obo/UBERON_0000061>	"FMA:305751"
<http://purl.obolibrary.org/obo/UBERON_0000061>	"ZFA:0000037"
<http://purl.obolibrary.org/obo/UBERON_0000061>	"EHDAA2:0003003"
<http://purl.obolibrary.org/obo/UBERON_0000061>	"TGMA:0001823"
<http://purl.obolibrary.org/obo/UBERON_0000061>	"XAO:0003000"
<http://purl.obolibrary.org/obo/UBERON_0000061>	"BILA:0000003"
<http://purl.obolibrary.org/obo/UBERON_0000061>	"VHOG:0001759"
<http://purl.obolibrary.org/obo/UBERON_0000061>	"MESH:D000825"
<http://purl.obolibrary.org/obo/UBERON_0000061>	"GAID:781"
<http://purl.obolibrary.org/obo/UBERON_0000061>	"FBbt:00007001"
<http://purl.obolibrary.org/obo/UBERON_0000061>	"EMAPA:0"
<http://purl.obolibrary.org/obo/UBERON_0000061>	"http://dbpedia.org/ontology/AnatomicalStructure"
<http://purl.obolibrary.org/obo/UBERON_0000061>	"SCTID:362889002"
<http://purl.obolibrary.org/obo/UBERON_0002324>	"EMAPA:35161"
<http://purl.obolibrary.org/obo/UBERON_0002324>	"MA:0000496"
<http://purl.obolibrary.org/obo/UBERON_0002324>	"FMA:85216"
<http://purl.obolibrary.org/obo/CL_0000138>	"BTO:0000249"
<http://purl.obolibrary.org/obo/CL_0000138>	"FMA:66782"
<http://purl.obolibrary.org/obo/CL_0000138>	"CALOHA:TS-0138"
<http://purl.obolibrary.org/obo/UBERON_0010499>	"NCIT:C13181"
<http://purl.obolibrary.org/obo/UBERON_0010499>	"FMA:13146"
<http://purl.obolibrary.org/obo/UBERON_0010499>	"UMLS:C0506992"
<http://purl.obolibrary.org/obo/UBERON_0010499>	<http://linkedlifedata.com/resource/umls/id/C0506992>
<http://purl.obolibrary.org/obo/UBERON_0007530>	"EHDAA2:0003152"
<http://purl.obolibrary.org/obo/UBERON_0007530>	"AEO:0000152"
<http://purl.obolibrary.org/obo/UBERON_0004225>	"MA:0001830"
<http://purl.obolibrary.org/obo/UBERON_0004225>	"BTO:0001660"
<http://purl.obolibrary.org/obo/UBERON_0004225>	"EMAPA:35734"
<http://purl.obolibrary.org/obo/UBERON_0000094>	"FMA:7145"
<http://purl.obolibrary.org/obo/UBERON_0035763>	"EHDAA2:0004181"
<http://purl.obolibrary.org/obo/UBERON_0035763>	"FMA:9464"
<http://purl.obolibrary.org/obo/UBERON_0001915>	<http://linkedlifedata.com/resource/umls/id/C0006904>
<http://purl.obolibrary.org/obo/UBERON_0001915>	"FMA:62114"
<http://purl.obolibrary.org/obo/UBERON_0001915>	"EMAPA:36292"
<http://purl.obolibrary.org/obo/UBERON_0001915>	"BTO:0004954"
<http://purl.obolibrary.org/obo/UBERON_0001915>	"CALOHA:TS-0112"
<http://purl.obolibrary.org/obo/UBERON_0001915>	"UMLS:C0006904"
<http://purl.obolibrary.org/obo/UBERON_0001915>	"MA:0000711"
<http://purl.obolibrary.org/obo/UBERON_0001915>	"NCIT:C49215"
<http://purl.obolibrary.org/obo/CL_0002095>	"FMA:18710"
<http://purl.obolibrary.org/obo/CL_0000746>	"BTO:0001539"
<http://purl.obolibrary.org/obo/CL_0000746>	"CALOHA:TS-0115"
<http://purl.obolibrary.org/obo/CL_0000746>	"FMA:14067"
<http://purl.obolibrary.org/obo/CL_0000746>	"MESH:D032383"
<http://purl.obolibrary.org/obo/CL_0000746>	"https://cellxgene.cziscience.com/cellguide/CL_0000746"
<http://purl.obolibrary.org/obo/UBERON_0001458>	"EMAPA:37643"
<http://purl.obolibrary.org/obo/UBERON_0001458>	<http://linkedlifedata.com/resource/umls/id/C0222101>
<http://purl.obolibrary.org/obo/UBERON_0001458>	"NCIT:C12291"
<http://purl.obolibrary.org/obo/UBERON_0001458>	<http://www.snomedbrowser.com/Codes/Details/244092005>
<http://purl.obolibrary.org/obo/UBERON_0001458>	"MA:0001579"
<http://purl.obolibrary.org/obo/UBERON_0001458>	"UMLS:C0222101"
<http://purl.obolibrary.org/obo/UBERON_0001458>	"FMA:24764"
<http://purl.obolibrary.org/obo/UBERON_0001458>	"SCTID:244092005"
<http://purl.obolibrary.org/obo/UBERON_0001082>	"ZFA:0005058"
<http://purl.obolibrary.org/obo/UBERON_0001082>	"TAO:0005058"
<http://purl.obolibrary.org/obo/UBERON_0001082>	"FMA:12150"
<http://purl.obolibrary.org/obo/UBERON_0004128>	"NCIT:C34236"
<http://purl.obolibrary.org/obo/UBERON_0004128>	"FMA:293357"
<http://purl.obolibrary.org/obo/UBERON_0004128>	<http://www.snomedbrowser.com/Codes/Details/362864008>
<http://purl.obolibrary.org/obo/UBERON_0004128>	<http://linkedlifedata.com/resource/umls/id/C0231106>
<http://purl.obolibrary.org/obo/UBERON_0004128>	"TAO:0000050"
<http://purl.obolibrary.org/obo/UBERON_0004128>	"UMLS:C0231106"
<http://purl.obolibrary.org/obo/UBERON_0004128>	"EMAPA:16540"
<http://purl.obolibrary.org/obo/UBERON_0004128>	"XAO:0000228"
<http://purl.obolibrary.org/obo/UBERON_0004128>	"ZFA:0000050"
<http://purl.obolibrary.org/obo/UBERON_0004128>	"AAO:0011039"
<http://purl.obolibrary.org/obo/UBERON_0004128>	<http://en.wikipedia.org/wiki/Optic_vesicles>
<http://purl.obolibrary.org/obo/UBERON_0004128>	"VHOG:0000165"
<http://purl.obolibrary.org/obo/UBERON_0004128>	"EHDAA2:0001320"
<http://purl.obolibrary.org/obo/UBERON_0004128>	"SCTID:362864008"
<http://purl.obolibrary.org/obo/UBERON_0004128>	"Wikipedia:Optic_vesicles"
<http://purl.obolibrary.org/obo/CL_1000303>	"FMA:261279"
<http://purl.obolibrary.org/obo/UBERON_0001096>	"FMA:12611"
<http://purl.obolibrary.org/obo/UBERON_0001096>	"EMAPA:35326"
<http://purl.obolibrary.org/obo/UBERON_0001096>	"MA:0002691"
<http://purl.obolibrary.org/obo/UBERON_0009614>	"TAO:0007022"
<http://purl.obolibrary.org/obo/UBERON_0009614>	"ZFA:0007022"
<http://purl.obolibrary.org/obo/UBERON_0001516>	<http://en.wikipedia.org/wiki/Abdominal_aorta>
<http://purl.obolibrary.org/obo/UBERON_0001516>	"FMA:3789"
<http://purl.obolibrary.org/obo/UBERON_0001516>	"EMAPA:17856"
<http://purl.obolibrary.org/obo/UBERON_0001516>	"EFO:0002524"
<http://purl.obolibrary.org/obo/UBERON_0001516>	"GAID:470"
<http://purl.obolibrary.org/obo/UBERON_0001516>	"MESH:D001012"
<http://purl.obolibrary.org/obo/UBERON_0001516>	"galen:AbdominalAorta"
<http://purl.obolibrary.org/obo/UBERON_0001516>	"MA:0000474"
<http://purl.obolibrary.org/obo/UBERON_0001516>	"UMLS:C0003484"
<http://purl.obolibrary.org/obo/UBERON_0001516>	"NCIT:C32038"
<http://purl.obolibrary.org/obo/UBERON_0001516>	"OpenCyc:Mx4rvYhWCZwpEbGdrcN5Y29ycA"
<http://purl.obolibrary.org/obo/UBERON_0001516>	"BTO:0002976"
<http://purl.obolibrary.org/obo/UBERON_0001516>	<http://linkedlifedata.com/resource/umls/id/C0003484>
<http://purl.obolibrary.org/obo/UBERON_0001516>	<http://www.snomedbrowser.com/Codes/Details/244231007>
<http://purl.obolibrary.org/obo/UBERON_0001516>	"SCTID:244231007"
<http://purl.obolibrary.org/obo/UBERON_0001516>	"Wikipedia:Abdominal_aorta"
<http://purl.obolibrary.org/obo/UBERON_0003520>	"EMAPA:37244"
<http://purl.obolibrary.org/obo/UBERON_0003520>	"MA:0000531"
<http://purl.obolibrary.org/obo/UBERON_0036253>	"FMA:53133"
<http://purl.obolibrary.org/obo/UBERON_0003458>	"EMAPA:37246"
<http://purl.obolibrary.org/obo/UBERON_0003458>	"MA:0000584"
<http://purl.obolibrary.org/obo/UBERON_0003458>	"OpenCyc:Mx4rvnpJSJwpEbGdrcN5Y29ycA"
<http://purl.obolibrary.org/obo/UBERON_0004706>	"FMA:70300"
<http://purl.obolibrary.org/obo/UBERON_0004706>	<http://linkedlifedata.com/resource/umls/id/C1284055>
<http://purl.obolibrary.org/obo/UBERON_0004706>	<http://www.snomedbrowser.com/Codes/Details/361525002>
<http://purl.obolibrary.org/obo/UBERON_0004706>	"EMAPA:16333"
<http://purl.obolibrary.org/obo/UBERON_0004706>	"EHDAA2:0000197"
<http://purl.obolibrary.org/obo/UBERON_0004706>	"EHDAA:438"
<http://purl.obolibrary.org/obo/UBERON_0004706>	"UMLS:C1284055"
<http://purl.obolibrary.org/obo/UBERON_0004706>	"EHDAA:768"
<http://purl.obolibrary.org/obo/UBERON_0004706>	"NCIT:C34114"
<http://purl.obolibrary.org/obo/UBERON_0004706>	<http://en.wikipedia.org/wiki/Bulbus_cordis>
<http://purl.obolibrary.org/obo/UBERON_0004706>	"Wikipedia:Bulbus_cordis"
<http://purl.obolibrary.org/obo/UBERON_0004706>	"SCTID:361525002"
<http://purl.obolibrary.org/obo/UBERON_0004292>	<http://en.wikipedia.org/wiki/Cardiac_skeleton>
<http://purl.obolibrary.org/obo/UBERON_0004292>	"EMAPA:36645"
<http://purl.obolibrary.org/obo/UBERON_0004292>	"FMA:9496"
<http://purl.obolibrary.org/obo/UBERON_0004292>	"Wikipedia:Cardiac_skeleton"
<http://purl.obolibrary.org/obo/UBERON_0011899>	<http://linkedlifedata.com/resource/umls/id/C0504096>
<http://purl.obolibrary.org/obo/UBERON_0011899>	<http://en.wikipedia.org/wiki/Epimysium>
<http://purl.obolibrary.org/obo/UBERON_0011899>	"UMLS:C0504096"
<http://purl.obolibrary.org/obo/UBERON_0011899>	"NCIT:C32527"
<http://purl.obolibrary.org/obo/UBERON_0011899>	"FMA:9726"
<http://purl.obolibrary.org/obo/UBERON_0011899>	"Wikipedia:Epimysium"
<http://purl.obolibrary.org/obo/UBERON_0003082>	"NCIT:C34214"
<http://purl.obolibrary.org/obo/UBERON_0003082>	"ZFA:0001056"
<http://purl.obolibrary.org/obo/UBERON_0003082>	"EHDAA:1727"
<http://purl.obolibrary.org/obo/UBERON_0003082>	"EHDAA:1739"
<http://purl.obolibrary.org/obo/UBERON_0003082>	"VHOG:0001244"
<http://purl.obolibrary.org/obo/UBERON_0003082>	"AEO:0001018"
<http://purl.obolibrary.org/obo/UBERON_0003082>	"EMAPA:32841"
<http://purl.obolibrary.org/obo/UBERON_0003082>	"EHDAA:1733"
<http://purl.obolibrary.org/obo/UBERON_0003082>	"UMLS:C1513802"
<http://purl.obolibrary.org/obo/UBERON_0003082>	<http://en.wikipedia.org/wiki/Myotome>
<http://purl.obolibrary.org/obo/UBERON_0003082>	<http://linkedlifedata.com/resource/umls/id/C1513802>
<http://purl.obolibrary.org/obo/UBERON_0003082>	"XAO:0000315"
<http://purl.obolibrary.org/obo/UBERON_0003082>	"FMA:295658"
<http://purl.obolibrary.org/obo/UBERON_0003082>	"TAO:0001056"
<http://purl.obolibrary.org/obo/UBERON_0003082>	<http://www.snomedbrowser.com/Codes/Details/344535001>
<http://purl.obolibrary.org/obo/UBERON_0003082>	"EHDAA2_RETIRED:0003431"
<http://purl.obolibrary.org/obo/UBERON_0003082>	"AAO:0011067"
<http://purl.obolibrary.org/obo/UBERON_0003082>	"EHDAA:1721"
<http://purl.obolibrary.org/obo/UBERON_0003082>	"BTO:0000742"
<http://purl.obolibrary.org/obo/UBERON_0003082>	"Wikipedia:Myotome"
<http://purl.obolibrary.org/obo/UBERON_0003082>	"SCTID:344535001"
<http://purl.obolibrary.org/obo/CHEBI_35701>	"Wikipedia:Ester"
<http://purl.obolibrary.org/obo/CHEBI_35701>	"KEGG:C00287"
<http://purl.obolibrary.org/obo/UBERON_0003528>	"EMAPA:35184"
<http://purl.obolibrary.org/obo/UBERON_0003528>	<http://linkedlifedata.com/resource/umls/id/C1707348>
<http://purl.obolibrary.org/obo/UBERON_0003528>	"NCIT:C49333"
<http://purl.obolibrary.org/obo/UBERON_0003528>	"UMLS:C1707348"
<http://purl.obolibrary.org/obo/UBERON_0003528>	"MA:0000810"
<http://purl.obolibrary.org/obo/UBERON_0036286>	"FMA:9533"
<http://purl.obolibrary.org/obo/UBERON_0004140>	"XAO:0004185"
<http://purl.obolibrary.org/obo/UBERON_0016570>	"FMA:68861"
<http://purl.obolibrary.org/obo/UBERON_0016570>	<http://en.wikipedia.org/wiki/Rexed_laminae>
<http://purl.obolibrary.org/obo/UBERON_0016570>	<http://neurolex.org/wiki/Category:Rexed_spinal_cord_parcellation_scheme_region>
<http://purl.obolibrary.org/obo/UBERON_0016570>	"http://neurolex.org/wiki/Category:Rexed_spinal_cord_parcellation_scheme_region"
<http://purl.obolibrary.org/obo/UBERON_0016570>	"Wikipedia:Rexed_laminae"
<http://purl.obolibrary.org/obo/UBERON_0007475>	"EHDAA2:0003081"
<http://purl.obolibrary.org/obo/UBERON_0007475>	"AEO:0000081"
<http://purl.obolibrary.org/obo/UBERON_0001529>	"GAID:476"
<http://purl.obolibrary.org/obo/UBERON_0001529>	"galen:BrachioCephalicArtery"
<http://purl.obolibrary.org/obo/UBERON_0001529>	"NCIT:C32814"
<http://purl.obolibrary.org/obo/UBERON_0001529>	"FMA:3932"
<http://purl.obolibrary.org/obo/UBERON_0001529>	"EHDAA2:0000835"
<http://purl.obolibrary.org/obo/UBERON_0001529>	<http://en.wikipedia.org/wiki/Brachiocephalic_artery>
<http://purl.obolibrary.org/obo/UBERON_0001529>	"MA:0001922"
<http://purl.obolibrary.org/obo/UBERON_0001529>	"UMLS:C0006094"
<http://purl.obolibrary.org/obo/UBERON_0001529>	<http://www.snomedbrowser.com/Codes/Details/244244002>
<http://purl.obolibrary.org/obo/UBERON_0001529>	"MESH:D016122"
<http://purl.obolibrary.org/obo/UBERON_0001529>	"EMAPA:17615"
<http://purl.obolibrary.org/obo/UBERON_0001529>	"EFO:0002550"
<http://purl.obolibrary.org/obo/UBERON_0001529>	<http://linkedlifedata.com/resource/umls/id/C0006094>
<http://purl.obolibrary.org/obo/UBERON_0001529>	"OpenCyc:Mx4rv9mMTpwpEbGdrcN5Y29ycA"
<http://purl.obolibrary.org/obo/UBERON_0001529>	"SCTID:244244002"
<http://purl.obolibrary.org/obo/UBERON_0001529>	"Wikipedia:Brachiocephalic_artery"
<http://purl.obolibrary.org/obo/CL_0000147>	"VHOG:0001678"
<http://purl.obolibrary.org/obo/UBERON_0015808>	"EMAPA:35957"
<http://purl.obolibrary.org/obo/UBERON_0015808>	"MA:0003162"
<http://purl.obolibrary.org/obo/UBERON_0003513>	"EMAPA:37237"
<http://purl.obolibrary.org/obo/UBERON_0003513>	"MA:0000511"
<http://purl.obolibrary.org/obo/UBERON_0003278>	"ZFA:0001273"
<http://purl.obolibrary.org/obo/UBERON_0003278>	"MA:0001906"
<http://purl.obolibrary.org/obo/UBERON_0003278>	"XAO:0003084"
<http://purl.obolibrary.org/obo/UBERON_0003278>	"FMA:54398"
<http://purl.obolibrary.org/obo/UBERON_0003278>	"EMAPA:17910"
<http://purl.obolibrary.org/obo/UBERON_0003278>	"AAO:0000274"
<http://purl.obolibrary.org/obo/UBERON_0003278>	"TAO:0001273"
<http://purl.obolibrary.org/obo/UBERON_0003278>	"EMAPA:17906"
<http://purl.obolibrary.org/obo/UBERON_0003278>	"EHDAA:8005"
<http://purl.obolibrary.org/obo/UBERON_0003278>	"EHDAA2:0004606"
<http://purl.obolibrary.org/obo/UBERON_0003278>	"VHOG:0000428"
<http://purl.obolibrary.org/obo/UBERON_0015178>	"XAO:0004074"
<http://purl.obolibrary.org/obo/UBERON_0015178>	"ZFA:0001462"
<http://purl.obolibrary.org/obo/UBERON_0015178>	"TAO:0001462"
<http://purl.obolibrary.org/obo/UBERON_0000025>	"galen:Tube"
<http://purl.obolibrary.org/obo/UBERON_0004911>	"BTO:0003661"
<http://purl.obolibrary.org/obo/UBERON_0004911>	"FBbt:00004896"
<http://purl.obolibrary.org/obo/CL_0000064>	"XAO:0000031"
<http://purl.obolibrary.org/obo/CL_0000064>	"VHOG:0001532"
<http://purl.obolibrary.org/obo/UBERON_0007301>	"TAO:0005299"
<http://purl.obolibrary.org/obo/UBERON_0007301>	"ZFA:0005299"
<http://purl.obolibrary.org/obo/UBERON_0003236>	"EHDAA2:0001019"
<http://purl.obolibrary.org/obo/UBERON_0003236>	"VHOG:0000802"
<http://purl.obolibrary.org/obo/UBERON_0003236>	"EHDAA:7999"
<http://purl.obolibrary.org/obo/UBERON_0003236>	"EMAPA:35516"
<http://purl.obolibrary.org/obo/UBERON_0003499>	"EMAPA:35182"
<http://purl.obolibrary.org/obo/UBERON_0003499>	"MA:0002769"
<http://purl.obolibrary.org/obo/CL_0000077>	"FMA:66773"
<http://purl.obolibrary.org/obo/UBERON_0002365>	"CALOHA:TS-2012"
<http://purl.obolibrary.org/obo/UBERON_0002365>	<http://linkedlifedata.com/resource/umls/id/C0015282>
<http://purl.obolibrary.org/obo/UBERON_0002365>	"MA:0002564"
<http://purl.obolibrary.org/obo/UBERON_0002365>	"EMAPA:35327"
<http://purl.obolibrary.org/obo/UBERON_0002365>	"NCIT:C12712"
<http://purl.obolibrary.org/obo/UBERON_0002365>	"MESH:D005088"
<http://purl.obolibrary.org/obo/UBERON_0002365>	"FMA:9596"
<http://purl.obolibrary.org/obo/UBERON_0002365>	<http://www.snomedbrowser.com/Codes/Details/115976003>
<http://purl.obolibrary.org/obo/UBERON_0002365>	"UMLS:C0015282"
<http://purl.obolibrary.org/obo/UBERON_0002365>	"EHDAA2:0003097"
<http://purl.obolibrary.org/obo/UBERON_0002365>	"BTO:0000765"
<http://purl.obolibrary.org/obo/UBERON_0002365>	<http://en.wikipedia.org/wiki/Exocrine_gland>
<http://purl.obolibrary.org/obo/UBERON_0002365>	"GAID:34"
<http://purl.obolibrary.org/obo/UBERON_0002365>	"AEO:0000097"
<http://purl.obolibrary.org/obo/UBERON_0002365>	"Wikipedia:Exocrine_gland"
<http://purl.obolibrary.org/obo/UBERON_0002365>	"SCTID:115976003"
<http://purl.obolibrary.org/obo/GO_0006412>	"Wikipedia:Translation_(genetics)"
<http://purl.obolibrary.org/obo/GO_0006412>	"Reactome:R-HSA-72766"
<http://purl.obolibrary.org/obo/UBERON_0034709>	"EMAPA:32916"
<http://purl.obolibrary.org/obo/UBERON_0034709>	"DHBA:12694"
<http://purl.obolibrary.org/obo/UBERON_0005290>	"EHDAA:5526"
<http://purl.obolibrary.org/obo/UBERON_0005290>	"CALOHA:TS-0607"
<http://purl.obolibrary.org/obo/UBERON_0005290>	"EHDAA2:0001207"
<http://purl.obolibrary.org/obo/UBERON_0005290>	"EMAPA:17082"
<http://purl.obolibrary.org/obo/UBERON_0005290>	"VHOG:0000456"
<http://purl.obolibrary.org/obo/UBERON_0005290>	<http://en.wikipedia.org/wiki/Myelencephalon>
<http://purl.obolibrary.org/obo/UBERON_0005290>	"HBA:9512"
<http://purl.obolibrary.org/obo/UBERON_0005290>	"MA:0000205"
<http://purl.obolibrary.org/obo/UBERON_0005290>	"CALOHA:TS-2365"
<http://purl.obolibrary.org/obo/UBERON_0005290>	"DHBA:10662"
<http://purl.obolibrary.org/obo/UBERON_0005290>	"BTO:0000758"
<http://purl.obolibrary.org/obo/UBERON_0005290>	"Wikipedia:Myelencephalon"
<http://purl.obolibrary.org/obo/UBERON_0036217>	"BTO:0001708"
<http://purl.obolibrary.org/obo/UBERON_0011772>	"AAO:0000273"
<http://purl.obolibrary.org/obo/CL_0000188>	"CALOHA:TS-2158"
<http://purl.obolibrary.org/obo/CL_0000188>	"FMA:9727"
<http://purl.obolibrary.org/obo/CL_0000188>	"BTO:0004392"
<http://purl.obolibrary.org/obo/CL_0000188>	"https://cellxgene.cziscience.com/cellguide/CL_0000188"
<http://purl.obolibrary.org/obo/UBERON_0007914>	"EMAPA:37245"
<http://purl.obolibrary.org/obo/UBERON_0007914>	"MA:0000569"
<http://purl.obolibrary.org/obo/GO_0009790>	"Wikipedia:Embryogenesis"
<http://purl.obolibrary.org/obo/GO_0009790>	"Reactome:R-HSA-5619507"
<http://purl.obolibrary.org/obo/UBERON_0003854>	"VHOG:0000439"
<http://purl.obolibrary.org/obo/UBERON_0003854>	"ZFA:0007021"
<http://purl.obolibrary.org/obo/UBERON_0003854>	"FMA:312957"
<http://purl.obolibrary.org/obo/UBERON_0003854>	"TAO:0007021"
<http://purl.obolibrary.org/obo/UBERON_0000019>	"NCIT:C12401"
<http://purl.obolibrary.org/obo/UBERON_0000019>	"UMLS:C1280202"
<http://purl.obolibrary.org/obo/UBERON_0000019>	"EHDAA2:0000484"
<http://purl.obolibrary.org/obo/UBERON_0000019>	"BIRNLEX:1169"
<http://purl.obolibrary.org/obo/UBERON_0000019>	"TAO:0000107"
<http://purl.obolibrary.org/obo/UBERON_0000019>	"UMLS:C0015392"
<http://purl.obolibrary.org/obo/UBERON_0000019>	"BTO:0004688"
<http://purl.obolibrary.org/obo/UBERON_0000019>	"AAO:0010340"
<http://purl.obolibrary.org/obo/UBERON_0000019>	"EMAPA:16198"
<http://purl.obolibrary.org/obo/UBERON_0000019>	"OpenCyc:Mx8Ngx4rwKSh9pwpEbGdrcN5Y29ycB4rvVil5pwpEbGdrcN5Y29ycB4rvViTvpwpEbGdrcN5Y29ycA"
<http://purl.obolibrary.org/obo/UBERON_0000019>	"MA:0000261"
<http://purl.obolibrary.org/obo/UBERON_0000019>	<http://linkedlifedata.com/resource/umls/id/C1280202>
<http://purl.obolibrary.org/obo/UBERON_0000019>	"EHDAA:936"
<http://purl.obolibrary.org/obo/UBERON_0000019>	"VHOG:0000275"
<http://purl.obolibrary.org/obo/UBERON_0000019>	"FMA:54448"
<http://purl.obolibrary.org/obo/UBERON_0000019>	"ZFA:0000107"
<http://purl.obolibrary.org/obo/UBERON_0000019>	"XAO:0000179"
<http://purl.obolibrary.org/obo/UBERON_0000019>	<http://www.snomedbrowser.com/Codes/Details/181143004>
<http://purl.obolibrary.org/obo/UBERON_0000019>	<http://linkedlifedata.com/resource/umls/id/C0015392>
<http://purl.obolibrary.org/obo/UBERON_0000019>	"SCTID:181143004"
<http://purl.obolibrary.org/obo/UBERON_0004905>	"FBbt:00005811"
<http://purl.obolibrary.org/obo/GO_0005615>	"NIF_Subcellular:sao1425028079"
<http://purl.obolibrary.org/obo/UBERON_0000468>	"EHDAA:1"
<http://purl.obolibrary.org/obo/UBERON_0000468>	"BIRNLEX:18"
<http://purl.obolibrary.org/obo/UBERON_0000468>	"EHDAA2:0003103"
<http://purl.obolibrary.org/obo/UBERON_0000468>	"NCIT:C13041"
<http://purl.obolibrary.org/obo/UBERON_0000468>	"CARO:0000012"
<http://purl.obolibrary.org/obo/UBERON_0000468>	"TGMA:0001832"
<http://purl.obolibrary.org/obo/UBERON_0000468>	"BILA:0000012"
<http://purl.obolibrary.org/obo/UBERON_0000468>	"FMA:256135"
<http://purl.obolibrary.org/obo/UBERON_0000468>	"EV:0100016"
<http://purl.obolibrary.org/obo/UBERON_0000468>	"EFO:0002906"
<http://purl.obolibrary.org/obo/UBERON_0000468>	"WBbt:0007833"
<http://purl.obolibrary.org/obo/UBERON_0000468>	"EMAPA:25765"
<http://purl.obolibrary.org/obo/UBERON_0000468>	"ZFA:0001094"
<http://purl.obolibrary.org/obo/UBERON_0000468>	"BTO:0000042"
<http://purl.obolibrary.org/obo/UBERON_0000468>	<http://www.snomedbrowser.com/Codes/Details/243928005>
<http://purl.obolibrary.org/obo/UBERON_0000468>	"VHOG:0000671"
<http://purl.obolibrary.org/obo/UBERON_0000468>	"AAO:0010026"
<http://purl.obolibrary.org/obo/UBERON_0000468>	"ncithesaurus:Whole_Organism"
<http://purl.obolibrary.org/obo/UBERON_0000468>	"TAO:0001094"
<http://purl.obolibrary.org/obo/UBERON_0000468>	"galen:Organism"
<http://purl.obolibrary.org/obo/UBERON_0000468>	"FBbt:00000001"
<http://purl.obolibrary.org/obo/UBERON_0000468>	"BSA:0000038"
<http://purl.obolibrary.org/obo/UBERON_0000468>	"XAO:0003004"
<http://purl.obolibrary.org/obo/UBERON_0000468>	"TADS:0000001"
<http://purl.obolibrary.org/obo/UBERON_0000468>	"HAO:0000012"
<http://purl.obolibrary.org/obo/UBERON_0000468>	"EHDAA2:0003191"
<http://purl.obolibrary.org/obo/UBERON_0000468>	<http://en.wikipedia.org/wiki/Multi-cellular_organism>
<http://purl.obolibrary.org/obo/UBERON_0000468>	"AEO:0000191"
<http://purl.obolibrary.org/obo/UBERON_0000468>	"SCTID:243928005"
<http://purl.obolibrary.org/obo/UBERON_0000468>	"Wikipedia:Multi-cellular_organism"
<http://purl.obolibrary.org/obo/UBERON_0009751>	"EMAPA:36438"
<http://purl.obolibrary.org/obo/UBERON_0009751>	"EHDAA2:0004162"
<http://purl.obolibrary.org/obo/UBERON_0003304>	"EHDAA:170"
<http://purl.obolibrary.org/obo/UBERON_0003304>	"EHDAA2:0003241"
<http://purl.obolibrary.org/obo/UBERON_0003304>	"EMAPA:16115"
<http://purl.obolibrary.org/obo/UBERON_0007391>	"TAO:0001459"
<http://purl.obolibrary.org/obo/UBERON_0007391>	"ZFA:0001459"
<http://purl.obolibrary.org/obo/UBERON_0006596>	"EFO:0003439"
<http://purl.obolibrary.org/obo/UBERON_0006596>	"TAO:0000568"
<http://purl.obolibrary.org/obo/UBERON_0006596>	"AAO:0000468"
<http://purl.obolibrary.org/obo/UBERON_0006596>	"ZFA:0000568"
<http://purl.obolibrary.org/obo/UBERON_0003567>	"MA:0000519"
<http://purl.obolibrary.org/obo/UBERON_0000114>	"EMAPA:35521"
<http://purl.obolibrary.org/obo/UBERON_0000114>	"FMA:27533"
<http://purl.obolibrary.org/obo/UBERON_0000114>	<http://www.snomedbrowser.com/Codes/Details/201609008>
<http://purl.obolibrary.org/obo/UBERON_0000114>	"MA:0001782"
<http://purl.obolibrary.org/obo/UBERON_0000114>	"SCTID:201609008"
<http://purl.obolibrary.org/obo/UBERON_0010709>	<http://www.snomedbrowser.com/Codes/Details/416631005>
<http://purl.obolibrary.org/obo/UBERON_0010709>	"VSAO:0000215"
<http://purl.obolibrary.org/obo/UBERON_0010709>	"FMA:7184"
<http://purl.obolibrary.org/obo/UBERON_0010709>	"EMAPA:37863"
<http://purl.obolibrary.org/obo/UBERON_0007844>	"EMAPA:32730"
<http://purl.obolibrary.org/obo/UBERON_0007844>	"XAO:0004013"
<http://purl.obolibrary.org/obo/UBERON_0007844>	"VSAO:0000000"
<http://purl.obolibrary.org/obo/UBERON_0007844>	"FMA:55107"
<http://purl.obolibrary.org/obo/UBERON_0007844>	"ZFA:0001501"
<http://purl.obolibrary.org/obo/UBERON_0007844>	"AAO:0011130"
<http://purl.obolibrary.org/obo/UBERON_0007844>	"CALOHA:TS-0118"
<http://purl.obolibrary.org/obo/UBERON_0006312>	"MA:0001911"
<http://purl.obolibrary.org/obo/UBERON_0004258>	"MA:0000493"
<http://purl.obolibrary.org/obo/UBERON_0004258>	"EMAPA:37243"
<http://purl.obolibrary.org/obo/UBERON_0002062>	"TAO:0001317"
<http://purl.obolibrary.org/obo/UBERON_0002062>	"EHDAA:2586"
<http://purl.obolibrary.org/obo/UBERON_0002062>	"FMA:70302"
<http://purl.obolibrary.org/obo/UBERON_0002062>	"EHDAA2:0000434"
<http://purl.obolibrary.org/obo/UBERON_0002062>	"XAO:0004189"
<http://purl.obolibrary.org/obo/UBERON_0002062>	<http://en.wikipedia.org/wiki/Atrioventricular_cushions>
<http://purl.obolibrary.org/obo/UBERON_0002062>	"VHOG:0000932"
<http://purl.obolibrary.org/obo/UBERON_0002062>	"MA:0000078"
<http://purl.obolibrary.org/obo/UBERON_0002062>	"EHDAA2:0004028"
<http://purl.obolibrary.org/obo/UBERON_0002062>	"ZFA:0001317"
<http://purl.obolibrary.org/obo/UBERON_0002062>	"EMAPA:16696"
<http://purl.obolibrary.org/obo/UBERON_0002062>	"Wikipedia:Atrioventricular_cushions"
<http://purl.obolibrary.org/obo/UBERON_0000066>	"WBls:0000041"
<http://purl.obolibrary.org/obo/UBERON_0000066>	"XtroDO:0000084"
<http://purl.obolibrary.org/obo/UBERON_0000066>	"EFO:0001272"
<http://purl.obolibrary.org/obo/UBERON_0000066>	"BTO:0001043"
<http://purl.obolibrary.org/obo/UBERON_0000066>	"BilaDO:0000004"
<http://purl.obolibrary.org/obo/UBERON_0000066>	"FBdv:00005369"
<http://purl.obolibrary.org/obo/UBERON_0001015>	"BTO:0000887"
<http://purl.obolibrary.org/obo/UBERON_0001015>	"WBbt:0005737"
<http://purl.obolibrary.org/obo/UBERON_0001015>	"AAO:0011066"
<http://purl.obolibrary.org/obo/UBERON_0001015>	"OpenCyc:Mx4rvVjmr5wpEbGdrcN5Y29ycA"
<http://purl.obolibrary.org/obo/UBERON_0001015>	"MA:0000165"
<http://purl.obolibrary.org/obo/UBERON_0001015>	"NCIT:C13056"
<http://purl.obolibrary.org/obo/UBERON_0001015>	"EMAPA:35577"
<http://purl.obolibrary.org/obo/UBERON_0001015>	"TAO:0000548"
<http://purl.obolibrary.org/obo/UBERON_0001015>	<http://en.wikipedia.org/wiki/Muscular_system>
<http://purl.obolibrary.org/obo/UBERON_0001015>	"FMA:32558"
<http://purl.obolibrary.org/obo/UBERON_0001015>	"VSAO:0005038"
<http://purl.obolibrary.org/obo/UBERON_0001015>	"EMAPA:32715"
<http://purl.obolibrary.org/obo/UBERON_0001015>	"EFO:0001949"
<http://purl.obolibrary.org/obo/UBERON_0001015>	"ZFA:0000548"
<http://purl.obolibrary.org/obo/UBERON_0001015>	"UMLS:C0026845"
<http://purl.obolibrary.org/obo/UBERON_0001015>	<http://linkedlifedata.com/resource/umls/id/C0026845>
<http://purl.obolibrary.org/obo/UBERON_0001015>	"Wikipedia:Muscular_system"
<http://purl.obolibrary.org/obo/UBERON_0003729>	<http://linkedlifedata.com/resource/umls/id/C0026639>
<http://purl.obolibrary.org/obo/UBERON_0003729>	"EMAPA:26937"
<http://purl.obolibrary.org/obo/UBERON_0003729>	"BTO:0002860"
<http://purl.obolibrary.org/obo/UBERON_0003729>	"NCIT:C77637"
<http://purl.obolibrary.org/obo/UBERON_0003729>	"UMLS:C0026639"
<http://purl.obolibrary.org/obo/UBERON_0003729>	<http://en.wikipedia.org/wiki/Oral_mucosa>
<http://purl.obolibrary.org/obo/UBERON_0003729>	"MESH:D009061"
<http://purl.obolibrary.org/obo/UBERON_0003729>	"MA:0002794"
<http://purl.obolibrary.org/obo/UBERON_0003729>	"GAID:951"
<http://purl.obolibrary.org/obo/UBERON_0003729>	"CALOHA:TS-0716"
<http://purl.obolibrary.org/obo/UBERON_0003729>	"FMA:59660"
<http://purl.obolibrary.org/obo/UBERON_0003729>	"Wikipedia:Oral_mucosa"
<http://purl.obolibrary.org/obo/GO_0001503>	"Wikipedia:Ossification"
<http://purl.obolibrary.org/obo/UBERON_0001555>	"FMA:45615"
<http://purl.obolibrary.org/obo/UBERON_0001555>	"OpenCyc:Mx4rvVi0GpwpEbGdrcN5Y29ycA"
<http://purl.obolibrary.org/obo/UBERON_0001555>	"BILA:0000083"
<http://purl.obolibrary.org/obo/UBERON_0001555>	"VHOG:0000309"
<http://purl.obolibrary.org/obo/UBERON_0001555>	"BTO:0000545"
<http://purl.obolibrary.org/obo/UBERON_0001555>	"EMAPA:16247"
<http://purl.obolibrary.org/obo/UBERON_0001555>	"ZFA:0000112"
<http://purl.obolibrary.org/obo/UBERON_0001555>	"NCIT:C34082"
<http://purl.obolibrary.org/obo/UBERON_0001555>	"FBbt:00003125"
<http://purl.obolibrary.org/obo/UBERON_0001555>	<http://linkedlifedata.com/resource/umls/id/C0017189>
<http://purl.obolibrary.org/obo/UBERON_0001555>	"UMLS:C0017189"
<http://purl.obolibrary.org/obo/UBERON_0001555>	"AAO:0010023"
<http://purl.obolibrary.org/obo/UBERON_0001555>	"BTO:0000511"
<http://purl.obolibrary.org/obo/UBERON_0001555>	"TAO:0000112"
<http://purl.obolibrary.org/obo/UBERON_0001555>	"EHDAA:518"
<http://purl.obolibrary.org/obo/UBERON_0001555>	"galen:AlimentaryTract"
<http://purl.obolibrary.org/obo/UBERON_0001555>	"WBbt:0005743"
<http://purl.obolibrary.org/obo/UBERON_0001555>	"EHDAA2:0000726"
<http://purl.obolibrary.org/obo/UBERON_0001555>	"TGMA:0001819"
<http://purl.obolibrary.org/obo/UBERON_0001555>	"MA:0000917"
<http://purl.obolibrary.org/obo/UBERON_0010046>	"EHDAA2:0001459"
<http://purl.obolibrary.org/obo/UBERON_0010046>	"EMAPA:16550"
<http://purl.obolibrary.org/obo/UBERON_0010046>	"XAO:0004524"
<http://purl.obolibrary.org/obo/UBERON_0035159>	"NCIT:C29667"
<http://purl.obolibrary.org/obo/UBERON_0035159>	"FMA:61695"
<http://purl.obolibrary.org/obo/UBERON_0035159>	<http://linkedlifedata.com/resource/umls/id/C0489451>
<http://purl.obolibrary.org/obo/UBERON_0035159>	<http://www.snomedbrowser.com/Codes/Details/261060002>
<http://purl.obolibrary.org/obo/UBERON_0035159>	"UMLS:C0489451"
<http://purl.obolibrary.org/obo/UBERON_0035159>	"SCTID:261060002"
<http://purl.obolibrary.org/obo/UBERON_0004062>	<http://braininfo.rprc.washington.edu/centraldirectory.aspx?ID=1368>
<http://purl.obolibrary.org/obo/UBERON_0004062>	"EMAPA:17151"
<http://purl.obolibrary.org/obo/UBERON_0004062>	"neuronames:1368"
<http://purl.obolibrary.org/obo/UBERON_0001972>	<http://www.snomedbrowser.com/Codes/Details/362128009>
<http://purl.obolibrary.org/obo/UBERON_0001972>	"FMA:62997"
<http://purl.obolibrary.org/obo/UBERON_0001972>	"EMAPA:35325"
<http://purl.obolibrary.org/obo/UBERON_0001972>	"MA:0002724"
<http://purl.obolibrary.org/obo/UBERON_0001972>	"BTO:0002109"
<http://purl.obolibrary.org/obo/UBERON_0001972>	"SCTID:362128009"
<http://purl.obolibrary.org/obo/UBERON_0003117>	"EHDAA2:0004075"
<http://purl.obolibrary.org/obo/UBERON_0003117>	"AAO:0010368"
<http://purl.obolibrary.org/obo/UBERON_0003117>	"EMAPA:32766"
<http://purl.obolibrary.org/obo/UBERON_0003117>	<http://www.snomedbrowser.com/Codes/Details/308772004>
<http://purl.obolibrary.org/obo/UBERON_0003117>	"XAO:0000453"
<http://purl.obolibrary.org/obo/UBERON_0003117>	"ZFA:0001609"
<http://purl.obolibrary.org/obo/UBERON_0003117>	"FMA:293047"
<http://purl.obolibrary.org/obo/UBERON_0003117>	"TAO:0001601"
<http://purl.obolibrary.org/obo/UBERON_0003117>	"VHOG:0001205"
<http://purl.obolibrary.org/obo/UBERON_0003117>	"SCTID:308772004"
<http://purl.obolibrary.org/obo/UBERON_0007830>	"UMLS:C0030786"
<http://purl.obolibrary.org/obo/UBERON_0007830>	<http://www.snomedbrowser.com/Codes/Details/426214007>
<http://purl.obolibrary.org/obo/UBERON_0007830>	"EMAPA:18028"
<http://purl.obolibrary.org/obo/UBERON_0007830>	"MA:0000293"
<http://purl.obolibrary.org/obo/UBERON_0007830>	<http://linkedlifedata.com/resource/umls/id/C0030786>
<http://purl.obolibrary.org/obo/UBERON_0007830>	"NCIT:C33287"
<http://purl.obolibrary.org/obo/UBERON_0011362>	"TAO:0005297"
<http://purl.obolibrary.org/obo/UBERON_0011362>	"ZFA:0005297"
<http://purl.obolibrary.org/obo/UBERON_0001776>	"EMAPA:19077"
<http://purl.obolibrary.org/obo/UBERON_0001776>	<http://www.snomedbrowser.com/Codes/Details/181172003>
<http://purl.obolibrary.org/obo/UBERON_0001776>	"MESH:D002829"
<http://purl.obolibrary.org/obo/UBERON_0001776>	"VHOG:0001568"
<http://purl.obolibrary.org/obo/UBERON_0001776>	"UMLS:C0008520"
<http://purl.obolibrary.org/obo/UBERON_0001776>	"GAID:913"
<http://purl.obolibrary.org/obo/UBERON_0001776>	"CALOHA:TS-2054"
<http://purl.obolibrary.org/obo/UBERON_0001776>	"EV:0100347"
<http://purl.obolibrary.org/obo/UBERON_0001776>	"ZFA:0005229"
<http://purl.obolibrary.org/obo/UBERON_0001776>	"MA:0000263"
<http://purl.obolibrary.org/obo/UBERON_0001776>	"NCIT:C12344"
<http://purl.obolibrary.org/obo/UBERON_0001776>	"TAO:0005229"
<http://purl.obolibrary.org/obo/UBERON_0001776>	"FMA:58298"
<http://purl.obolibrary.org/obo/UBERON_0001776>	"BTO:0001829"
<http://purl.obolibrary.org/obo/UBERON_0001776>	<http://linkedlifedata.com/resource/umls/id/C0008520>
<http://purl.obolibrary.org/obo/UBERON_0001776>	<http://en.wikipedia.org/wiki/Choroid>
<http://purl.obolibrary.org/obo/UBERON_0001776>	"Wikipedia:Choroid"
<http://purl.obolibrary.org/obo/UBERON_0001776>	"SCTID:181172003"
<http://purl.obolibrary.org/obo/UBERON_0011107>	<http://linkedlifedata.com/resource/umls/id/C0827002>
<http://purl.obolibrary.org/obo/UBERON_0011107>	"NCIT:C32890"
<http://purl.obolibrary.org/obo/UBERON_0011107>	"UMLS:C0827002"
<http://purl.obolibrary.org/obo/UBERON_0011107>	"FMA:35173"
<http://purl.obolibrary.org/obo/UBERON_0015833>	"EMAPA:32922"
<http://purl.obolibrary.org/obo/UBERON_0015833>	"MA:0003204"
<http://purl.obolibrary.org/obo/UBERON_0034769>	"NCIT:C41168"
<http://purl.obolibrary.org/obo/UBERON_0034769>	"FMA:79770"
<http://purl.obolibrary.org/obo/UBERON_0000415>	"FMA:14155"
<http://purl.obolibrary.org/obo/UBERON_0000415>	"BTO:0002009"
<http://purl.obolibrary.org/obo/UBERON_0000415>	"galen:ArterialWall"
<http://purl.obolibrary.org/obo/UBERON_0004297>	"EMAPA:37573"
<http://purl.obolibrary.org/obo/UBERON_0004297>	"MA:0001806"
<http://purl.obolibrary.org/obo/UBERON_0006834>	"WBbt:0006760"
<http://purl.obolibrary.org/obo/UBERON_0006834>	"TADS:0000421"
<http://purl.obolibrary.org/obo/UBERON_0006834>	"FBbt:00004924"
<http://purl.obolibrary.org/obo/UBERON_0004362>	"EMAPA:16118"
<http://purl.obolibrary.org/obo/UBERON_0004362>	"NCIT:C34175"
<http://purl.obolibrary.org/obo/UBERON_0004362>	"ZFA:0001612"
<http://purl.obolibrary.org/obo/UBERON_0004362>	"EHDAA2:0000006"
<http://purl.obolibrary.org/obo/UBERON_0004362>	"CALOHA:TS-2089"
<http://purl.obolibrary.org/obo/UBERON_0004362>	"TAO:0001595"
<http://purl.obolibrary.org/obo/UBERON_0004362>	<http://en.wikipedia.org/wiki/First_pharyngeal_arch>
<http://purl.obolibrary.org/obo/UBERON_0004362>	"UMLS:C1517197"
<http://purl.obolibrary.org/obo/UBERON_0004362>	"XAO:0000097"
<http://purl.obolibrary.org/obo/UBERON_0004362>	<http://linkedlifedata.com/resource/umls/id/C1517197>
<http://purl.obolibrary.org/obo/UBERON_0004362>	<http://www.snomedbrowser.com/Codes/Details/308767008>
<http://purl.obolibrary.org/obo/UBERON_0004362>	"MFMO:0000095"
<http://purl.obolibrary.org/obo/UBERON_0004362>	"EHDAA:573"
<http://purl.obolibrary.org/obo/UBERON_0004362>	"FMA:293019"
<http://purl.obolibrary.org/obo/UBERON_0004362>	"AAO:0010364"
<http://purl.obolibrary.org/obo/UBERON_0004362>	"VHOG:0000296"
<http://purl.obolibrary.org/obo/UBERON_0004362>	"SCTID:308767008"
<http://purl.obolibrary.org/obo/UBERON_0004362>	"Wikipedia:First_pharyngeal_arch"
<http://purl.obolibrary.org/obo/UBERON_0022288>	"FMA:58315"
<http://purl.obolibrary.org/obo/UBERON_0000058>	"NCIT:C12948"
<http://purl.obolibrary.org/obo/UBERON_0000058>	<http://en.wikipedia.org/wiki/Duct_(anatomy)>
<http://purl.obolibrary.org/obo/UBERON_0000058>	"ZFA:0005171"
<http://purl.obolibrary.org/obo/UBERON_0000058>	"FBbt:00100314"
<http://purl.obolibrary.org/obo/UBERON_0000058>	"XAO:0004000"
<http://purl.obolibrary.org/obo/UBERON_0000058>	"AAO:0011123"
<http://purl.obolibrary.org/obo/UBERON_0000058>	"galen:Duct"
<http://purl.obolibrary.org/obo/UBERON_0000058>	<http://linkedlifedata.com/resource/umls/id/C0687028>
<http://purl.obolibrary.org/obo/UBERON_0000058>	<http://www.snomedbrowser.com/Codes/Details/91726008>
<http://purl.obolibrary.org/obo/UBERON_0000058>	"TAO:0005171"
<http://purl.obolibrary.org/obo/UBERON_0000058>	"UMLS:C0687028"
<http://purl.obolibrary.org/obo/UBERON_0000058>	"FMA:30320"
<http://purl.obolibrary.org/obo/UBERON_0000058>	"Wikipedia:Duct_(anatomy)"
<http://purl.obolibrary.org/obo/UBERON_0000058>	"SCTID:91726008"
<http://purl.obolibrary.org/obo/UBERON_0000964>	"BTO:0000286"
<http://purl.obolibrary.org/obo/UBERON_0000964>	<http://linkedlifedata.com/resource/umls/id/C0010031>
<http://purl.obolibrary.org/obo/UBERON_0000964>	"EHDAA:10199"
<http://purl.obolibrary.org/obo/UBERON_0000964>	"OpenCyc:Mx4rvViBa5wpEbGdrcN5Y29ycA"
<http://purl.obolibrary.org/obo/UBERON_0000964>	"MA:0000266"
<http://purl.obolibrary.org/obo/UBERON_0000964>	"AAO:0010344"
<http://purl.obolibrary.org/obo/UBERON_0000964>	"CALOHA:TS-0171"
<http://purl.obolibrary.org/obo/UBERON_0000964>	"VHOG:0000164"
<http://purl.obolibrary.org/obo/UBERON_0000964>	"EFO:0000377"
<http://purl.obolibrary.org/obo/UBERON_0000964>	"UMLS:C0010031"
<http://purl.obolibrary.org/obo/UBERON_0000964>	"XAO:0000180"
<http://purl.obolibrary.org/obo/UBERON_0000964>	"GAID:892"
<http://purl.obolibrary.org/obo/UBERON_0000964>	"TAO:0000640"
<http://purl.obolibrary.org/obo/UBERON_0000964>	"EV:0100341"
<http://purl.obolibrary.org/obo/UBERON_0000964>	"ZFA:0000640"
<http://purl.obolibrary.org/obo/UBERON_0000964>	<http://en.wikipedia.org/wiki/Cornea>
<http://purl.obolibrary.org/obo/UBERON_0000964>	"EHDAA2:0000316"
<http://purl.obolibrary.org/obo/UBERON_0000964>	"NCIT:C12342"
<http://purl.obolibrary.org/obo/UBERON_0000964>	"MESH:D003315"
<http://purl.obolibrary.org/obo/UBERON_0000964>	<http://www.snomedbrowser.com/Codes/Details/181162001>
<http://purl.obolibrary.org/obo/UBERON_0000964>	"EMAPA:17161"
<http://purl.obolibrary.org/obo/UBERON_0000964>	"FMA:58238"
<http://purl.obolibrary.org/obo/UBERON_0000964>	"SCTID:181162001"
<http://purl.obolibrary.org/obo/UBERON_0000964>	"Wikipedia:Cornea"
<http://purl.obolibrary.org/obo/UBERON_0002385>	"MA:0002437"
<http://purl.obolibrary.org/obo/UBERON_0002385>	"AAO:0000306"
<http://purl.obolibrary.org/obo/UBERON_0002385>	"NCIT:C12435"
<http://purl.obolibrary.org/obo/UBERON_0002385>	<http://linkedlifedata.com/resource/umls/id/C2328219>
<http://purl.obolibrary.org/obo/UBERON_0002385>	"UMLS:C2328219"
<http://purl.obolibrary.org/obo/UBERON_0002385>	"EHDAA2:0003122"
<http://purl.obolibrary.org/obo/UBERON_0002385>	"AEO:0000122"
<http://purl.obolibrary.org/obo/UBERON_0002385>	"FMA:9641"
<http://purl.obolibrary.org/obo/UBERON_0002385>	"EMAPA:32715"
<http://purl.obolibrary.org/obo/UBERON_0002385>	"galen:MuscleTissue"
<http://purl.obolibrary.org/obo/UBERON_0002385>	"CALOHA:TS-0642"
<http://purl.obolibrary.org/obo/UBERON_0002385>	"MESH:D009132"
<http://purl.obolibrary.org/obo/UBERON_0002385>	<http://en.wikipedia.org/wiki/Muscle_tissue>
<http://purl.obolibrary.org/obo/UBERON_0002385>	<http://www.snomedbrowser.com/Codes/Details/91727004>
<http://purl.obolibrary.org/obo/UBERON_0002385>	"SCTID:91727004"
<http://purl.obolibrary.org/obo/UBERON_0002385>	"Wikipedia:Muscle_tissue"
<http://purl.obolibrary.org/obo/UBERON_0006904>	"AAO:0011051"
<http://purl.obolibrary.org/obo/UBERON_0006904>	"VHOG:0000185"
<http://purl.obolibrary.org/obo/UBERON_0006904>	"EHDAA2:0001118"
<http://purl.obolibrary.org/obo/UBERON_0006904>	"EFO:0003337"
<http://purl.obolibrary.org/obo/UBERON_0006904>	"EMAPA_RETIRED:16270"
<http://purl.obolibrary.org/obo/UBERON_0006904>	"TAO:0000998"
<http://purl.obolibrary.org/obo/UBERON_0006904>	"FMA:293859"
<http://purl.obolibrary.org/obo/UBERON_0006904>	"XAO:0000053"
<http://purl.obolibrary.org/obo/UBERON_0006904>	"EFO:0003603"
<http://purl.obolibrary.org/obo/UBERON_0006904>	"ZFA:0000998"
<http://purl.obolibrary.org/obo/UBERON_0006904>	"EHDAA:655"
<http://purl.obolibrary.org/obo/UBERON_0006904>	"EMAPA:16099"
<http://purl.obolibrary.org/obo/UBERON_0005805>	"ZFA:0000014"
<http://purl.obolibrary.org/obo/UBERON_0005805>	"EHDAA:402"
<http://purl.obolibrary.org/obo/UBERON_0005805>	"XAO:0000051"
<http://purl.obolibrary.org/obo/UBERON_0005805>	"EMAPA:18606"
<http://purl.obolibrary.org/obo/UBERON_0005805>	"VHOG:0000264"
<http://purl.obolibrary.org/obo/UBERON_0005805>	"TAO:0000014"
<http://purl.obolibrary.org/obo/UBERON_0005805>	"BTO:0004673"
<http://purl.obolibrary.org/obo/UBERON_0005805>	<http://en.wikipedia.org/wiki/Dorsal_aorta>
<http://purl.obolibrary.org/obo/UBERON_0005805>	<http://www.snomedbrowser.com/Codes/Details/338637006>
<http://purl.obolibrary.org/obo/UBERON_0005805>	"AAO:0011029"
<http://purl.obolibrary.org/obo/UBERON_0005805>	"Wikipedia:Dorsal_aorta"
<http://purl.obolibrary.org/obo/UBERON_0005805>	"SCTID:338637006"
<http://purl.obolibrary.org/obo/UBERON_0003504>	"EMAPA:35995"
<http://purl.obolibrary.org/obo/UBERON_0003504>	"MA:0001799"
<http://purl.obolibrary.org/obo/UBERON_0003504>	"EMAPA:35731"
<http://purl.obolibrary.org/obo/UBERON_0008909>	"TAO:0001639"
<http://purl.obolibrary.org/obo/UBERON_0008909>	"VSAO:0000307"
<http://purl.obolibrary.org/obo/UBERON_0008909>	"ZFA:0001629"
<http://purl.obolibrary.org/obo/UBERON_0008909>	"AAO:0010777"
<http://purl.obolibrary.org/obo/UBERON_0005338>	"EHDAA2:0001353"
<http://purl.obolibrary.org/obo/UBERON_0005338>	"EMAPA:17329"
<http://purl.obolibrary.org/obo/UBERON_0005338>	"MA:0000101"
<http://purl.obolibrary.org/obo/UBERON_0005338>	"VHOG:0001394"
<http://purl.obolibrary.org/obo/UBERON_0003614>	"EMAPA:36300"
<http://purl.obolibrary.org/obo/UBERON_0003614>	"MA:0002856"
<http://purl.obolibrary.org/obo/UBERON_0002118>	<http://www.snomedbrowser.com/Codes/Details/280123002>
<http://purl.obolibrary.org/obo/UBERON_0002118>	"FMA:7213"
<http://purl.obolibrary.org/obo/UBERON_0002118>	<http://linkedlifedata.com/resource/umls/id/C0227873>
<http://purl.obolibrary.org/obo/UBERON_0002118>	"MA:0001705"
<http://purl.obolibrary.org/obo/UBERON_0002118>	"NCIT:C33487"
<http://purl.obolibrary.org/obo/UBERON_0002118>	"UMLS:C0227873"
<http://purl.obolibrary.org/obo/UBERON_0002118>	"EMAPA:37367"
<http://purl.obolibrary.org/obo/UBERON_0002118>	"SCTID:280123002"
<http://purl.obolibrary.org/obo/UBERON_0007023>	"FBbt:00003004"
<http://purl.obolibrary.org/obo/UBERON_0007023>	"galen:Adult"
<http://purl.obolibrary.org/obo/UBERON_0007023>	"HAO:0000087"
<http://purl.obolibrary.org/obo/UBERON_0007023>	"BILA:0000078"
<http://purl.obolibrary.org/obo/UBERON_0007023>	"UMLS:C0001675"
<http://purl.obolibrary.org/obo/UBERON_0007023>	"NCIT:C17600"
<http://purl.obolibrary.org/obo/UBERON_0007023>	"TAO:0002046"
<http://purl.obolibrary.org/obo/UBERON_0007023>	<http://linkedlifedata.com/resource/umls/id/C0001675>
<http://purl.obolibrary.org/obo/UBERON_0007023>	<http://neurolex.org/wiki/Category:Adult_organism>
<http://purl.obolibrary.org/obo/UBERON_0035549>	"FMA:225275"
<http://purl.obolibrary.org/obo/CL_0000333>	"FMA:86667"
<http://purl.obolibrary.org/obo/GO_0048513>	"Wikipedia:Organogenesis"
<http://purl.obolibrary.org/obo/UBERON_0005614>	"EHDAA:9059"
<http://purl.obolibrary.org/obo/UBERON_0005614>	<http://linkedlifedata.com/resource/umls/id/C1182652>
<http://purl.obolibrary.org/obo/UBERON_0005614>	"NCIT:C33641"
<http://purl.obolibrary.org/obo/UBERON_0005614>	"RETIRED_EHDAA2:0000976"
<http://purl.obolibrary.org/obo/UBERON_0005614>	"MA:0001302"
<http://purl.obolibrary.org/obo/UBERON_0005614>	"EMAPA:17304"
<http://purl.obolibrary.org/obo/UBERON_0005614>	"EHDAA2:0000984"
<http://purl.obolibrary.org/obo/UBERON_0005614>	"FMA:70612"
<http://purl.obolibrary.org/obo/UBERON_0005614>	"VHOG:0001425"
<http://purl.obolibrary.org/obo/UBERON_0005614>	"UMLS:C1182652"
<http://purl.obolibrary.org/obo/UBERON_0005614>	"EMAPA:17839"
<http://purl.obolibrary.org/obo/UBERON_0005614>	<http://www.snomedbrowser.com/Codes/Details/362521008>
<http://purl.obolibrary.org/obo/UBERON_0005614>	"SCTID:362521008"
<http://purl.obolibrary.org/obo/UBERON_0011695>	"NCIT:C34148"
<http://purl.obolibrary.org/obo/UBERON_0011695>	"FMA:305965"
<http://purl.obolibrary.org/obo/UBERON_0011695>	"EHDAA2:0000216"
<http://purl.obolibrary.org/obo/UBERON_0005421>	"VHOG:0001064"
<http://purl.obolibrary.org/obo/UBERON_0005421>	"EMAPA:16778"
<http://purl.obolibrary.org/obo/UBERON_0005421>	"TAO:0000736"
<http://purl.obolibrary.org/obo/UBERON_0005421>	"EHDAA2:0000138"
<http://purl.obolibrary.org/obo/UBERON_0005421>	"TAO:0000085"
<http://purl.obolibrary.org/obo/UBERON_0005421>	"EFO:0003487"
<http://purl.obolibrary.org/obo/UBERON_0005421>	"ZFA:0000085"
<http://purl.obolibrary.org/obo/UBERON_0004118>	"ZFA:0005568"
<http://purl.obolibrary.org/obo/UBERON_0003324>	"EHDAA:8003"
<http://purl.obolibrary.org/obo/UBERON_0003324>	"VHOG:0001069"
<http://purl.obolibrary.org/obo/UBERON_0003324>	"EHDAA2:0001024"
<http://purl.obolibrary.org/obo/UBERON_0003324>	"EMAPA:17916"
<http://purl.obolibrary.org/obo/UBERON_0012324>	"MA:0001936"
<http://purl.obolibrary.org/obo/UBERON_0012324>	"FMA:10664"
<http://purl.obolibrary.org/obo/UBERON_0012324>	<http://en.wikipedia.org/wiki/Transverse_cervical_artery>
<http://purl.obolibrary.org/obo/UBERON_0012324>	<http://www.snomedbrowser.com/Codes/Details/244224008>
<http://purl.obolibrary.org/obo/UBERON_0012324>	"SCTID:244224008"
<http://purl.obolibrary.org/obo/UBERON_0012324>	"Wikipedia:Transverse_cervical_artery"
<http://purl.obolibrary.org/obo/UBERON_0001325>	"FMA:19086"
<http://purl.obolibrary.org/obo/UBERON_0001325>	"EMAPA:37481"
<http://purl.obolibrary.org/obo/UBERON_0001325>	"EMAPA:18184"
<http://purl.obolibrary.org/obo/UBERON_0001325>	"MA:0000534"
<http://purl.obolibrary.org/obo/UBERON_0008114>	"MA:0001505"
<http://purl.obolibrary.org/obo/UBERON_0009569>	"FMA:25054"
<http://purl.obolibrary.org/obo/UBERON_0009569>	<http://www.snomedbrowser.com/Codes/Details/22943007>
<http://purl.obolibrary.org/obo/UBERON_0009569>	"SCTID:22943007"
<http://purl.obolibrary.org/obo/UBERON_0011860>	"FMA:63212"
<http://purl.obolibrary.org/obo/UBERON_0011860>	"MESH:D024022"
<http://purl.obolibrary.org/obo/UBERON_0011860>	"NCIT:C32339"
<http://purl.obolibrary.org/obo/UBERON_0011860>	"NIF_Subcellular:sao7547390221"
<http://purl.obolibrary.org/obo/UBERON_0007389>	"ZFA:0001543"
<http://purl.obolibrary.org/obo/UBERON_0007389>	"TAO:0001543"
<http://purl.obolibrary.org/obo/UBERON_0006241>	"EMAPA:16092"
<http://purl.obolibrary.org/obo/UBERON_0006241>	"ZFA:0000417"
<http://purl.obolibrary.org/obo/UBERON_0006241>	"TAO:0000417"
<http://purl.obolibrary.org/obo/UBERON_0006241>	"EFO:0003438"
<http://purl.obolibrary.org/obo/UBERON_0006241>	"EHDAA2:0000674"
<http://purl.obolibrary.org/obo/UBERON_0006241>	"EHDAA:898"
<http://purl.obolibrary.org/obo/UBERON_0006241>	"EMAPA:16755"
<http://purl.obolibrary.org/obo/UBERON_0002349>	"EMAPA:32688"
<http://purl.obolibrary.org/obo/UBERON_0002349>	"MESH:D009206"
<http://purl.obolibrary.org/obo/UBERON_0002349>	<http://en.wikipedia.org/wiki/Myocardium>
<http://purl.obolibrary.org/obo/UBERON_0002349>	"VHOG:0000083"
<http://purl.obolibrary.org/obo/UBERON_0002349>	"XAO:0000065"
<http://purl.obolibrary.org/obo/UBERON_0002349>	"NCIT:C12371"
<http://purl.obolibrary.org/obo/UBERON_0002349>	"galen:Myocardium"
<http://purl.obolibrary.org/obo/UBERON_0002349>	"AAO:0010410"
<http://purl.obolibrary.org/obo/UBERON_0002349>	"EFO:0000819"
<http://purl.obolibrary.org/obo/UBERON_0002349>	"RETIRED_EHDAA2:0001220"
<http://purl.obolibrary.org/obo/UBERON_0002349>	"TAO:0001319"
<http://purl.obolibrary.org/obo/UBERON_0002349>	"FMA:9462"
<http://purl.obolibrary.org/obo/UBERON_0002349>	"BTO:0000901"
<http://purl.obolibrary.org/obo/UBERON_0002349>	"MA:0000164"
<http://purl.obolibrary.org/obo/UBERON_0002349>	"EHDAA2:0004150"
<http://purl.obolibrary.org/obo/UBERON_0002349>	"EV:0100022"
<http://purl.obolibrary.org/obo/UBERON_0002349>	"UMLS:C0027061"
<http://purl.obolibrary.org/obo/UBERON_0002349>	<http://www.snomedbrowser.com/Codes/Details/362012001>
<http://purl.obolibrary.org/obo/UBERON_0002349>	"CALOHA:TS-0440"
<http://purl.obolibrary.org/obo/UBERON_0002349>	"OpenCyc:Mx4ro36AFrCvEduAAAAOpmP6tw"
<http://purl.obolibrary.org/obo/UBERON_0002349>	"ZFA:0001319"
<http://purl.obolibrary.org/obo/UBERON_0002349>	"BSA:0000089"
<http://purl.obolibrary.org/obo/UBERON_0002349>	"GAID:173"
<http://purl.obolibrary.org/obo/UBERON_0002349>	<http://linkedlifedata.com/resource/umls/id/C0027061>
<http://purl.obolibrary.org/obo/UBERON_0002349>	"MAT:0000453"
<http://purl.obolibrary.org/obo/UBERON_0002349>	"SCTID:362012001"
<http://purl.obolibrary.org/obo/UBERON_0002349>	"Wikipedia:Myocardium"
<http://purl.obolibrary.org/obo/UBERON_0006207>	<http://en.wikipedia.org/wiki/Aorticopulmonary_septum>
<http://purl.obolibrary.org/obo/UBERON_0006207>	"EHDAA2:0000136"
<http://purl.obolibrary.org/obo/UBERON_0006207>	"EMAPA:16827"
<http://purl.obolibrary.org/obo/UBERON_0006207>	"CALOHA:TS-2409"
<http://purl.obolibrary.org/obo/UBERON_0006207>	"VHOG:0000502"
<http://purl.obolibrary.org/obo/UBERON_0006207>	"EHDAA:2592"
<http://purl.obolibrary.org/obo/UBERON_0006207>	"Wikipedia:Aorticopulmonary_septum"
<http://purl.obolibrary.org/obo/UBERON_0011090>	"FMA:87593"
<http://purl.obolibrary.org/obo/UBERON_0002407>	"BSA:0000090"
<http://purl.obolibrary.org/obo/UBERON_0002407>	"TAO:0000054"
<http://purl.obolibrary.org/obo/UBERON_0002407>	"FMA:9869"
<http://purl.obolibrary.org/obo/UBERON_0002407>	"EHDAA:5376"
<http://purl.obolibrary.org/obo/UBERON_0002407>	"EV:0100023"
<http://purl.obolibrary.org/obo/UBERON_0002407>	"CALOHA:TS-0761"
<http://purl.obolibrary.org/obo/UBERON_0002407>	"MA:0000099"
<http://purl.obolibrary.org/obo/UBERON_0002407>	"MESH:D010496"
<http://purl.obolibrary.org/obo/UBERON_0002407>	"MAT:0000454"
<http://purl.obolibrary.org/obo/UBERON_0002407>	"VHOG:0001280"
<http://purl.obolibrary.org/obo/UBERON_0002407>	"GAID:569"
<http://purl.obolibrary.org/obo/UBERON_0002407>	"XAO:0004182"
<http://purl.obolibrary.org/obo/UBERON_0002407>	"AAO:0010817"
<http://purl.obolibrary.org/obo/UBERON_0002407>	"UMLS:C0031050"
<http://purl.obolibrary.org/obo/UBERON_0002407>	"EMAPA:16133"
<http://purl.obolibrary.org/obo/UBERON_0002407>	"BTO:0000717"
<http://purl.obolibrary.org/obo/UBERON_0002407>	"OpenCyc:Mx4rvoCLgJwpEbGdrcN5Y29ycA"
<http://purl.obolibrary.org/obo/UBERON_0002407>	"ZFA:0000054"
<http://purl.obolibrary.org/obo/UBERON_0002407>	"galen:Pericardium"
<http://purl.obolibrary.org/obo/UBERON_0002407>	<http://en.wikipedia.org/wiki/Pericardium>
<http://purl.obolibrary.org/obo/UBERON_0002407>	<http://www.snomedbrowser.com/Codes/Details/181295003>
<http://purl.obolibrary.org/obo/UBERON_0002407>	<http://linkedlifedata.com/resource/umls/id/C0031050>
<http://purl.obolibrary.org/obo/UBERON_0002407>	"NCIT:C13005"
<http://purl.obolibrary.org/obo/UBERON_0002407>	"RETIRED_EHDAA2:0001443"
<http://purl.obolibrary.org/obo/UBERON_0002407>	"EFO:0000820"
<http://purl.obolibrary.org/obo/UBERON_0002407>	"SCTID:181295003"
<http://purl.obolibrary.org/obo/UBERON_0002407>	"Wikipedia:Pericardium"
<http://purl.obolibrary.org/obo/UBERON_0003512>	"MA:0002457"
<http://purl.obolibrary.org/obo/UBERON_0003512>	"EMAPA:32867"
<http://purl.obolibrary.org/obo/UBERON_0000105>	"FMA:24120"
<http://purl.obolibrary.org/obo/UBERON_0000105>	"EFO:0000399"
<http://purl.obolibrary.org/obo/UBERON_0000105>	"MmusDv:0000000"
<http://purl.obolibrary.org/obo/UBERON_0000105>	"XAO:1000000"
<http://purl.obolibrary.org/obo/UBERON_0000105>	"ZFS:0100000"
<http://purl.obolibrary.org/obo/UBERON_0000105>	"FBdv:00007012"
<http://purl.obolibrary.org/obo/UBERON_0000105>	"HsapDv:0000000"
<http://purl.obolibrary.org/obo/UBERON_0000105>	"PdumDv:0000090"
<http://purl.obolibrary.org/obo/UBERON_0000105>	"BILS:0000105"
<http://purl.obolibrary.org/obo/UBERON_0000105>	"ZFS:0000000"
<http://purl.obolibrary.org/obo/UBERON_0000105>	"OlatDv:0000010"
<http://purl.obolibrary.org/obo/UBERON_0000105>	"WBls:0000002"
<http://purl.obolibrary.org/obo/UBERON_0000105>	"ncithesaurus:Developmental_Stage"
<http://purl.obolibrary.org/obo/UBERON_0000105>	"MESH:D008018"
<http://purl.obolibrary.org/obo/UBERON_0034903>	<http://www.snomedbrowser.com/Codes/Details/190064008>
<http://purl.obolibrary.org/obo/UBERON_0034903>	"FMA:7286"
<http://purl.obolibrary.org/obo/UBERON_0034903>	"VHOG:0001226"
<http://purl.obolibrary.org/obo/UBERON_0034903>	"SCTID:190064008"
<http://purl.obolibrary.org/obo/UBERON_0001484>	"FMA:34836"
<http://purl.obolibrary.org/obo/UBERON_0001484>	<http://www.snomedbrowser.com/Codes/Details/182238002>
<http://purl.obolibrary.org/obo/UBERON_0001484>	"EMAPA:37621"
<http://purl.obolibrary.org/obo/UBERON_0001484>	"galen:JointCapsule"
<http://purl.obolibrary.org/obo/UBERON_0001484>	"MESH:D017746"
<http://purl.obolibrary.org/obo/UBERON_0001484>	<http://linkedlifedata.com/resource/umls/id/C0206207>
<http://purl.obolibrary.org/obo/UBERON_0001484>	"UMLS:C0206207"
<http://purl.obolibrary.org/obo/UBERON_0001484>	<http://en.wikipedia.org/wiki/Articular_capsule>
<http://purl.obolibrary.org/obo/UBERON_0001484>	"NCIT:C84388"
<http://purl.obolibrary.org/obo/UBERON_0001484>	"NCIT:C32259"
<http://purl.obolibrary.org/obo/UBERON_0001484>	"MA:0001519"
<http://purl.obolibrary.org/obo/UBERON_0001484>	"GAID:263"
<http://purl.obolibrary.org/obo/UBERON_0001484>	"SCTID:182238002"
<http://purl.obolibrary.org/obo/UBERON_0001484>	"Wikipedia:Articular_capsule"
<http://purl.obolibrary.org/obo/UBERON_0002302>	"MA:0000081"
<http://purl.obolibrary.org/obo/UBERON_0002302>	"ZFA:0001374"
<http://purl.obolibrary.org/obo/UBERON_0002302>	"EMAPA:32746"
<http://purl.obolibrary.org/obo/UBERON_0002302>	"EFO:0003087"
<http://purl.obolibrary.org/obo/UBERON_0002302>	"VHOG:0000602"
<http://purl.obolibrary.org/obo/UBERON_0002302>	"TAO:0001374"
<http://purl.obolibrary.org/obo/UBERON_0002302>	"FMA:83509"
<http://purl.obolibrary.org/obo/UBERON_0002302>	<http://www.snomedbrowser.com/Codes/Details/191910002>
<http://purl.obolibrary.org/obo/UBERON_0002302>	"SCTID:191910002"
<http://purl.obolibrary.org/obo/CL_0000540>	"BTO:0000938"
<http://purl.obolibrary.org/obo/CL_0000540>	"WBbt:0003679"
<http://purl.obolibrary.org/obo/CL_0000540>	"VHOG:0001483"
<http://purl.obolibrary.org/obo/CL_0000540>	"FBbt:00005106"
<http://purl.obolibrary.org/obo/CL_0000540>	"CALOHA:TS-0683"
<http://purl.obolibrary.org/obo/CL_0000540>	"FMA:54527"
<http://purl.obolibrary.org/obo/UBERON_0007271>	"TAO:0000207"
<http://purl.obolibrary.org/obo/UBERON_0007271>	"ZFA:0000207"
<http://purl.obolibrary.org/obo/UBERON_0003379>	"VHOG:0001227"
<http://purl.obolibrary.org/obo/UBERON_0003379>	"FMA:7282"
<http://purl.obolibrary.org/obo/UBERON_0003379>	"EHDAA2:0004155"
<http://purl.obolibrary.org/obo/UBERON_0003379>	<http://www.snomedbrowser.com/Codes/Details/362018002>
<http://purl.obolibrary.org/obo/UBERON_0003379>	"EMAPA:17326"
<http://purl.obolibrary.org/obo/UBERON_0003379>	"SCTID:362018002"
<http://purl.obolibrary.org/obo/UBERON_0005734>	<http://en.wikipedia.org/wiki/Tunica_externa_(vessels)>
<http://purl.obolibrary.org/obo/UBERON_0005734>	"EMAPA:36299"
<http://purl.obolibrary.org/obo/UBERON_0005734>	"NCIT:C33818"
<http://purl.obolibrary.org/obo/UBERON_0005734>	"UMLS:C0225342"
<http://purl.obolibrary.org/obo/UBERON_0005734>	<http://linkedlifedata.com/resource/umls/id/C0225342>
<http://purl.obolibrary.org/obo/UBERON_0005734>	"BTO:0002010"
<http://purl.obolibrary.org/obo/UBERON_0005734>	<http://www.snomedbrowser.com/Codes/Details/61066005>
<http://purl.obolibrary.org/obo/UBERON_0005734>	"SCTID:61066005"
<http://purl.obolibrary.org/obo/UBERON_0005734>	"Wikipedia:Tunica_externa_(vessels)"
<http://purl.obolibrary.org/obo/UBERON_0003489>	"MA:0001808"
<http://purl.obolibrary.org/obo/UBERON_0003489>	"EMAPA:37575"
<http://purl.obolibrary.org/obo/UBERON_0034710>	"EHDAA2:0001267"
<http://purl.obolibrary.org/obo/UBERON_0034710>	"EMAPA:17585"
<http://purl.obolibrary.org/obo/UBERON_0001778>	"UMLS:C0459736"
<http://purl.obolibrary.org/obo/UBERON_0001778>	"EMAPA:35239"
<http://purl.obolibrary.org/obo/UBERON_0001778>	"CALOHA:TS-0695"
<http://purl.obolibrary.org/obo/UBERON_0001778>	<http://en.wikipedia.org/wiki/Ciliary_body#Ciliary_epithelium>
<http://purl.obolibrary.org/obo/UBERON_0001778>	"NCIT:C32314"
<http://purl.obolibrary.org/obo/UBERON_0001778>	"BTO:0001770"
<http://purl.obolibrary.org/obo/UBERON_0001778>	"MA:0001238"
<http://purl.obolibrary.org/obo/UBERON_0001778>	<http://linkedlifedata.com/resource/umls/id/C0459736>
<http://purl.obolibrary.org/obo/UBERON_0001778>	"FMA:58464"
<http://purl.obolibrary.org/obo/UBERON_0001778>	<http://www.snomedbrowser.com/Codes/Details/280870004>
<http://purl.obolibrary.org/obo/UBERON_0001778>	"SCTID:280870004"
<http://purl.obolibrary.org/obo/UBERON_0001778>	"Wikipedia:Ciliary_body#Ciliary_epithelium"
<http://purl.obolibrary.org/obo/GO_0005938>	"Wikipedia:Cell_cortex"
<http://purl.obolibrary.org/obo/UBERON_0001041>	"EHDAA:520"
<http://purl.obolibrary.org/obo/UBERON_0001041>	"AAO:0011042"
<http://purl.obolibrary.org/obo/UBERON_0001041>	"UMLS:C0231051"
<http://purl.obolibrary.org/obo/UBERON_0001041>	"FMA:45616"
<http://purl.obolibrary.org/obo/UBERON_0001041>	"EHDAA2:0000557"
<http://purl.obolibrary.org/obo/UBERON_0001041>	"NCIT:C34180"
<http://purl.obolibrary.org/obo/UBERON_0001041>	"XAO:0000232"
<http://purl.obolibrary.org/obo/UBERON_0001041>	"MA:0001526"
<http://purl.obolibrary.org/obo/UBERON_0001041>	<http://en.wikipedia.org/wiki/Foregut>
<http://purl.obolibrary.org/obo/UBERON_0001041>	"BILA:0000085"
<http://purl.obolibrary.org/obo/UBERON_0001041>	"TGMA:0001014"
<http://purl.obolibrary.org/obo/UBERON_0001041>	"BTO:0000507"
<http://purl.obolibrary.org/obo/UBERON_0001041>	<http://linkedlifedata.com/resource/umls/id/C0231051>
<http://purl.obolibrary.org/obo/UBERON_0001041>	"FBbt:00005379"
<http://purl.obolibrary.org/obo/UBERON_0001041>	"VHOG:0000285"
<http://purl.obolibrary.org/obo/UBERON_0001041>	<http://www.snomedbrowser.com/Codes/Details/361409009>
<http://purl.obolibrary.org/obo/UBERON_0001041>	"EMAPA:16548"
<http://purl.obolibrary.org/obo/UBERON_0001041>	"SCTID:361409009"
<http://purl.obolibrary.org/obo/UBERON_0001041>	"Wikipedia:Foregut"
<http://purl.obolibrary.org/obo/CL_0000604>	"CALOHA:TS-0870"
<http://purl.obolibrary.org/obo/CL_0000604>	"FMA:67747"
<http://purl.obolibrary.org/obo/CL_0000604>	"BTO:0001024"
<http://purl.obolibrary.org/obo/UBERON_0004695>	"MA:0000704"
<http://purl.obolibrary.org/obo/UBERON_0004695>	"EMAPA:36503"
<http://purl.obolibrary.org/obo/UBERON_0008816>	"CALOHA:TS-0246"
<http://purl.obolibrary.org/obo/UBERON_0008816>	"FBbt:00000155"
<http://purl.obolibrary.org/obo/UBERON_0008816>	"FMA:293011"
<http://purl.obolibrary.org/obo/UBERON_0001074>	"FMA:11350"
<http://purl.obolibrary.org/obo/UBERON_0001074>	"BSA:0000091"
<http://purl.obolibrary.org/obo/UBERON_0001074>	"MA:0000053"
<http://purl.obolibrary.org/obo/UBERON_0001074>	"EHDAA2:0001434"
<http://purl.obolibrary.org/obo/UBERON_0001074>	"EMAPA:16132"
<http://purl.obolibrary.org/obo/UBERON_0001074>	"UMLS:C0225972"
<http://purl.obolibrary.org/obo/UBERON_0001074>	"NCIT:C38662"
<http://purl.obolibrary.org/obo/UBERON_0001074>	<http://linkedlifedata.com/resource/umls/id/C0225972>
<http://purl.obolibrary.org/obo/UBERON_0001074>	"EMAPA:16131"
<http://purl.obolibrary.org/obo/UBERON_0001074>	"TAO:0002220"
<http://purl.obolibrary.org/obo/UBERON_0001074>	<http://en.wikipedia.org/wiki/Pericardial_cavity>
<http://purl.obolibrary.org/obo/UBERON_0001074>	"VHOG:0000556"
<http://purl.obolibrary.org/obo/UBERON_0001074>	"ZFA:0001655"
<http://purl.obolibrary.org/obo/UBERON_0001074>	"galen:PericardialSpace"
<http://purl.obolibrary.org/obo/UBERON_0001074>	<http://www.snomedbrowser.com/Codes/Details/362027001>
<http://purl.obolibrary.org/obo/UBERON_0001074>	"Wikipedia:Pericardial_cavity"
<http://purl.obolibrary.org/obo/UBERON_0001074>	"SCTID:362027001"
<http://purl.obolibrary.org/obo/UBERON_0004492>	"FMA:226279"
<http://purl.obolibrary.org/obo/UBERON_0001616>	<http://linkedlifedata.com/resource/umls/id/C0024949>
<http://purl.obolibrary.org/obo/UBERON_0001616>	"MESH:D008438"
<http://purl.obolibrary.org/obo/UBERON_0001616>	"EMAPA:17311"
<http://purl.obolibrary.org/obo/UBERON_0001616>	"UMLS:C0024949"
<http://purl.obolibrary.org/obo/UBERON_0001616>	<http://en.wikipedia.org/wiki/Maxillary_artery>
<http://purl.obolibrary.org/obo/UBERON_0001616>	<http://www.snomedbrowser.com/Codes/Details/181326006>
<http://purl.obolibrary.org/obo/UBERON_0001616>	"GAID:498"
<http://purl.obolibrary.org/obo/UBERON_0001616>	"NCIT:C34205"
<http://purl.obolibrary.org/obo/UBERON_0001616>	"FMA:49675"
<http://purl.obolibrary.org/obo/UBERON_0001616>	"MA:0001919"
<http://purl.obolibrary.org/obo/UBERON_0001616>	"EHDAA2:0001069"
<http://purl.obolibrary.org/obo/UBERON_0001616>	"EHDAA:7357"
<http://purl.obolibrary.org/obo/UBERON_0001616>	"OpenCyc:Mx4rwDDJ45wpEbGdrcN5Y29ycA"
<http://purl.obolibrary.org/obo/UBERON_0001616>	"Wikipedia:Maxillary_artery"
<http://purl.obolibrary.org/obo/UBERON_0001616>	"SCTID:181326006"
<http://purl.obolibrary.org/obo/UBERON_0003830>	"MA:0000561"
<http://purl.obolibrary.org/obo/UBERON_0000923>	"UMLS:C1708239"
<http://purl.obolibrary.org/obo/UBERON_0000923>	"VHOG:0001223"
<http://purl.obolibrary.org/obo/UBERON_0000923>	"MESH:A16.254.425"
<http://purl.obolibrary.org/obo/UBERON_0000923>	"NCIT:C12950"
<http://purl.obolibrary.org/obo/UBERON_0000923>	<http://linkedlifedata.com/resource/umls/id/C0920502>
<http://purl.obolibrary.org/obo/UBERON_0000923>	"GAID:1303"
<http://purl.obolibrary.org/obo/UBERON_0000923>	<http://en.wikipedia.org/wiki/Germ_layer>
<http://purl.obolibrary.org/obo/UBERON_0000923>	"BTO:0000556"
<http://purl.obolibrary.org/obo/UBERON_0000923>	"FMA:69069"
<http://purl.obolibrary.org/obo/UBERON_0000923>	"UMLS:C0920502"
<http://purl.obolibrary.org/obo/UBERON_0000923>	"FBbt:00000110"
<http://purl.obolibrary.org/obo/UBERON_0000923>	"XAO:0003011"
<http://purl.obolibrary.org/obo/UBERON_0000923>	"EMAPA:36033"
<http://purl.obolibrary.org/obo/UBERON_0000923>	"AAO:0000480"
<http://purl.obolibrary.org/obo/UBERON_0000923>	"ZFA:0001122"
<http://purl.obolibrary.org/obo/UBERON_0000923>	"TAO:0001122"
<http://purl.obolibrary.org/obo/UBERON_0000923>	"NCIT:C54105"
<http://purl.obolibrary.org/obo/UBERON_0000923>	"BILA:0000035"
<http://purl.obolibrary.org/obo/UBERON_0000923>	<http://linkedlifedata.com/resource/umls/id/C1708239>
<http://purl.obolibrary.org/obo/UBERON_0000923>	"Wikipedia:Germ_layer"
<http://purl.obolibrary.org/obo/UBERON_0000923>	"MESH:D005855"
<http://purl.obolibrary.org/obo/UBERON_0004777>	"MA:0001822"
<http://purl.obolibrary.org/obo/UBERON_0004777>	"EMAPA:37578"
<http://purl.obolibrary.org/obo/CL_0000839>	"CALOHA:TS-2099"
<http://purl.obolibrary.org/obo/CL_0000839>	"FMA:70339"
<http://purl.obolibrary.org/obo/CL_0000839>	"BTO:0004730"
<http://purl.obolibrary.org/obo/UBERON_0002036>	"OpenCyc:Mx4rwAoze5wpEbGdrcN5Y29ycA"
<http://purl.obolibrary.org/obo/UBERON_0002036>	"galen:StriatedMuscle"
<http://purl.obolibrary.org/obo/UBERON_0002036>	<http://en.wikipedia.org/wiki/Striated_muscle>
<http://purl.obolibrary.org/obo/UBERON_0002036>	"UMLS:C1331262"
<http://purl.obolibrary.org/obo/UBERON_0002036>	"EHDAA2:0003140"
<http://purl.obolibrary.org/obo/UBERON_0002036>	"CALOHA:TS-2047"
<http://purl.obolibrary.org/obo/UBERON_0002036>	"AAO:0010762"
<http://purl.obolibrary.org/obo/UBERON_0002036>	"WBbt:0005779"
<http://purl.obolibrary.org/obo/UBERON_0002036>	"NCIT:C12436"
<http://purl.obolibrary.org/obo/UBERON_0002036>	"MA:0002438"
<http://purl.obolibrary.org/obo/UBERON_0002036>	<http://linkedlifedata.com/resource/umls/id/C1331262>
<http://purl.obolibrary.org/obo/UBERON_0002036>	"FMA:67905"
<http://purl.obolibrary.org/obo/UBERON_0002036>	"AEO:0000140"
<http://purl.obolibrary.org/obo/UBERON_0002036>	"EMAPA:36390"
<http://purl.obolibrary.org/obo/UBERON_0002036>	"Wikipedia:Striated_muscle"
<http://purl.obolibrary.org/obo/UBERON_0005720>	"VHOG:0001322"
<http://purl.obolibrary.org/obo/UBERON_0005720>	"EMAPA:18632"
<http://purl.obolibrary.org/obo/UBERON_0005720>	"EHDAA2:0000776"
<http://purl.obolibrary.org/obo/UBERON_0002112>	"FMA:72025"
<http://purl.obolibrary.org/obo/UBERON_0002112>	"MA:0001573"
<http://purl.obolibrary.org/obo/UBERON_0002112>	"EMAPA:35323"
<http://purl.obolibrary.org/obo/UBERON_0003838>	"MA:0000526"
<http://purl.obolibrary.org/obo/UBERON_0003838>	"EMAPA:37059"
<http://purl.obolibrary.org/obo/UBERON_0002090>	"VSAO:0000093"
<http://purl.obolibrary.org/obo/UBERON_0002090>	"ZFA:0000317"
<http://purl.obolibrary.org/obo/UBERON_0002090>	"MIAA:0000148"
<http://purl.obolibrary.org/obo/UBERON_0002090>	"XAO:0003073"
<http://purl.obolibrary.org/obo/UBERON_0002090>	"MA:0002986"
<http://purl.obolibrary.org/obo/UBERON_0002090>	"EMAPA:37721"
<http://purl.obolibrary.org/obo/UBERON_0002090>	"EFO:0000942"
<http://purl.obolibrary.org/obo/UBERON_0002090>	"TAO:0000317"
<http://purl.obolibrary.org/obo/UBERON_0002090>	"EMAPA:17214"
<http://purl.obolibrary.org/obo/UBERON_0002090>	"MAT:0000148"
<http://purl.obolibrary.org/obo/UBERON_0002090>	"VHOG:0000317"
<http://purl.obolibrary.org/obo/UBERON_0002090>	"EHDAA:5049"
<http://purl.obolibrary.org/obo/UBERON_0002090>	"FMA:71221"
<http://purl.obolibrary.org/obo/UBERON_0002090>	"EHDAA2:0000161"
<http://purl.obolibrary.org/obo/UBERON_0002090>	"AAO:0000034"
<http://purl.obolibrary.org/obo/CL_0000710>	"FMA:70557"
<http://purl.obolibrary.org/obo/CL_0000710>	"BTO:0004301"
<http://purl.obolibrary.org/obo/UBERON_0007280>	"TAO:0002233"
<http://purl.obolibrary.org/obo/UBERON_0007280>	"ZFA:0001724"
<http://purl.obolibrary.org/obo/UBERON_0006603>	"EFO:0003467"
<http://purl.obolibrary.org/obo/UBERON_0006603>	"AAO:0000476"
<http://purl.obolibrary.org/obo/UBERON_0006603>	"TAO:0001377"
<http://purl.obolibrary.org/obo/UBERON_0006603>	"ZFA:0001377"
<http://purl.obolibrary.org/obo/UBERON_0007390>	"ZFA:0000257"
<http://purl.obolibrary.org/obo/UBERON_0007390>	"TAO:0000257"
<http://purl.obolibrary.org/obo/UBERON_0005162>	"AAO:0011000"
<http://purl.obolibrary.org/obo/UBERON_0005162>	"CARO:0001000"
<http://purl.obolibrary.org/obo/UBERON_0005162>	"FMA:83115"
<http://purl.obolibrary.org/obo/UBERON_0005162>	"FBbt:00007060"
<http://purl.obolibrary.org/obo/UBERON_0005673>	"EHDAA2:0000961"
<http://purl.obolibrary.org/obo/UBERON_0003601>	"EMAPA:37251"
<http://purl.obolibrary.org/obo/UBERON_0003601>	"MA:0000586"
<http://purl.obolibrary.org/obo/UBERON_0003933>	"ZFA:0001458"
<http://purl.obolibrary.org/obo/UBERON_0003933>	"TAO:0001458"
<http://purl.obolibrary.org/obo/UBERON_0004883>	"EMAPA:32866"
<http://purl.obolibrary.org/obo/UBERON_0003711>	<http://en.wikipedia.org/wiki/Brachiocephalic_vein>
<http://purl.obolibrary.org/obo/UBERON_0003711>	"UMLS:C0006095"
<http://purl.obolibrary.org/obo/UBERON_0003711>	"EHDAA2:0000182"
<http://purl.obolibrary.org/obo/UBERON_0003711>	"OpenCyc:Mx4rvz3aUJwpEbGdrcN5Y29ycA"
<http://purl.obolibrary.org/obo/UBERON_0003711>	<http://www.snomedbrowser.com/Codes/Details/181371003>
<http://purl.obolibrary.org/obo/UBERON_0003711>	"galen:BrachiocephalicVein"
<http://purl.obolibrary.org/obo/UBERON_0003711>	"GAID:529"
<http://purl.obolibrary.org/obo/UBERON_0003711>	"EHDAA:9868"
<http://purl.obolibrary.org/obo/UBERON_0003711>	"MESH:D016121"
<http://purl.obolibrary.org/obo/UBERON_0003711>	<http://linkedlifedata.com/resource/umls/id/C0006095>
<http://purl.obolibrary.org/obo/UBERON_0003711>	"NCIT:C32816"
<http://purl.obolibrary.org/obo/UBERON_0003711>	"FMA:4723"
<http://purl.obolibrary.org/obo/UBERON_0003711>	"SCTID:181371003"
<http://purl.obolibrary.org/obo/UBERON_0003711>	"Wikipedia:Brachiocephalic_vein"
<http://purl.obolibrary.org/obo/UBERON_0006909>	"FMA:45677"
<http://purl.obolibrary.org/obo/UBERON_0006909>	"BTO:0000349"
<http://purl.obolibrary.org/obo/UBERON_0006909>	"EMAPA:32908"
<http://purl.obolibrary.org/obo/UBERON_0002201>	"ZFA:0005024"
<http://purl.obolibrary.org/obo/UBERON_0002201>	"TAO:0005024"
<http://purl.obolibrary.org/obo/UBERON_0002201>	"FMA:74712"
<http://purl.obolibrary.org/obo/UBERON_0003609>	"MA:0002859"
<http://purl.obolibrary.org/obo/UBERON_0001421>	"VSAO:0000305"
<http://purl.obolibrary.org/obo/UBERON_0001421>	"galen:ShoulderGirdle"
<http://purl.obolibrary.org/obo/UBERON_0001421>	<http://www.snomedbrowser.com/Codes/Details/229759004>
<http://purl.obolibrary.org/obo/UBERON_0001421>	"FMA:23217"
<http://purl.obolibrary.org/obo/UBERON_0001421>	"EMAPA:37856"
<http://purl.obolibrary.org/obo/UBERON_0001421>	"SCTID:229759004"
<http://purl.obolibrary.org/obo/UBERON_0007798>	"NCIT:C33854"
<http://purl.obolibrary.org/obo/UBERON_0007798>	"UMLS:C0489903"
<http://purl.obolibrary.org/obo/UBERON_0007798>	"BTO:0001085"
<http://purl.obolibrary.org/obo/UBERON_0007798>	"MA:0002718"
<http://purl.obolibrary.org/obo/UBERON_0007798>	"CALOHA:TS-2053"
<http://purl.obolibrary.org/obo/UBERON_0007798>	"EHDAA2:0004520"
<http://purl.obolibrary.org/obo/UBERON_0007798>	"EMAPA:35905"
<http://purl.obolibrary.org/obo/UBERON_0007798>	<http://linkedlifedata.com/resource/umls/id/C0489903>
<http://purl.obolibrary.org/obo/UBERON_0001005>	"FMA:265130"
<http://purl.obolibrary.org/obo/UBERON_0001005>	<http://en.wikipedia.org/wiki/Trachea>
<http://purl.obolibrary.org/obo/UBERON_0001005>	<http://www.snomedbrowser.com/Codes/Details/361380005>
<http://purl.obolibrary.org/obo/UBERON_0001005>	"Wikipedia:Trachea"
<http://purl.obolibrary.org/obo/UBERON_0001005>	"SCTID:361380005"
<http://purl.obolibrary.org/obo/UBERON_0010891>	"AAO:0010687"
<http://purl.obolibrary.org/obo/UBERON_0010891>	"FMA:9621"
<http://purl.obolibrary.org/obo/UBERON_0010891>	"MA:0000615"
<http://purl.obolibrary.org/obo/UBERON_0010891>	"EMAPA:32624"
<http://purl.obolibrary.org/obo/UBERON_0000915>	"MA:0000022"
<http://purl.obolibrary.org/obo/UBERON_0000915>	<http://en.wikipedia.org/wiki/Thorax>
<http://purl.obolibrary.org/obo/UBERON_0000915>	"FMA:259209"
<http://purl.obolibrary.org/obo/UBERON_0000915>	<http://www.snomedbrowser.com/Codes/Details/302551006>
<http://purl.obolibrary.org/obo/UBERON_0000915>	"EMAPA:35862"
<http://purl.obolibrary.org/obo/UBERON_0000915>	"SCTID:302551006"
<http://purl.obolibrary.org/obo/UBERON_0000915>	"Wikipedia:Thorax"
<http://purl.obolibrary.org/obo/UBERON_0007383>	"EFO:0003425"
<http://purl.obolibrary.org/obo/UBERON_0007383>	"ZFA:0000086"
<http://purl.obolibrary.org/obo/UBERON_0007383>	"TAO:0000086"
<http://purl.obolibrary.org/obo/UBERON_0036291>	"FMA:260877"
<http://purl.obolibrary.org/obo/UBERON_0034944>	"FMA:55268"
<http://purl.obolibrary.org/obo/UBERON_0006211>	<http://en.wikipedia.org/wiki/Buccopharyngeal_membrane>
<http://purl.obolibrary.org/obo/UBERON_0006211>	"EHDAA2:0000189"
<http://purl.obolibrary.org/obo/UBERON_0006211>	<http://www.snomedbrowser.com/Codes/Details/361412007>
<http://purl.obolibrary.org/obo/UBERON_0006211>	"FMA:313607"
<http://purl.obolibrary.org/obo/UBERON_0006211>	"EHDAA:536"
<http://purl.obolibrary.org/obo/UBERON_0006211>	"EMAPA:16259"
<http://purl.obolibrary.org/obo/UBERON_0006211>	"VHOG:0000380"
<http://purl.obolibrary.org/obo/UBERON_0006211>	"SCTID:361412007"
<http://purl.obolibrary.org/obo/UBERON_0006211>	"Wikipedia:Buccopharyngeal_membrane"
<http://purl.obolibrary.org/obo/CL_0000055>	"BTO:0000125"
<http://purl.obolibrary.org/obo/CL_0000055>	"FMA:84782"
<http://purl.obolibrary.org/obo/GO_0043025>	"NIF_Subcellular:sao1044911821"
<http://purl.obolibrary.org/obo/GO_0043025>	"Wikipedia:Soma_(biology)"
<http://purl.obolibrary.org/obo/UBERON_0002104>	<http://uri.neuinfo.org/nif/nifstd/FMAID_7191>
<http://purl.obolibrary.org/obo/UBERON_0002104>	<http://en.wikipedia.org/wiki/Visual_system>
<http://purl.obolibrary.org/obo/UBERON_0002104>	"BILA:0000140"
<http://purl.obolibrary.org/obo/UBERON_0002104>	"UMLS:C0587900"
<http://purl.obolibrary.org/obo/UBERON_0002104>	"TAO:0001127"
<http://purl.obolibrary.org/obo/UBERON_0002104>	"OpenCyc:Mx4rvViCtpwpEbGdrcN5Y29ycA"
<http://purl.obolibrary.org/obo/UBERON_0002104>	"NCIT:C12888"
<http://purl.obolibrary.org/obo/UBERON_0002104>	<http://www.snomedbrowser.com/Codes/Details/281831001>
<http://purl.obolibrary.org/obo/UBERON_0002104>	"MA:0002444"
<http://purl.obolibrary.org/obo/UBERON_0002104>	"FMA:7191"
<http://purl.obolibrary.org/obo/UBERON_0002104>	<http://linkedlifedata.com/resource/umls/id/C0587900>
<http://purl.obolibrary.org/obo/UBERON_0002104>	"ZFA:0001127"
<http://purl.obolibrary.org/obo/UBERON_0002104>	"AAO:0000632"
<http://purl.obolibrary.org/obo/UBERON_0002104>	"XAO:0003198"
<http://purl.obolibrary.org/obo/UBERON_0002104>	"EMAPA:36003"
<http://purl.obolibrary.org/obo/UBERON_0002104>	"http://uri.neuinfo.org/nif/nifstd/FMAID_7191"
<http://purl.obolibrary.org/obo/UBERON_0002104>	"SCTID:281831001"
<http://purl.obolibrary.org/obo/UBERON_0002104>	"Wikipedia:Visual_system"
<http://purl.obolibrary.org/obo/UBERON_0007771>	"FMA:59153"
<http://purl.obolibrary.org/obo/UBERON_0006984>	"UMLS:C1515977"
<http://purl.obolibrary.org/obo/UBERON_0006984>	"EHDAA2_RETIRED:0003192"
<http://purl.obolibrary.org/obo/UBERON_0006984>	"NCIT:C34022"
<http://purl.obolibrary.org/obo/UBERON_0006984>	"CARO:0001002"
<http://purl.obolibrary.org/obo/UBERON_0006984>	"BILA:0000010"
<http://purl.obolibrary.org/obo/UBERON_0006984>	"FMA:24137"
<http://purl.obolibrary.org/obo/UBERON_0006984>	<http://linkedlifedata.com/resource/umls/id/C1515977>
<http://purl.obolibrary.org/obo/UBERON_0036925>	"FMA:58098"
<http://purl.obolibrary.org/obo/UBERON_0001434>	"UMLS:C0037253"
<http://purl.obolibrary.org/obo/UBERON_0001434>	"FMA:23881"
<http://purl.obolibrary.org/obo/UBERON_0001434>	"EMAPA:35773"
<http://purl.obolibrary.org/obo/UBERON_0001434>	"TAO:0000434"
<http://purl.obolibrary.org/obo/UBERON_0001434>	<http://linkedlifedata.com/resource/umls/id/C0037253>
<http://purl.obolibrary.org/obo/UBERON_0001434>	"CALOHA:TS-1320"
<http://purl.obolibrary.org/obo/UBERON_0001434>	"XAO:0003060"
<http://purl.obolibrary.org/obo/UBERON_0001434>	"EHDAA2:0003168"
<http://purl.obolibrary.org/obo/UBERON_0001434>	"VHOG:0001254"
<http://purl.obolibrary.org/obo/UBERON_0001434>	"BTO:0001486"
<http://purl.obolibrary.org/obo/UBERON_0001434>	"AAO:0000566"
<http://purl.obolibrary.org/obo/UBERON_0001434>	"EFO:0000806"
<http://purl.obolibrary.org/obo/UBERON_0001434>	"VSAO:0000027"
<http://purl.obolibrary.org/obo/UBERON_0001434>	"MA:0000018"
<http://purl.obolibrary.org/obo/UBERON_0001434>	"ZFA:0000434"
<http://purl.obolibrary.org/obo/UBERON_0001434>	"OpenCyc:Mx4rvVi1rpwpEbGdrcN5Y29ycA"
<http://purl.obolibrary.org/obo/UBERON_0001434>	"NCIT:C12788"
<http://purl.obolibrary.org/obo/UBERON_0008196>	"EMAPA:17748"
<http://purl.obolibrary.org/obo/UBERON_0008196>	"FMA:37347"
<http://purl.obolibrary.org/obo/UBERON_0003429>	"MA:0000521"
<http://purl.obolibrary.org/obo/CL_0000526>	"FMA:87653"
<http://purl.obolibrary.org/obo/UBERON_0000488>	"BILA:0000071"
<http://purl.obolibrary.org/obo/UBERON_0000488>	"ZFA:0001493"
<http://purl.obolibrary.org/obo/UBERON_0000488>	"AEO:0000071"
<http://purl.obolibrary.org/obo/UBERON_0000488>	"CARO:0000071"
<http://purl.obolibrary.org/obo/UBERON_0000488>	"EHDAA2:0003071"
<http://purl.obolibrary.org/obo/UBERON_0000488>	"FMA:61741"
<http://purl.obolibrary.org/obo/UBERON_0000488>	"HAO:0000071"
<http://purl.obolibrary.org/obo/UBERON_0000488>	"XAO:0004004"
<http://purl.obolibrary.org/obo/UBERON_0000488>	"TAO:0001493"
<http://purl.obolibrary.org/obo/UBERON_0000488>	"AAO:0010057"
<http://purl.obolibrary.org/obo/UBERON_0005396>	"FMA:70504"
<http://purl.obolibrary.org/obo/UBERON_0005396>	"ZFA:0000097"
<http://purl.obolibrary.org/obo/UBERON_0005396>	"CALOHA:TS-0116"
<http://purl.obolibrary.org/obo/UBERON_0005396>	"MAT:0000501"
<http://purl.obolibrary.org/obo/UBERON_0005396>	"VHOG:0000266"
<http://purl.obolibrary.org/obo/UBERON_0005396>	<http://www.snomedbrowser.com/Codes/Details/69105007>
<http://purl.obolibrary.org/obo/UBERON_0005396>	"EMAPA:18609"
<http://purl.obolibrary.org/obo/UBERON_0005396>	"TAO:0000097"
<http://purl.obolibrary.org/obo/UBERON_0005396>	"UMLS:C0007272"
<http://purl.obolibrary.org/obo/UBERON_0005396>	"NCIT:C12687"
<http://purl.obolibrary.org/obo/UBERON_0005396>	"AAO:0010217"
<http://purl.obolibrary.org/obo/UBERON_0005396>	"BTO:0000168"
<http://purl.obolibrary.org/obo/UBERON_0005396>	"EV:0100379"
<http://purl.obolibrary.org/obo/UBERON_0005396>	"EHDAA:6385"
<http://purl.obolibrary.org/obo/UBERON_0005396>	"MESH:D002339"
<http://purl.obolibrary.org/obo/UBERON_0005396>	"EFO:0000818"
<http://purl.obolibrary.org/obo/UBERON_0005396>	"galen:CarotidArtery"
<http://purl.obolibrary.org/obo/UBERON_0005396>	<http://en.wikipedia.org/wiki/Carotid_artery>
<http://purl.obolibrary.org/obo/UBERON_0005396>	"MA:0001925"
<http://purl.obolibrary.org/obo/UBERON_0005396>	"OpenCyc:Mx4rvg7rcJwpEbGdrcN5Y29ycA"
<http://purl.obolibrary.org/obo/UBERON_0005396>	"GAID:478"
<http://purl.obolibrary.org/obo/UBERON_0005396>	<http://www.snomedbrowser.com/Codes/Details/362040006>
<http://purl.obolibrary.org/obo/UBERON_0005396>	<http://linkedlifedata.com/resource/umls/id/C0007272>
<http://purl.obolibrary.org/obo/UBERON_0005396>	"SCTID:362040006"
<http://purl.obolibrary.org/obo/UBERON_0005396>	"SCTID:69105007"
<http://purl.obolibrary.org/obo/UBERON_0005396>	"Wikipedia:Carotid_artery"
<http://purl.obolibrary.org/obo/UBERON_0009581>	"EHDAA2:0001172"
<http://purl.obolibrary.org/obo/UBERON_0009581>	"VHOG:0000910"
<http://purl.obolibrary.org/obo/UBERON_0009581>	"EMAPA:16977"
<http://purl.obolibrary.org/obo/UBERON_0013700>	"EHDAA2:0000159"
<http://purl.obolibrary.org/obo/UBERON_0013700>	"EMAPA:18166"
<http://purl.obolibrary.org/obo/UBERON_0010295>	"FMA:58365"
<http://purl.obolibrary.org/obo/UBERON_0010295>	<http://linkedlifedata.com/resource/umls/id/C1704397>
<http://purl.obolibrary.org/obo/UBERON_0010295>	<http://www.snomedbrowser.com/Codes/Details/368851004>
<http://purl.obolibrary.org/obo/UBERON_0010295>	"UMLS:C1704397"
<http://purl.obolibrary.org/obo/UBERON_0010295>	"NCIT:C33652"
<http://purl.obolibrary.org/obo/UBERON_0010295>	"SCTID:368851004"
<http://purl.obolibrary.org/obo/UBERON_0004479>	"AAO:0011572"
<http://purl.obolibrary.org/obo/UBERON_0004479>	"EFO:0003531"
<http://purl.obolibrary.org/obo/UBERON_0004479>	"FMA:50187"
<http://purl.obolibrary.org/obo/UBERON_0000107>	"BilaDO:0000006"
<http://purl.obolibrary.org/obo/UBERON_0000107>	"ZFS:0000046"
<http://purl.obolibrary.org/obo/UBERON_0000107>	"OGES:000020"
<http://purl.obolibrary.org/obo/UBERON_0000107>	"BILS:0000107"
<http://purl.obolibrary.org/obo/UBERON_0000107>	"XAO:1000004"
<http://purl.obolibrary.org/obo/UBERON_0000107>	<http://en.wikipedia.org/wiki/Cleavage_(embryo)>
<http://purl.obolibrary.org/obo/UBERON_0000107>	"OGES:000015"
<http://purl.obolibrary.org/obo/UBERON_0000107>	"PdumDv:0000200"
<http://purl.obolibrary.org/obo/UBERON_0000107>	"MmusDv:0000004"
<http://purl.obolibrary.org/obo/UBERON_0000107>	"EFO:0001290"
<http://purl.obolibrary.org/obo/UBERON_0000107>	"FBdv:00000054"
<http://purl.obolibrary.org/obo/UBERON_0000107>	"MESH:A16.254.270"
<http://purl.obolibrary.org/obo/UBERON_0000107>	"Wikipedia:Cleavage_(embryo)"
<http://purl.obolibrary.org/obo/UBERON_0000107>	"MESH:D002970"
<http://purl.obolibrary.org/obo/UBERON_0013694>	"BTO:0003248"
<http://purl.obolibrary.org/obo/UBERON_0013694>	"BTO:0001852"
<http://purl.obolibrary.org/obo/UBERON_0013694>	"CALOHA:TS-0092"
<http://purl.obolibrary.org/obo/UBERON_0012314>	<http://www.snomedbrowser.com/Codes/Details/89066004>
<http://purl.obolibrary.org/obo/UBERON_0012314>	"FMA:293103"
<http://purl.obolibrary.org/obo/UBERON_0012314>	"SCTID:89066004"
<http://purl.obolibrary.org/obo/UBERON_0002067>	"MESH:D020405"
<http://purl.obolibrary.org/obo/UBERON_0002067>	"EV:0100154"
<http://purl.obolibrary.org/obo/UBERON_0002067>	"ZFA:0001119"
<http://purl.obolibrary.org/obo/UBERON_0002067>	"TAO:0001119"
<http://purl.obolibrary.org/obo/UBERON_0002067>	"UMLS:C0011646"
<http://purl.obolibrary.org/obo/UBERON_0002067>	"MA:0000152"
<http://purl.obolibrary.org/obo/UBERON_0002067>	"BTO:0000294"
<http://purl.obolibrary.org/obo/UBERON_0002067>	"EFO:0000953"
<http://purl.obolibrary.org/obo/UBERON_0002067>	<http://www.snomedbrowser.com/Codes/Details/361696001>
<http://purl.obolibrary.org/obo/UBERON_0002067>	"GAID:1321"
<http://purl.obolibrary.org/obo/UBERON_0002067>	"AAO:0000128"
<http://purl.obolibrary.org/obo/UBERON_0002067>	"MIAA:0000153"
<http://purl.obolibrary.org/obo/UBERON_0002067>	<http://linkedlifedata.com/resource/umls/id/C0011646>
<http://purl.obolibrary.org/obo/UBERON_0002067>	"FMA:70323"
<http://purl.obolibrary.org/obo/UBERON_0002067>	"CALOHA:TS-2076"
<http://purl.obolibrary.org/obo/UBERON_0002067>	"NCIT:C12701"
<http://purl.obolibrary.org/obo/UBERON_0002067>	<http://en.wikipedia.org/wiki/Dermis>
<http://purl.obolibrary.org/obo/UBERON_0002067>	"VHOG:0000108"
<http://purl.obolibrary.org/obo/UBERON_0002067>	"EMAPA:17527"
<http://purl.obolibrary.org/obo/UBERON_0002067>	"MAT:0000153"
<http://purl.obolibrary.org/obo/UBERON_0002067>	"XAO:0000217"
<http://purl.obolibrary.org/obo/UBERON_0002067>	"SCTID:361696001"
<http://purl.obolibrary.org/obo/UBERON_0002067>	"Wikipedia:Dermis"
<http://purl.obolibrary.org/obo/UBERON_0000072>	"EMAPA:16737"
<http://purl.obolibrary.org/obo/UBERON_0000072>	"FMA:45660"
<http://purl.obolibrary.org/obo/UBERON_0000072>	"MA:0000434"
<http://purl.obolibrary.org/obo/CL_0002073>	"FMA:67142"
<http://purl.obolibrary.org/obo/UBERON_0003462>	"MA:0001482"
<http://purl.obolibrary.org/obo/UBERON_0003462>	"EMAPA:19019"
<http://purl.obolibrary.org/obo/UBERON_0003462>	"EMAPA:35924"
<http://purl.obolibrary.org/obo/UBERON_0003462>	"UMLS:C0015455"
<http://purl.obolibrary.org/obo/UBERON_0003462>	<http://linkedlifedata.com/resource/umls/id/C0015455>
<http://purl.obolibrary.org/obo/UBERON_0003462>	<http://www.snomedbrowser.com/Codes/Details/181799005>
<http://purl.obolibrary.org/obo/UBERON_0003462>	"NCIT:C63706"
<http://purl.obolibrary.org/obo/UBERON_0003462>	"MA:0003159"
<http://purl.obolibrary.org/obo/UBERON_0003462>	"SCTID:181799005"
<http://purl.obolibrary.org/obo/UBERON_0000355>	"BTO:0001047"
<http://purl.obolibrary.org/obo/UBERON_0000355>	"FMA:55031"
<http://purl.obolibrary.org/obo/UBERON_0000355>	"EMAPA:26957"
<http://purl.obolibrary.org/obo/UBERON_0000355>	<http://www.snomedbrowser.com/Codes/Details/362121003>
<http://purl.obolibrary.org/obo/UBERON_0000355>	"MA:0003143"
<http://purl.obolibrary.org/obo/UBERON_0000355>	"SCTID:362121003"
<http://purl.obolibrary.org/obo/UBERON_0003056>	"AAO:0011084"
<http://purl.obolibrary.org/obo/UBERON_0003056>	"TAO:0007016"
<http://purl.obolibrary.org/obo/UBERON_0003056>	"ZFA:0007016"
<http://purl.obolibrary.org/obo/UBERON_0003056>	"VHOG:0001200"
<http://purl.obolibrary.org/obo/UBERON_0003056>	"XAO:0000045"
<http://purl.obolibrary.org/obo/UBERON_0011234>	"FMA:40877"
<http://purl.obolibrary.org/obo/UBERON_0002040>	"GAID:477"
<http://purl.obolibrary.org/obo/UBERON_0002040>	"EMAPA:18608"
<http://purl.obolibrary.org/obo/UBERON_0002040>	"FMA:68109"
<http://purl.obolibrary.org/obo/UBERON_0002040>	<http://linkedlifedata.com/resource/umls/id/C0006257>
<http://purl.obolibrary.org/obo/UBERON_0002040>	<http://www.snomedbrowser.com/Codes/Details/244247009>
<http://purl.obolibrary.org/obo/UBERON_0002040>	"NCIT:C32230"
<http://purl.obolibrary.org/obo/UBERON_0002040>	"MA:0001923"
<http://purl.obolibrary.org/obo/UBERON_0002040>	<http://en.wikipedia.org/wiki/Bronchial_artery>
<http://purl.obolibrary.org/obo/UBERON_0002040>	"OpenCyc:Mx4r4sy0UiNbEd2AAAACs6hRXg"
<http://purl.obolibrary.org/obo/UBERON_0002040>	"MESH:D001981"
<http://purl.obolibrary.org/obo/UBERON_0002040>	"UMLS:C0006257"
<http://purl.obolibrary.org/obo/UBERON_0002040>	"Wikipedia:Bronchial_artery"
<http://purl.obolibrary.org/obo/UBERON_0002040>	"SCTID:244247009"
<http://purl.obolibrary.org/obo/UBERON_0000030>	<http://en.wikipedia.org/wiki/Lamina_propria>
<http://purl.obolibrary.org/obo/UBERON_0000030>	"UMLS:C1179187"
<http://purl.obolibrary.org/obo/UBERON_0000030>	<http://linkedlifedata.com/resource/umls/id/C1179187>
<http://purl.obolibrary.org/obo/UBERON_0000030>	"FMA:62517"
<http://purl.obolibrary.org/obo/UBERON_0000030>	"BTO:0002330"
<http://purl.obolibrary.org/obo/UBERON_0000030>	"NCIT:C32918"
<http://purl.obolibrary.org/obo/UBERON_0000030>	<http://www.snomedbrowser.com/Codes/Details/298225002>
<http://purl.obolibrary.org/obo/UBERON_0000030>	"Wikipedia:Lamina_propria"
<http://purl.obolibrary.org/obo/UBERON_0000030>	"SCTID:298225002"
<http://purl.obolibrary.org/obo/UBERON_0003102>	"TAO:0000292"
<http://purl.obolibrary.org/obo/UBERON_0003102>	"galen:SurfaceRegion"
<http://purl.obolibrary.org/obo/UBERON_0003102>	<http://en.wikipedia.org/wiki/Surface_structure>
<http://purl.obolibrary.org/obo/UBERON_0003102>	"VSAO:0000001"
<http://purl.obolibrary.org/obo/UBERON_0003102>	"EHDAA2_RETIRED:0003010"
<http://purl.obolibrary.org/obo/UBERON_0003102>	"XAO:0003028"
<http://purl.obolibrary.org/obo/UBERON_0003102>	"ZFA:0000292"
<http://purl.obolibrary.org/obo/UBERON_0003102>	"AAO:0010337"
<http://purl.obolibrary.org/obo/UBERON_0003102>	"AEO_RETIRED:0000010"
<http://purl.obolibrary.org/obo/UBERON_0003102>	"Wikipedia:Surface_structure"
<http://purl.obolibrary.org/obo/UBERON_0006677>	"FMA:70997"
<http://purl.obolibrary.org/obo/UBERON_0003365>	"MA:0003131"
<http://purl.obolibrary.org/obo/UBERON_0003365>	"EMAPA:17655"
<http://purl.obolibrary.org/obo/CL_0000151>	"FMA:86916"
<http://purl.obolibrary.org/obo/CL_0000151>	"BTO:0003659"
<http://purl.obolibrary.org/obo/GO_0016477>	"Wikipedia:Cell_migration"
<http://purl.obolibrary.org/obo/UBERON_0006003>	"EMAPA:37883"
<http://purl.obolibrary.org/obo/UBERON_0006003>	<http://en.wikipedia.org/wiki/Skin_appendage>
<http://purl.obolibrary.org/obo/UBERON_0006003>	"Wikipedia:Skin_appendage"
<http://purl.obolibrary.org/obo/UBERON_0013755>	"FMA:83066"
<http://purl.obolibrary.org/obo/UBERON_0012467>	"AEO:0000222"
<http://purl.obolibrary.org/obo/UBERON_0001032>	"FBbt:00007692"
<http://purl.obolibrary.org/obo/UBERON_0001032>	"MA:0002442"
<http://purl.obolibrary.org/obo/UBERON_0001032>	"FMA:75259"
<http://purl.obolibrary.org/obo/UBERON_0001032>	"VHOG:0001674"
<http://purl.obolibrary.org/obo/UBERON_0001032>	"ZFA:0000282"
<http://purl.obolibrary.org/obo/UBERON_0001032>	"TAO:0000282"
<http://purl.obolibrary.org/obo/UBERON_0001032>	<http://en.wikipedia.org/wiki/Sensory_system>
<http://purl.obolibrary.org/obo/UBERON_0001032>	"EHDAA2:0003094"
<http://purl.obolibrary.org/obo/UBERON_0001032>	"MAT:0000031"
<http://purl.obolibrary.org/obo/UBERON_0001032>	"EMAPA:16192"
<http://purl.obolibrary.org/obo/UBERON_0001032>	"XAO:0003194"
<http://purl.obolibrary.org/obo/UBERON_0001032>	"NLXANAT:090816"
<http://purl.obolibrary.org/obo/UBERON_0001032>	"EFO:0000805"
<http://purl.obolibrary.org/obo/UBERON_0001032>	"AAO:0000555"
<http://purl.obolibrary.org/obo/UBERON_0001032>	"BILA:0000099"
<http://purl.obolibrary.org/obo/UBERON_0001032>	"MIAA:0000031"
<http://purl.obolibrary.org/obo/UBERON_0001032>	"BAMS:SEN"
<http://purl.obolibrary.org/obo/UBERON_0001032>	"Wikipedia:Sensory_system"
<http://purl.obolibrary.org/obo/UBERON_0018254>	"EMAPA:35578"
<http://purl.obolibrary.org/obo/UBERON_0018254>	"MA:0000165"
<http://purl.obolibrary.org/obo/UBERON_0018254>	"EHDAA2:0001842"
<http://purl.obolibrary.org/obo/UBERON_0010522>	"ZFA:0005624"
<http://purl.obolibrary.org/obo/UBERON_0010522>	"XAO:0004016"
<http://purl.obolibrary.org/obo/UBERON_0010522>	"VSAO:0000135"
<http://purl.obolibrary.org/obo/CL_0001035>	"https://cellxgene.cziscience.com/cellguide/CL_0001035"
<http://purl.obolibrary.org/obo/UBERON_0004464>	"BTO:0000508"
<http://purl.obolibrary.org/obo/UBERON_0004464>	"EMAPA:37260"
<http://purl.obolibrary.org/obo/UBERON_0004464>	"FMA:71293"
<http://purl.obolibrary.org/obo/UBERON_0003825>	"EMAPA:37061"
<http://purl.obolibrary.org/obo/UBERON_0003825>	"MA:0000528"
<http://purl.obolibrary.org/obo/UBERON_0000390>	<http://www.snomedbrowser.com/Codes/Details/280628007>
<http://purl.obolibrary.org/obo/UBERON_0000390>	"BTO:0001633"
<http://purl.obolibrary.org/obo/UBERON_0000390>	"FMA:58971"
<http://purl.obolibrary.org/obo/UBERON_0000390>	"MESH:A09.371.509.670"
<http://purl.obolibrary.org/obo/UBERON_0000390>	"MESH:D007907"
<http://purl.obolibrary.org/obo/UBERON_0000390>	"SCTID:280628007"
<http://purl.obolibrary.org/obo/CL_0000365>	"BTO:0000854"
<http://purl.obolibrary.org/obo/CL_0000365>	"EHDAA2:0004546"
<http://purl.obolibrary.org/obo/CL_0000365>	"FMA:72395"
<http://purl.obolibrary.org/obo/UBERON_0002521>	<http://en.wikipedia.org/wiki/Elastic_fiber>
<http://purl.obolibrary.org/obo/UBERON_0002521>	"FMA:20113"
<http://purl.obolibrary.org/obo/UBERON_0002521>	"MA:0002853"
<http://purl.obolibrary.org/obo/UBERON_0002521>	<http://www.snomedbrowser.com/Codes/Details/27197004>
<http://purl.obolibrary.org/obo/UBERON_0002521>	"MESH:D004547"
<http://purl.obolibrary.org/obo/UBERON_0002521>	"NCIT:C32495"
<http://purl.obolibrary.org/obo/UBERON_0002521>	"GAID:926"
<http://purl.obolibrary.org/obo/UBERON_0002521>	"Wikipedia:Elastic_fiber"
<http://purl.obolibrary.org/obo/UBERON_0002521>	"SCTID:27197004"
<http://purl.obolibrary.org/obo/UBERON_0036290>	"FMA:87177"
<http://purl.obolibrary.org/obo/UBERON_0004367>	<http://linkedlifedata.com/resource/umls/id/C0011665>
<http://purl.obolibrary.org/obo/UBERON_0004367>	"NCIT:C32454"
<http://purl.obolibrary.org/obo/UBERON_0004367>	"MESH:D003886"
<http://purl.obolibrary.org/obo/UBERON_0004367>	<http://www.snomedbrowser.com/Codes/Details/281076002>
<http://purl.obolibrary.org/obo/UBERON_0004367>	"TAO:0002157"
<http://purl.obolibrary.org/obo/UBERON_0004367>	"UMLS:C0011665"
<http://purl.obolibrary.org/obo/UBERON_0004367>	"FMA:58309"
<http://purl.obolibrary.org/obo/UBERON_0004367>	"ZFA:0001686"
<http://purl.obolibrary.org/obo/UBERON_0004367>	<http://en.wikipedia.org/wiki/Descemet%27s_membrane>
<http://purl.obolibrary.org/obo/UBERON_0004367>	"GAID:894"
<http://purl.obolibrary.org/obo/UBERON_0004367>	"EMAPA:18804"
<http://purl.obolibrary.org/obo/UBERON_0004367>	"MA:0001246"
<http://purl.obolibrary.org/obo/UBERON_0004367>	"SCTID:281076002"
<http://purl.obolibrary.org/obo/UBERON_0004367>	"Wikipedia:Descemet%27s_membrane"
<http://purl.obolibrary.org/obo/UBERON_0007005>	"VHOG:0001641"
<http://purl.obolibrary.org/obo/UBERON_0007005>	<http://www.snomedbrowser.com/Codes/Details/360387000>
<http://purl.obolibrary.org/obo/UBERON_0007005>	"XAO:0000235"
<http://purl.obolibrary.org/obo/UBERON_0007005>	"EHDAA2:0000214"
<http://purl.obolibrary.org/obo/UBERON_0007005>	"EFO:0000315"
<http://purl.obolibrary.org/obo/UBERON_0007005>	"BILA:0000051"
<http://purl.obolibrary.org/obo/UBERON_0007005>	"FMA:293143"
<http://purl.obolibrary.org/obo/UBERON_0007005>	"EHDAA:385"
<http://purl.obolibrary.org/obo/UBERON_0007005>	"AAO:0011021"
<http://purl.obolibrary.org/obo/UBERON_0007005>	"SCTID:360387000"
<http://purl.obolibrary.org/obo/UBERON_0011820>	"EHDAA2:0004149"
<http://purl.obolibrary.org/obo/UBERON_0011820>	"FMA:85125"
<http://purl.obolibrary.org/obo/CL_0000081>	"FMA:62844"
<http://purl.obolibrary.org/obo/CL_0000081>	"MESH:D001773"
<http://purl.obolibrary.org/obo/UBERON_0001801>	"NCIT:C12668"
<http://purl.obolibrary.org/obo/UBERON_0001801>	"FMA:58865"
<http://purl.obolibrary.org/obo/UBERON_0001801>	"ZFA:0005566"
<http://purl.obolibrary.org/obo/UBERON_0001801>	<http://en.wikipedia.org/wiki/Anterior_segment_of_eyeball>
<http://purl.obolibrary.org/obo/UBERON_0001801>	"EMAPA:36594"
<http://purl.obolibrary.org/obo/UBERON_0001801>	"MA:0002484"
<http://purl.obolibrary.org/obo/UBERON_0001801>	"UMLS:C0003153"
<http://purl.obolibrary.org/obo/UBERON_0001801>	<http://www.snomedbrowser.com/Codes/Details/280658001>
<http://purl.obolibrary.org/obo/UBERON_0001801>	"MESH:D000869"
<http://purl.obolibrary.org/obo/UBERON_0001801>	<http://linkedlifedata.com/resource/umls/id/C0003153>
<http://purl.obolibrary.org/obo/UBERON_0001801>	"Wikipedia:Anterior_segment_of_eyeball"
<http://purl.obolibrary.org/obo/UBERON_0001801>	"SCTID:280658001"
<http://purl.obolibrary.org/obo/UBERON_0000307>	"OpenCyc:Mx4rEetFnKP2EdqAAAACs4vPlg"
<http://purl.obolibrary.org/obo/UBERON_0000307>	"MESH:A16.254.270.274"
<http://purl.obolibrary.org/obo/UBERON_0000307>	"OGEM:000006"
<http://purl.obolibrary.org/obo/UBERON_0000307>	<http://en.wikipedia.org/wiki/Blastula>
<http://purl.obolibrary.org/obo/UBERON_0000307>	"BILA:0000059"
<http://purl.obolibrary.org/obo/UBERON_0000307>	"GAID:1294"
<http://purl.obolibrary.org/obo/UBERON_0000307>	"BTO:0000128"
<http://purl.obolibrary.org/obo/UBERON_0000307>	"MESH:D036703"
<http://purl.obolibrary.org/obo/UBERON_0000307>	"Wikipedia:Blastula"
<http://purl.obolibrary.org/obo/UBERON_0002328>	<http://linkedlifedata.com/resource/umls/id/C0028439>
<http://purl.obolibrary.org/obo/UBERON_0002328>	"FMA:85521"
<http://purl.obolibrary.org/obo/UBERON_0002328>	<http://evolution.berkeley.edu/evolibrary/images/history/notochords.jpg>
<http://purl.obolibrary.org/obo/UBERON_0002328>	"EHDAA2:0001277"
<http://purl.obolibrary.org/obo/UBERON_0002328>	<http://www.snomedbrowser.com/Codes/Details/308820002>
<http://purl.obolibrary.org/obo/UBERON_0002328>	<http://en.wikipedia.org/wiki/Notochord>
<http://purl.obolibrary.org/obo/UBERON_0002328>	"EHDAA:6021"
<http://purl.obolibrary.org/obo/UBERON_0002328>	"MAT:0000281"
<http://purl.obolibrary.org/obo/UBERON_0002328>	"NCIT:C12463"
<http://purl.obolibrary.org/obo/UBERON_0002328>	"EV:0100002"
<http://purl.obolibrary.org/obo/UBERON_0002328>	"GAID:1311"
<http://purl.obolibrary.org/obo/UBERON_0002328>	"AAO:0000327"
<http://purl.obolibrary.org/obo/UBERON_0002328>	"XAO:0000055"
<http://purl.obolibrary.org/obo/UBERON_0002328>	"UMLS:C0028439"
<http://purl.obolibrary.org/obo/UBERON_0002328>	"MESH:A16.254.610"
<http://purl.obolibrary.org/obo/UBERON_0002328>	"CALOHA:TS-0690"
<http://purl.obolibrary.org/obo/UBERON_0002328>	"VSAO:0000032"
<http://purl.obolibrary.org/obo/UBERON_0002328>	"VHOG:0000199"
<http://purl.obolibrary.org/obo/UBERON_0002328>	"EHDAA:1241"
<http://purl.obolibrary.org/obo/UBERON_0002328>	"BTO:0001768"
<http://purl.obolibrary.org/obo/UBERON_0002328>	"TAO:0000135"
<http://purl.obolibrary.org/obo/UBERON_0002328>	"EMAPA:16191"
<http://purl.obolibrary.org/obo/UBERON_0002328>	"ZFA:0000135"
<http://purl.obolibrary.org/obo/UBERON_0002328>	"http://evolution.berkeley.edu/evolibrary/images/history/notochords.jpg"
<http://purl.obolibrary.org/obo/UBERON_0002328>	"MESH:D009672"
<http://purl.obolibrary.org/obo/UBERON_0002328>	"Wikipedia:Notochord"
<http://purl.obolibrary.org/obo/UBERON_0002328>	"SCTID:308820002"
<http://purl.obolibrary.org/obo/UBERON_0003426>	"MA:0000798"
<http://purl.obolibrary.org/obo/GO_0001957>	"Wikipedia:Intramembranous_ossification"
<http://purl.obolibrary.org/obo/UBERON_0006598>	"ZFA:0001116"
<http://purl.obolibrary.org/obo/UBERON_0006598>	"AAO:0000479"
<http://purl.obolibrary.org/obo/UBERON_0006598>	"TAO:0001116"
<http://purl.obolibrary.org/obo/UBERON_0005153>	"BTO:0001639"
<http://purl.obolibrary.org/obo/GO_0006810>	"Reactome:R-HSA-382551"
<http://purl.obolibrary.org/obo/UBERON_0016513>	"FMA:9465"
<http://purl.obolibrary.org/obo/UBERON_0016513>	"EMAPA:26011"
<http://purl.obolibrary.org/obo/UBERON_0010190>	"MA:0000476"
<http://purl.obolibrary.org/obo/UBERON_0010190>	"EHDAA2:0000410"
<http://purl.obolibrary.org/obo/UBERON_0010190>	"EMAPA:18606"
<http://purl.obolibrary.org/obo/UBERON_0035037>	"MA:0003220"
<http://purl.obolibrary.org/obo/UBERON_0035037>	"EMAPA:32904"
<http://purl.obolibrary.org/obo/UBERON_0003586>	"MA:0000513"
<http://purl.obolibrary.org/obo/UBERON_0003586>	"EMAPA:37252"
<http://purl.obolibrary.org/obo/UBERON_0005426>	"ZFA:0001679"
<http://purl.obolibrary.org/obo/UBERON_0005426>	"VHOG:0001163"
<http://purl.obolibrary.org/obo/UBERON_0005426>	"EMAPA:17163"
<http://purl.obolibrary.org/obo/UBERON_0005426>	"TAO:0002205"
<http://purl.obolibrary.org/obo/UBERON_0005426>	"EHDAA2:0000983"
<http://purl.obolibrary.org/obo/UBERON_0005426>	"EHDAA:4737"
<http://purl.obolibrary.org/obo/UBERON_0005426>	<http://www.snomedbrowser.com/Codes/Details/361510002>
<http://purl.obolibrary.org/obo/UBERON_0005426>	"SCTID:361510002"
<http://purl.obolibrary.org/obo/UBERON_0004234>	"MA:0001270"
<http://purl.obolibrary.org/obo/UBERON_0004234>	"BTO:0000655"
<http://purl.obolibrary.org/obo/UBERON_0004234>	"EMAPA:35448"
<http://purl.obolibrary.org/obo/UBERON_0004234>	"FMA:312338"
<http://purl.obolibrary.org/obo/UBERON_0003383>	"EHDAA2:0004158"
<http://purl.obolibrary.org/obo/UBERON_0003383>	"EMAPA:17335"
<http://purl.obolibrary.org/obo/UBERON_0003383>	"VHOG:0000999"
<http://purl.obolibrary.org/obo/UBERON_0003383>	"FMA:84084"
<http://purl.obolibrary.org/obo/UBERON_0013702>	"FMA:231424"
<http://purl.obolibrary.org/obo/UBERON_0013702>	"EMAPA:36031"
<http://purl.obolibrary.org/obo/UBERON_0013702>	"BTO:0001489"
<http://purl.obolibrary.org/obo/UBERON_0013702>	"AEO:0000103"
<http://purl.obolibrary.org/obo/UBERON_0004716>	"UMLS:C1516779"
<http://purl.obolibrary.org/obo/UBERON_0004716>	"EHDAA2:0003235"
<http://purl.obolibrary.org/obo/UBERON_0004716>	"NCIT:C34131"
<http://purl.obolibrary.org/obo/UBERON_0004716>	<http://en.wikipedia.org/wiki/Conceptus>
<http://purl.obolibrary.org/obo/UBERON_0004716>	"AEO:0000194"
<http://purl.obolibrary.org/obo/UBERON_0004716>	<http://linkedlifedata.com/resource/umls/id/C1516779>
<http://purl.obolibrary.org/obo/UBERON_0004716>	"BTO:0003834"
<http://purl.obolibrary.org/obo/UBERON_0004716>	"EMAPA:36040"
<http://purl.obolibrary.org/obo/UBERON_0004716>	"EHDAA2:0000001"
<http://purl.obolibrary.org/obo/UBERON_0004716>	"Wikipedia:Conceptus"
<http://purl.obolibrary.org/obo/UBERON_0004267>	"EMAPA:37256"
<http://purl.obolibrary.org/obo/UBERON_0004267>	"MA:0000495"
<http://purl.obolibrary.org/obo/UBERON_0000068>	"HsapDv:0000002"
<http://purl.obolibrary.org/obo/UBERON_0000068>	"WBls:0000092"
<http://purl.obolibrary.org/obo/UBERON_0000068>	"OGES:000022"
<http://purl.obolibrary.org/obo/UBERON_0000068>	<http://www.snomedbrowser.com/Codes/Details/296280003>
<http://purl.obolibrary.org/obo/UBERON_0000068>	"OGES:000000"
<http://purl.obolibrary.org/obo/UBERON_0000068>	"WBls:0000102"
<http://purl.obolibrary.org/obo/UBERON_0000068>	"WBls:0000003"
<http://purl.obolibrary.org/obo/UBERON_0000068>	"FBdv:00005289"
<http://purl.obolibrary.org/obo/UBERON_0000068>	"EV:0300001"
<http://purl.obolibrary.org/obo/UBERON_0000068>	"FMA:72652"
<http://purl.obolibrary.org/obo/UBERON_0000068>	"BilaDO:0000002"
<http://purl.obolibrary.org/obo/UBERON_0000068>	"XAO:1000012"
<http://purl.obolibrary.org/obo/UBERON_0000068>	"MmusDv:0000002"
<http://purl.obolibrary.org/obo/UBERON_0000068>	"SCTID:296280003"
<http://purl.obolibrary.org/obo/UBERON_0003412>	"EMAPA:16781"
<http://purl.obolibrary.org/obo/UBERON_0003412>	"TAO:0001386"
<http://purl.obolibrary.org/obo/UBERON_0003412>	"ZFA:0001386"
<http://purl.obolibrary.org/obo/UBERON_0003412>	"EHDAA2:0001035"
<http://purl.obolibrary.org/obo/UBERON_0005256>	"EFO:0003485"
<http://purl.obolibrary.org/obo/UBERON_0005256>	"ZFA:0000081"
<http://purl.obolibrary.org/obo/UBERON_0005256>	"VHOG:0000281"
<http://purl.obolibrary.org/obo/UBERON_0005256>	"EHDAA2:0002092"
<http://purl.obolibrary.org/obo/UBERON_0005256>	"EMAPA:16177"
<http://purl.obolibrary.org/obo/UBERON_0005256>	"TAO:0000081"
<http://purl.obolibrary.org/obo/UBERON_0005256>	"EHDAA:377"
<http://purl.obolibrary.org/obo/CL_0002240>	"FMA:84377"
<http://purl.obolibrary.org/obo/CL_0000192>	"BTO:0004576"
<http://purl.obolibrary.org/obo/CL_0000192>	"FMA:14072"
<http://purl.obolibrary.org/obo/CL_0000192>	"CALOHA:TS-2159"
<http://purl.obolibrary.org/obo/CL_0000192>	"https://cellxgene.cziscience.com/cellguide/CL_0000192"
<http://purl.obolibrary.org/obo/UBERON_0004857>	"EMAPA:37743"
<http://purl.obolibrary.org/obo/UBERON_0004857>	"MA:0002868"
<http://purl.obolibrary.org/obo/UBERON_0000479>	"WBbt:0005729"
<http://purl.obolibrary.org/obo/UBERON_0000479>	"VHOG:0001757"
<http://purl.obolibrary.org/obo/UBERON_0000479>	"galen:Tissue"
<http://purl.obolibrary.org/obo/UBERON_0000479>	"CARO:0000043"
<http://purl.obolibrary.org/obo/UBERON_0000479>	"EMAPA:35868"
<http://purl.obolibrary.org/obo/UBERON_0000479>	<http://linkedlifedata.com/resource/umls/id/C0040300>
<http://purl.obolibrary.org/obo/UBERON_0000479>	"EHDAA2:0003043"
<http://purl.obolibrary.org/obo/UBERON_0000479>	"AAO:0000607"
<http://purl.obolibrary.org/obo/UBERON_0000479>	"TGMA:0001844"
<http://purl.obolibrary.org/obo/UBERON_0000479>	"ZFA:0001477"
<http://purl.obolibrary.org/obo/UBERON_0000479>	"MESH:D014024"
<http://purl.obolibrary.org/obo/UBERON_0000479>	"FMA:9637"
<http://purl.obolibrary.org/obo/UBERON_0000479>	"FBbt:00007003"
<http://purl.obolibrary.org/obo/UBERON_0000479>	"BIRNLEX:19"
<http://purl.obolibrary.org/obo/UBERON_0000479>	"NCIT:C12801"
<http://purl.obolibrary.org/obo/UBERON_0000479>	"TAO:0001477"
<http://purl.obolibrary.org/obo/UBERON_0000479>	"UMLS:C0040300"
<http://purl.obolibrary.org/obo/UBERON_0000479>	"AEO:0000043"
<http://purl.obolibrary.org/obo/UBERON_0000479>	"CALOHA:TS-2090"
<http://purl.obolibrary.org/obo/UBERON_0000479>	"XAO:0003040"
<http://purl.obolibrary.org/obo/UBERON_0000479>	"HAO:0000043"
<http://purl.obolibrary.org/obo/UBERON_0000479>	"MA:0003002"
<http://purl.obolibrary.org/obo/UBERON_0000479>	"BILA:0000043"
<http://purl.obolibrary.org/obo/UBERON_0000479>	"AAO:0010054"
<http://purl.obolibrary.org/obo/UBERON_0001974>	<http://linkedlifedata.com/resource/umls/id/C1707949>
<http://purl.obolibrary.org/obo/UBERON_0001974>	"MA:0001568"
<http://purl.obolibrary.org/obo/UBERON_0001974>	"FMA:63050"
<http://purl.obolibrary.org/obo/UBERON_0001974>	"EMAPA:26987"
<http://purl.obolibrary.org/obo/UBERON_0001974>	"NCIT:C49223"
<http://purl.obolibrary.org/obo/UBERON_0001974>	"UMLS:C1707949"
<http://purl.obolibrary.org/obo/UBERON_0004087>	"OpenCyc:Mx4rkJQ4U6gEEdudWQACs5b6Bw"
<http://purl.obolibrary.org/obo/UBERON_0004087>	<http://linkedlifedata.com/resource/umls/id/C0042460>
<http://purl.obolibrary.org/obo/UBERON_0004087>	"AAO:0010215"
<http://purl.obolibrary.org/obo/UBERON_0004087>	<http://www.snomedbrowser.com/Codes/Details/244405007>
<http://purl.obolibrary.org/obo/UBERON_0004087>	"UMLS:C0042460"
<http://purl.obolibrary.org/obo/UBERON_0004087>	"MA:0000068"
<http://purl.obolibrary.org/obo/UBERON_0004087>	"FMA:321896"
<http://purl.obolibrary.org/obo/UBERON_0004087>	"BTO:0001438"
<http://purl.obolibrary.org/obo/UBERON_0004087>	"NCIT:C12817"
<http://purl.obolibrary.org/obo/UBERON_0004087>	"EMAPA:18415"
<http://purl.obolibrary.org/obo/UBERON_0004087>	"GAID:547"
<http://purl.obolibrary.org/obo/UBERON_0004087>	"MESH:D014684"
<http://purl.obolibrary.org/obo/UBERON_0004087>	<http://en.wikipedia.org/wiki/Venae_cavae>
<http://purl.obolibrary.org/obo/UBERON_0004087>	"SCTID:244405007"
<http://purl.obolibrary.org/obo/UBERON_0004087>	"Wikipedia:Venae_cavae"
<http://purl.obolibrary.org/obo/UBERON_0004700>	"NCIT:C49329"
<http://purl.obolibrary.org/obo/UBERON_0004700>	<http://linkedlifedata.com/resource/umls/id/C1706849>
<http://purl.obolibrary.org/obo/UBERON_0004700>	"EMAPA:35145"
<http://purl.obolibrary.org/obo/UBERON_0004700>	"UMLS:C1706849"
<http://purl.obolibrary.org/obo/UBERON_0004700>	"MA:0000703"
<http://purl.obolibrary.org/obo/UBERON_0006815>	"AAO:0000027"
<http://purl.obolibrary.org/obo/UBERON_0006815>	<http://www.snomedbrowser.com/Codes/Details/68477002>
<http://purl.obolibrary.org/obo/UBERON_0006815>	"FMA:63897"
<http://purl.obolibrary.org/obo/UBERON_0006815>	"SCTID:68477002"
<http://purl.obolibrary.org/obo/UBERON_0004708>	"VSAO:0000067"
<http://purl.obolibrary.org/obo/UBERON_0003089>	"EMAPA:31159"
<http://purl.obolibrary.org/obo/UBERON_0003089>	"ZFA:0001080"
<http://purl.obolibrary.org/obo/UBERON_0003089>	"AEO:0000212"
<http://purl.obolibrary.org/obo/UBERON_0003089>	"AAO:0010571"
<http://purl.obolibrary.org/obo/UBERON_0003089>	"VHOG:0000680"
<http://purl.obolibrary.org/obo/UBERON_0003089>	<http://en.wikipedia.org/wiki/Sclerotome>
<http://purl.obolibrary.org/obo/UBERON_0003089>	"EHDAA2:0003439"
<http://purl.obolibrary.org/obo/UBERON_0003089>	<http://linkedlifedata.com/resource/umls/id/C0183176>
<http://purl.obolibrary.org/obo/UBERON_0003089>	"UMLS:C0183176"
<http://purl.obolibrary.org/obo/UBERON_0003089>	"TAO:0001080"
<http://purl.obolibrary.org/obo/UBERON_0003089>	"NCIT:C34287"
<http://purl.obolibrary.org/obo/UBERON_0003089>	"XAO:0000397"
<http://purl.obolibrary.org/obo/UBERON_0003089>	"FMA:295652"
<http://purl.obolibrary.org/obo/UBERON_0003089>	"Wikipedia:Sclerotome"
<http://purl.obolibrary.org/obo/UBERON_0003314>	"EHDAA2:0000485"
<http://purl.obolibrary.org/obo/UBERON_0003314>	"VHOG:0001084"
<http://purl.obolibrary.org/obo/UBERON_0003314>	"EMAPA:16673"
<http://purl.obolibrary.org/obo/UBERON_0003314>	"EHDAA:2910"
<http://purl.obolibrary.org/obo/GO_0022414>	"Wikipedia:Reproduction"
<http://purl.obolibrary.org/obo/UBERON_0013757>	"NCIT:C32212"
<http://purl.obolibrary.org/obo/UBERON_0013757>	"FMA:263901"
<http://purl.obolibrary.org/obo/UBERON_0003932>	"TAO:0001461"
<http://purl.obolibrary.org/obo/UBERON_0003932>	"ZFA:0001461"
<http://purl.obolibrary.org/obo/UBERON_0003932>	"EFO:0003690"
<http://purl.obolibrary.org/obo/UBERON_0004142>	"XAO:0004141"
<http://purl.obolibrary.org/obo/UBERON_0005090>	"FMA:30316"
<http://purl.obolibrary.org/obo/UBERON_0005090>	"EMAPA:32715"
<http://purl.obolibrary.org/obo/UBERON_0005090>	"FBbt:00005073"
<http://purl.obolibrary.org/obo/UBERON_0001134>	"NCIT:C13050"
<http://purl.obolibrary.org/obo/UBERON_0001134>	"MA:0002439"
<http://purl.obolibrary.org/obo/UBERON_0001134>	"EMAPA:32716"
<http://purl.obolibrary.org/obo/UBERON_0001134>	<http://linkedlifedata.com/resource/umls/id/C0242692>
<http://purl.obolibrary.org/obo/UBERON_0001134>	"FMA:14069"
<http://purl.obolibrary.org/obo/UBERON_0001134>	<http://en.wikipedia.org/wiki/Skeletal_striated_muscle>
<http://purl.obolibrary.org/obo/UBERON_0001134>	"UMLS:C0242692"
<http://purl.obolibrary.org/obo/UBERON_0001134>	<http://www.snomedbrowser.com/Codes/Details/426215008>
<http://purl.obolibrary.org/obo/UBERON_0001134>	"Wikipedia:Skeletal_striated_muscle"
<http://purl.obolibrary.org/obo/UBERON_0001134>	"SCTID:426215008"
<http://purl.obolibrary.org/obo/UBERON_0004491>	"FMA:84083"
<http://purl.obolibrary.org/obo/UBERON_0002165>	<http://www.snomedbrowser.com/Codes/Details/362013006>
<http://purl.obolibrary.org/obo/UBERON_0002165>	"OpenCyc:Mx4rsWA75K1cEduAAADggVaqvw"
<http://purl.obolibrary.org/obo/UBERON_0002165>	"FMA:7280"
<http://purl.obolibrary.org/obo/UBERON_0002165>	"AAO:0010408"
<http://purl.obolibrary.org/obo/UBERON_0002165>	"TAO:0001320"
<http://purl.obolibrary.org/obo/UBERON_0002165>	"EMAPA:17868"
<http://purl.obolibrary.org/obo/UBERON_0002165>	"CALOHA:TS-2075"
<http://purl.obolibrary.org/obo/UBERON_0002165>	"XAO:0000066"
<http://purl.obolibrary.org/obo/UBERON_0002165>	"galen:Endocardium"
<http://purl.obolibrary.org/obo/UBERON_0002165>	"EHDAA2:0004153"
<http://purl.obolibrary.org/obo/UBERON_0002165>	<http://linkedlifedata.com/resource/umls/id/C0014124>
<http://purl.obolibrary.org/obo/UBERON_0002165>	"EFO:0000821"
<http://purl.obolibrary.org/obo/UBERON_0002165>	"EV:0100021"
<http://purl.obolibrary.org/obo/UBERON_0002165>	"MESH:D004699"
<http://purl.obolibrary.org/obo/UBERON_0002165>	"MA:0000076"
<http://purl.obolibrary.org/obo/UBERON_0002165>	"MAT:0000455"
<http://purl.obolibrary.org/obo/UBERON_0002165>	"BTO:0000387"
<http://purl.obolibrary.org/obo/UBERON_0002165>	"NCIT:C13004"
<http://purl.obolibrary.org/obo/UBERON_0002165>	<http://en.wikipedia.org/wiki/Endocardium>
<http://purl.obolibrary.org/obo/UBERON_0002165>	"ZFA:0001320"
<http://purl.obolibrary.org/obo/UBERON_0002165>	"EMAPA:32686"
<http://purl.obolibrary.org/obo/UBERON_0002165>	"UMLS:C0014124"
<http://purl.obolibrary.org/obo/UBERON_0002165>	"VHOG:0000084"
<http://purl.obolibrary.org/obo/UBERON_0002165>	"GAID:550"
<http://purl.obolibrary.org/obo/UBERON_0002165>	"Wikipedia:Endocardium"
<http://purl.obolibrary.org/obo/UBERON_0002165>	"SCTID:362013006"
<http://purl.obolibrary.org/obo/CL_0000031>	"BTO:0000930"
<http://purl.obolibrary.org/obo/CL_0000031>	"FMA:70563"
<http://purl.obolibrary.org/obo/CL_0002319>	"CALOHA:TS-2040"
<http://purl.obolibrary.org/obo/CL_0002319>	"FMA:70333"
<http://purl.obolibrary.org/obo/UBERON_0002072>	"NCIT:C33645"
<http://purl.obolibrary.org/obo/UBERON_0002072>	"BTO:0001314"
<http://purl.obolibrary.org/obo/UBERON_0002072>	<http://linkedlifedata.com/resource/umls/id/C0278403>
<http://purl.obolibrary.org/obo/UBERON_0002072>	"EMAPA:37505"
<http://purl.obolibrary.org/obo/UBERON_0002072>	"FMA:70544"
<http://purl.obolibrary.org/obo/UBERON_0002072>	"ZFA:0001136"
<http://purl.obolibrary.org/obo/UBERON_0002072>	<http://en.wikipedia.org/wiki/Hypodermis>
<http://purl.obolibrary.org/obo/UBERON_0002072>	"TAO:0001136"
<http://purl.obolibrary.org/obo/UBERON_0002072>	"UMLS:C0278403"
<http://purl.obolibrary.org/obo/UBERON_0002072>	"CALOHA:TS-2366"
<http://purl.obolibrary.org/obo/UBERON_0002072>	"Wikipedia:Hypodermis"
<http://purl.obolibrary.org/obo/UBERON_0003134>	"MA:0000544"
<http://purl.obolibrary.org/obo/UBERON_0003134>	"EMAPA:28540"
<http://purl.obolibrary.org/obo/GO_0001841>	"Wikipedia:Neurulation"
<http://purl.obolibrary.org/obo/UBERON_0011156>	"EHDAA2:0002206"
<http://purl.obolibrary.org/obo/UBERON_0011156>	"FMA:53673"
<http://purl.obolibrary.org/obo/UBERON_0011156>	"EHDAA:8361"
<http://purl.obolibrary.org/obo/UBERON_0011156>	<http://en.wikipedia.org/wiki/Facial_skeleton>
<http://purl.obolibrary.org/obo/UBERON_0011156>	"EMAPA:18022"
<http://purl.obolibrary.org/obo/UBERON_0011156>	"MA:0000318"
<http://purl.obolibrary.org/obo/UBERON_0011156>	"Wikipedia:Facial_skeleton"
<http://purl.obolibrary.org/obo/UBERON_0011822>	<http://en.wikipedia.org/wiki/Dense_irregular_connective_tissue>
<http://purl.obolibrary.org/obo/UBERON_0011822>	<http://linkedlifedata.com/resource/umls/id/C0738366>
<http://purl.obolibrary.org/obo/UBERON_0011822>	"NCIT:C32882"
<http://purl.obolibrary.org/obo/UBERON_0011822>	"FMA:20109"
<http://purl.obolibrary.org/obo/UBERON_0011822>	"UMLS:C0738366"
<http://purl.obolibrary.org/obo/UBERON_0011822>	"Wikipedia:Dense_irregular_connective_tissue"
<http://purl.obolibrary.org/obo/UBERON_0000464>	<http://linkedlifedata.com/resource/umls/id/C0524461>
<http://purl.obolibrary.org/obo/UBERON_0000464>	"CARO:0000005"
<http://purl.obolibrary.org/obo/UBERON_0000464>	"NCIT:C94478"
<http://purl.obolibrary.org/obo/UBERON_0000464>	"TGMA:0001825"
<http://purl.obolibrary.org/obo/UBERON_0000464>	"HAO:0000005"
<http://purl.obolibrary.org/obo/UBERON_0000464>	"VHOG:0001728"
<http://purl.obolibrary.org/obo/UBERON_0000464>	"FMA:5897"
<http://purl.obolibrary.org/obo/UBERON_0000464>	"AEO:0000005"
<http://purl.obolibrary.org/obo/UBERON_0000464>	"EHDAA2:0003005"
<http://purl.obolibrary.org/obo/UBERON_0000464>	"TAO:0001668"
<http://purl.obolibrary.org/obo/UBERON_0000464>	"BILA:0000005"
<http://purl.obolibrary.org/obo/UBERON_0000464>	"XAO:0003190"
<http://purl.obolibrary.org/obo/UBERON_0000464>	"AAO:0010110"
<http://purl.obolibrary.org/obo/UBERON_0000464>	"ZFA:0001643"
<http://purl.obolibrary.org/obo/UBERON_0000464>	"UMLS:C0524461"
<http://purl.obolibrary.org/obo/UBERON_0000464>	"FBbt:00007017"
<http://purl.obolibrary.org/obo/UBERON_0004924>	"FMA:75144"
<http://purl.obolibrary.org/obo/UBERON_0004924>	"BTO:0002113"
<http://purl.obolibrary.org/obo/UBERON_0004924>	<http://www.snomedbrowser.com/Codes/Details/19594009>
<http://purl.obolibrary.org/obo/UBERON_0004924>	"SCTID:19594009"
<http://purl.obolibrary.org/obo/UBERON_0004755>	<http://www.snomedbrowser.com/Codes/Details/309311006>
<http://purl.obolibrary.org/obo/UBERON_0004755>	"XAO:0004038"
<http://purl.obolibrary.org/obo/UBERON_0004755>	"VSAO:0000015"
<http://purl.obolibrary.org/obo/UBERON_0004755>	"ZFA:0005619"
<http://purl.obolibrary.org/obo/UBERON_0004755>	"MA:0003047"
<http://purl.obolibrary.org/obo/UBERON_0004755>	"EMAPA:37744"
<http://purl.obolibrary.org/obo/UBERON_0004755>	"SCTID:309311006"
<http://purl.obolibrary.org/obo/UBERON_0001916>	"UMLS:C1179024"
<http://purl.obolibrary.org/obo/UBERON_0001916>	"EMAPA:36286"
<http://purl.obolibrary.org/obo/UBERON_0001916>	<http://linkedlifedata.com/resource/umls/id/C1179024>
<http://purl.obolibrary.org/obo/UBERON_0001916>	"MA:0000705"
<http://purl.obolibrary.org/obo/UBERON_0001916>	"FMA:62115"
<http://purl.obolibrary.org/obo/UBERON_0001916>	"NCIT:C49192"
<http://purl.obolibrary.org/obo/UBERON_0015128>	"FMA:83105"
<http://purl.obolibrary.org/obo/UBERON_0001731>	"FMA:54935"
<http://purl.obolibrary.org/obo/UBERON_0001731>	<http://www.snomedbrowser.com/Codes/Details/180543003>
<http://purl.obolibrary.org/obo/UBERON_0001731>	"EMAPA:18381"
<http://purl.obolibrary.org/obo/UBERON_0001731>	"BTO:0002097"
<http://purl.obolibrary.org/obo/UBERON_0001731>	"BSA:0000113"
<http://purl.obolibrary.org/obo/UBERON_0001731>	"XAO:0000105"
<http://purl.obolibrary.org/obo/UBERON_0001731>	"AAO:0010435"
<http://purl.obolibrary.org/obo/UBERON_0001731>	"SCTID:180543003"
<http://purl.obolibrary.org/obo/UBERON_0000487>	"ZFA:0001498"
<http://purl.obolibrary.org/obo/UBERON_0000487>	"TAO:0001498"
<http://purl.obolibrary.org/obo/UBERON_0000487>	<http://linkedlifedata.com/resource/umls/id/C0836133>
<http://purl.obolibrary.org/obo/UBERON_0000487>	"AAO:0010066"
<http://purl.obolibrary.org/obo/UBERON_0000487>	"UMLS:C0836133"
<http://purl.obolibrary.org/obo/UBERON_0000487>	"HAO:0000070"
<http://purl.obolibrary.org/obo/UBERON_0000487>	"EHDAA2:0003070"
<http://purl.obolibrary.org/obo/UBERON_0000487>	"AEO:0000070"
<http://purl.obolibrary.org/obo/UBERON_0000487>	<http://en.wikipedia.org/wiki/Simple_squamous_epithelium>
<http://purl.obolibrary.org/obo/UBERON_0000487>	"CARO:0000070"
<http://purl.obolibrary.org/obo/UBERON_0000487>	"BTO:0002073"
<http://purl.obolibrary.org/obo/UBERON_0000487>	"BILA:0000070"
<http://purl.obolibrary.org/obo/UBERON_0000487>	"FMA:45565"
<http://purl.obolibrary.org/obo/UBERON_0000487>	"NCIT:C13178"
<http://purl.obolibrary.org/obo/UBERON_0000487>	"XAO:0004010"
<http://purl.obolibrary.org/obo/UBERON_0000487>	"Wikipedia:Simple_squamous_epithelium"
<http://purl.obolibrary.org/obo/CL_0002139>	"FMA:67755"
<http://purl.obolibrary.org/obo/CL_0002139>	"CALOHA:TS-1106"
<http://purl.obolibrary.org/obo/CL_0002139>	"BTO:0001854"
<http://purl.obolibrary.org/obo/CL_0002139>	"https://cellxgene.cziscience.com/cellguide/CL_0002139"
<http://purl.obolibrary.org/obo/UBERON_0011585>	"XAO:0004021"
<http://purl.obolibrary.org/obo/UBERON_0011585>	"VSAO:0000006"
<http://purl.obolibrary.org/obo/UBERON_0002190>	"FMA:74315"
<http://purl.obolibrary.org/obo/UBERON_0002190>	"MA:0000473"
<http://purl.obolibrary.org/obo/UBERON_0002190>	"EMAPA:35829"
<http://purl.obolibrary.org/obo/UBERON_0002190>	"BTO:0004042"
<http://purl.obolibrary.org/obo/UBERON_0009615>	"ZFA:0007044"
<http://purl.obolibrary.org/obo/UBERON_0009615>	"TAO:0007044"
<http://purl.obolibrary.org/obo/UBERON_0011892>	"EMAPA:37417"
<http://purl.obolibrary.org/obo/UBERON_0011892>	<http://www.snomedbrowser.com/Codes/Details/280656002>
<http://purl.obolibrary.org/obo/UBERON_0011892>	"SCTID:280656002"
<http://purl.obolibrary.org/obo/UBERON_0005082>	"AEO:0000078"
<http://purl.obolibrary.org/obo/UBERON_0005082>	"EHDAA2:0004618"
<http://purl.obolibrary.org/obo/UBERON_0005082>	"RETIRED_EHDAA2:0003078"
<http://purl.obolibrary.org/obo/UBERON_0016880>	"AAO:0000477"
<http://purl.obolibrary.org/obo/UBERON_0036268>	<http://www.snomedbrowser.com/Codes/Details/13152008>
<http://purl.obolibrary.org/obo/UBERON_0010890>	"EMAPA:32634"
<http://purl.obolibrary.org/obo/UBERON_0010890>	"AAO:0000218"
<http://purl.obolibrary.org/obo/UBERON_0010890>	"FMA:9622"
<http://purl.obolibrary.org/obo/UBERON_0010890>	"MA:0000663"
<http://purl.obolibrary.org/obo/UBERON_0010337>	"EHDAA2:0004604"
<http://purl.obolibrary.org/obo/UBERON_0000062>	"WBbt:0003760"
<http://purl.obolibrary.org/obo/UBERON_0000062>	"OpenCyc:Mx4rwP3iWpwpEbGdrcN5Y29ycA"
<http://purl.obolibrary.org/obo/UBERON_0000062>	<http://en.wikipedia.org/wiki/Organ_(anatomy)>
<http://purl.obolibrary.org/obo/UBERON_0000062>	"MA:0003001"
<http://purl.obolibrary.org/obo/UBERON_0000062>	"CARO:0020004"
<http://purl.obolibrary.org/obo/UBERON_0000062>	"OpenCyc:Mx4rv5XMb5wpEbGdrcN5Y29ycA"
<http://purl.obolibrary.org/obo/UBERON_0000062>	"EFO:0000634"
<http://purl.obolibrary.org/obo/UBERON_0000062>	"ENVO:01000162"
<http://purl.obolibrary.org/obo/UBERON_0000062>	"EMAPA:35949"
<http://purl.obolibrary.org/obo/UBERON_0000062>	"BIRNLEX:4"
<http://purl.obolibrary.org/obo/UBERON_0000062>	"NCIT:C13018"
<http://purl.obolibrary.org/obo/UBERON_0000062>	<http://linkedlifedata.com/resource/umls/id/C0178784>
<http://purl.obolibrary.org/obo/UBERON_0000062>	<http://www.snomedbrowser.com/Codes/Details/272625005>
<http://purl.obolibrary.org/obo/UBERON_0000062>	"FMA:67498"
<http://purl.obolibrary.org/obo/UBERON_0000062>	"UMLS:C0178784"
<http://purl.obolibrary.org/obo/UBERON_0000062>	"SCTID:272625005"
<http://purl.obolibrary.org/obo/UBERON_0000062>	"Wikipedia:Organ_(anatomy)"
<http://purl.obolibrary.org/obo/CL_0000037>	"CALOHA:TS-0448"
<http://purl.obolibrary.org/obo/CL_0000037>	"VHOG:0001485"
<http://purl.obolibrary.org/obo/CL_0000037>	"BTO:0000725"
<http://purl.obolibrary.org/obo/CL_0000037>	"FMA:86475"
<http://purl.obolibrary.org/obo/CL_0000037>	"FMA:70337"
<http://purl.obolibrary.org/obo/CL_0000037>	"MESH:D006412"
<http://purl.obolibrary.org/obo/UBERON_0007213>	"TAO:0000787"
<http://purl.obolibrary.org/obo/UBERON_0007213>	"EFO:0003572"
<http://purl.obolibrary.org/obo/UBERON_0007213>	"ZFA:0000787"
<http://purl.obolibrary.org/obo/UBERON_0007213>	"EMAPA:16169"
<http://purl.obolibrary.org/obo/UBERON_0007213>	"EMAPA:16271"
<http://purl.obolibrary.org/obo/UBERON_0007213>	"EMAPA_RETIRED:16271"
<http://purl.obolibrary.org/obo/UBERON_0007213>	"EHDAA2:0000735"
<http://purl.obolibrary.org/obo/UBERON_0005250>	"VHOG:0000658"
<http://purl.obolibrary.org/obo/UBERON_0010042>	"EMAPA:16128"
<http://purl.obolibrary.org/obo/UBERON_0002081>	"MA:0000073"
<http://purl.obolibrary.org/obo/UBERON_0002081>	<http://en.wikipedia.org/wiki/Heart_atrium>
<http://purl.obolibrary.org/obo/UBERON_0002081>	"GAID:555"
<http://purl.obolibrary.org/obo/UBERON_0002081>	<http://linkedlifedata.com/resource/umls/id/C0018792>
<http://purl.obolibrary.org/obo/UBERON_0002081>	"EHDAA2:0000154"
<http://purl.obolibrary.org/obo/UBERON_0002081>	"VHOG:0000175"
<http://purl.obolibrary.org/obo/UBERON_0002081>	"MESH:D006325"
<http://purl.obolibrary.org/obo/UBERON_0002081>	"TAO:0000471"
<http://purl.obolibrary.org/obo/UBERON_0002081>	"EV:0100019"
<http://purl.obolibrary.org/obo/UBERON_0002081>	"UMLS:C0018792"
<http://purl.obolibrary.org/obo/UBERON_0002081>	<http://www.snomedbrowser.com/Codes/Details/261405004>
<http://purl.obolibrary.org/obo/UBERON_0002081>	"MAT:0000496"
<http://purl.obolibrary.org/obo/UBERON_0002081>	"AAO:0010246"
<http://purl.obolibrary.org/obo/UBERON_0002081>	"ZFA:0000471"
<http://purl.obolibrary.org/obo/UBERON_0002081>	"EFO:0000277"
<http://purl.obolibrary.org/obo/UBERON_0002081>	"FMA:7099"
<http://purl.obolibrary.org/obo/UBERON_0002081>	"galen:Atrium"
<http://purl.obolibrary.org/obo/UBERON_0002081>	"EMAPA:16688"
<http://purl.obolibrary.org/obo/UBERON_0002081>	"BTO:0000903"
<http://purl.obolibrary.org/obo/UBERON_0002081>	"EHDAA:1265"
<http://purl.obolibrary.org/obo/UBERON_0002081>	"NCIT:C12728"
<http://purl.obolibrary.org/obo/UBERON_0002081>	"CALOHA:TS-0437"
<http://purl.obolibrary.org/obo/UBERON_0002081>	"Wikipedia:Heart_atrium"
<http://purl.obolibrary.org/obo/UBERON_0002081>	"SCTID:261405004"
<http://purl.obolibrary.org/obo/UBERON_0000095>	"XAO:0004190"
<http://purl.obolibrary.org/obo/UBERON_0000095>	"ZFA:0001648"
<http://purl.obolibrary.org/obo/UBERON_0000095>	<http://en.wikipedia.org/wiki/Cardiac_neural_crest>
<http://purl.obolibrary.org/obo/UBERON_0000095>	"TAO:0002173"
<http://purl.obolibrary.org/obo/UBERON_0000095>	"Wikipedia:Cardiac_neural_crest"
<http://purl.obolibrary.org/obo/UBERON_0003909>	<http://www.snomedbrowser.com/Codes/Details/340163004>
<http://purl.obolibrary.org/obo/UBERON_0003909>	<http://en.wikipedia.org/wiki/Sinusoid_(blood_vessel)>
<http://purl.obolibrary.org/obo/UBERON_0003909>	"ZFA:0005261"
<http://purl.obolibrary.org/obo/UBERON_0003909>	"FMA:63131"
<http://purl.obolibrary.org/obo/UBERON_0003909>	"TAO:0005261"
<http://purl.obolibrary.org/obo/UBERON_0003909>	"Wikipedia:Sinusoid_(blood_vessel)"
<http://purl.obolibrary.org/obo/UBERON_0003909>	"SCTID:340163004"
<http://purl.obolibrary.org/obo/UBERON_0004851>	"EFO:0002597"
<http://purl.obolibrary.org/obo/UBERON_0004851>	"BTO:0000394"
<http://purl.obolibrary.org/obo/UBERON_0004851>	<http://linkedlifedata.com/resource/umls/id/C1706824>
<http://purl.obolibrary.org/obo/UBERON_0004851>	"MA:0000701"
<http://purl.obolibrary.org/obo/UBERON_0004851>	"NCIT:C49190"
<http://purl.obolibrary.org/obo/UBERON_0004851>	"CALOHA:TS-0047"
<http://purl.obolibrary.org/obo/UBERON_0004851>	"UMLS:C1706824"
<http://purl.obolibrary.org/obo/UBERON_0004851>	"EMAPA:35134"
<http://purl.obolibrary.org/obo/UBERON_0010428>	"NCIT:C32616"
<http://purl.obolibrary.org/obo/UBERON_0010428>	<http://www.snomedbrowser.com/Codes/Details/332907008>
<http://purl.obolibrary.org/obo/UBERON_0010428>	"galen:FlatBone"
<http://purl.obolibrary.org/obo/UBERON_0010428>	"FMA:7476"
<http://purl.obolibrary.org/obo/UBERON_0010428>	<http://linkedlifedata.com/resource/umls/id/C0222649>
<http://purl.obolibrary.org/obo/UBERON_0010428>	"UMLS:C0222649"
<http://purl.obolibrary.org/obo/UBERON_0010428>	<http://en.wikipedia.org/wiki/Flat_bone>
<http://purl.obolibrary.org/obo/UBERON_0010428>	"Wikipedia:Flat_bone"
<http://purl.obolibrary.org/obo/UBERON_0010428>	"SCTID:332907008"
<http://purl.obolibrary.org/obo/UBERON_0001083>	"MA:0000082"
<http://purl.obolibrary.org/obo/UBERON_0001083>	"VHOG:0000604"
<http://purl.obolibrary.org/obo/UBERON_0001083>	"ZFA:0005061"
<http://purl.obolibrary.org/obo/UBERON_0001083>	<http://www.snomedbrowser.com/Codes/Details/192084000>
<http://purl.obolibrary.org/obo/UBERON_0001083>	"FMA:12151"
<http://purl.obolibrary.org/obo/UBERON_0001083>	"TAO:0005061"
<http://purl.obolibrary.org/obo/UBERON_0001083>	"EMAPA:32748"
<http://purl.obolibrary.org/obo/UBERON_0001083>	"EFO:0003088"
<http://purl.obolibrary.org/obo/UBERON_0001083>	"SCTID:192084000"
<http://purl.obolibrary.org/obo/UBERON_0004859>	"MA:0000267"
<http://purl.obolibrary.org/obo/UBERON_0004859>	"EMAPA:35334"
<http://purl.obolibrary.org/obo/UBERON_0001976>	"UMLS:C1179544"
<http://purl.obolibrary.org/obo/UBERON_0001976>	"CALOHA:TS-0698"
<http://purl.obolibrary.org/obo/UBERON_0001976>	"BTO:0001578"
<http://purl.obolibrary.org/obo/UBERON_0001976>	"EMAPA:16835"
<http://purl.obolibrary.org/obo/UBERON_0001976>	"FMA:63063"
<http://purl.obolibrary.org/obo/UBERON_0001976>	"EHDAA2:0001287"
<http://purl.obolibrary.org/obo/UBERON_0001976>	"TAO:0001499"
<http://purl.obolibrary.org/obo/UBERON_0001976>	"EFO:0003041"
<http://purl.obolibrary.org/obo/UBERON_0001976>	"MA:0001565"
<http://purl.obolibrary.org/obo/UBERON_0001976>	"ZFA:0001499"
<http://purl.obolibrary.org/obo/UBERON_0001976>	<http://linkedlifedata.com/resource/umls/id/C1179544>
<http://purl.obolibrary.org/obo/UBERON_0001976>	"NCIT:C49221"
<http://purl.obolibrary.org/obo/UBERON_0001772>	<http://en.wikipedia.org/wiki/Corneal_epithelium>
<http://purl.obolibrary.org/obo/UBERON_0001772>	"EFO:0001917"
<http://purl.obolibrary.org/obo/UBERON_0001772>	"FMA:58263"
<http://purl.obolibrary.org/obo/UBERON_0001772>	<http://www.snomedbrowser.com/Codes/Details/368825001>
<http://purl.obolibrary.org/obo/UBERON_0001772>	"ZFA:0001683"
<http://purl.obolibrary.org/obo/UBERON_0001772>	"TAO:0002187"
<http://purl.obolibrary.org/obo/UBERON_0001772>	"UMLS:C0459875"
<http://purl.obolibrary.org/obo/UBERON_0001772>	"MESH:D019573"
<http://purl.obolibrary.org/obo/UBERON_0001772>	"GAID:895"
<http://purl.obolibrary.org/obo/UBERON_0001772>	"EMAPA:17162"
<http://purl.obolibrary.org/obo/UBERON_0001772>	<http://linkedlifedata.com/resource/umls/id/C0459875>
<http://purl.obolibrary.org/obo/UBERON_0001772>	"BTO:0000287"
<http://purl.obolibrary.org/obo/UBERON_0001772>	"NCIT:C12928"
<http://purl.obolibrary.org/obo/UBERON_0001772>	"MA:0001243"
<http://purl.obolibrary.org/obo/UBERON_0001772>	"CALOHA:TS-0173"
<http://purl.obolibrary.org/obo/UBERON_0001772>	"EHDAA2:0000319"
<http://purl.obolibrary.org/obo/UBERON_0001772>	"SCTID:368825001"
<http://purl.obolibrary.org/obo/UBERON_0001772>	"Wikipedia:Corneal_epithelium"
<http://purl.obolibrary.org/obo/UBERON_0014903>	"TAO:0005076"
<http://purl.obolibrary.org/obo/UBERON_0014903>	"ZFA:0005076"
<http://purl.obolibrary.org/obo/UBERON_0014903>	"EFO:0003708"
<http://purl.obolibrary.org/obo/UBERON_0005863>	"XAO:0004022"
<http://purl.obolibrary.org/obo/UBERON_0005863>	"EHDAA2_RETIRED:0003147"
<http://purl.obolibrary.org/obo/UBERON_0005863>	"VSAO:0000092"
<http://purl.obolibrary.org/obo/UBERON_0005863>	"AEO:0000147"
<http://purl.obolibrary.org/obo/UBERON_0005863>	"EMAPA:32731"
<http://purl.obolibrary.org/obo/UBERON_0012466>	"VHOG:0000767"
<http://purl.obolibrary.org/obo/UBERON_0012466>	"EMAPA:16054"
<http://purl.obolibrary.org/obo/UBERON_0012466>	"EHDAA2:0000472"
<http://purl.obolibrary.org/obo/UBERON_0003444>	"EMAPA:37269"
<http://purl.obolibrary.org/obo/UBERON_0003444>	"MA:0000542"
<http://purl.obolibrary.org/obo/UBERON_0003824>	"MESH:D013900"
<http://purl.obolibrary.org/obo/UBERON_0003824>	"EMAPA:37265"
<http://purl.obolibrary.org/obo/UBERON_0003824>	<http://www.snomedbrowser.com/Codes/Details/359876006>
<http://purl.obolibrary.org/obo/UBERON_0003824>	"MA:0000562"
<http://purl.obolibrary.org/obo/UBERON_0003824>	"SCTID:359876006"
<http://purl.obolibrary.org/obo/UBERON_0005291>	"CALOHA:TS-2100"
<http://purl.obolibrary.org/obo/UBERON_0004802>	"EMAPA:32827"
<http://purl.obolibrary.org/obo/UBERON_0004802>	"BTO:0000419"
<http://purl.obolibrary.org/obo/UBERON_0004802>	<http://www.snomedbrowser.com/Codes/Details/321764001>
<http://purl.obolibrary.org/obo/UBERON_0004802>	"CALOHA:TS-0023"
<http://purl.obolibrary.org/obo/UBERON_0004802>	"MA:0001480"
<http://purl.obolibrary.org/obo/UBERON_0004802>	"VHOG:0000981"
<http://purl.obolibrary.org/obo/UBERON_0004802>	"SCTID:321764001"
<http://purl.obolibrary.org/obo/UBERON_0006218>	"RETIRED_EHDAA2:0000268"
<http://purl.obolibrary.org/obo/UBERON_0006218>	"EMAPA:16342"
<http://purl.obolibrary.org/obo/UBERON_0006218>	"EHDAA:1267"
<http://purl.obolibrary.org/obo/CL_0002494>	"FMA:83808"
<http://purl.obolibrary.org/obo/CL_0002494>	"BTO:0001539"
<http://purl.obolibrary.org/obo/CL_0002494>	"CALOHA:TS-0115"
<http://purl.obolibrary.org/obo/CL_0002494>	"FMA:84791"
<http://purl.obolibrary.org/obo/UBERON_0002012>	"XAO:0004162"
<http://purl.obolibrary.org/obo/UBERON_0002012>	"EMAPA:17008"
<http://purl.obolibrary.org/obo/UBERON_0002012>	"EHDAA2:0001575"
<http://purl.obolibrary.org/obo/UBERON_0002012>	"FMA:66326"
<http://purl.obolibrary.org/obo/UBERON_0002012>	"OpenCyc:Mx4rvVjbIpwpEbGdrcN5Y29ycA"
<http://purl.obolibrary.org/obo/UBERON_0002012>	<http://en.wikipedia.org/wiki/Pulmonary_artery>
<http://purl.obolibrary.org/obo/UBERON_0002012>	"UMLS:C0034052"
<http://purl.obolibrary.org/obo/UBERON_0002012>	"MA:0002031"
<http://purl.obolibrary.org/obo/UBERON_0002012>	"VHOG:0000982"
<http://purl.obolibrary.org/obo/UBERON_0002012>	"GAID:505"
<http://purl.obolibrary.org/obo/UBERON_0002012>	"AAO:0010221"
<http://purl.obolibrary.org/obo/UBERON_0002012>	<http://linkedlifedata.com/resource/umls/id/C0034052>
<http://purl.obolibrary.org/obo/UBERON_0002012>	"EFO:0001399"
<http://purl.obolibrary.org/obo/UBERON_0002012>	"MESH:D011651"
<http://purl.obolibrary.org/obo/UBERON_0002012>	"EHDAA:4351"
<http://purl.obolibrary.org/obo/UBERON_0002012>	"NCIT:C12774"
<http://purl.obolibrary.org/obo/UBERON_0002012>	"BTO:0000778"
<http://purl.obolibrary.org/obo/UBERON_0002012>	"galen:PulmonaryArtery"
<http://purl.obolibrary.org/obo/UBERON_0002012>	<http://www.snomedbrowser.com/Codes/Details/181380003>
<http://purl.obolibrary.org/obo/UBERON_0002012>	"CALOHA:TS-0839"
<http://purl.obolibrary.org/obo/UBERON_0002012>	"Wikipedia:Pulmonary_artery"
<http://purl.obolibrary.org/obo/UBERON_0002012>	"SCTID:181380003"
<http://purl.obolibrary.org/obo/UBERON_0003610>	"MA:0002858"
<http://purl.obolibrary.org/obo/UBERON_0000026>	"EFO:0000799"
<http://purl.obolibrary.org/obo/UBERON_0000026>	"BTO:0001492"
<http://purl.obolibrary.org/obo/UBERON_0000026>	"VSAO:0000075"
<http://purl.obolibrary.org/obo/UBERON_0000026>	"FBbt:00007000"
<http://purl.obolibrary.org/obo/UBERON_0000026>	"EHDAA2:0003193"
<http://purl.obolibrary.org/obo/UBERON_0000026>	<http://linkedlifedata.com/resource/umls/id/C0598782>
<http://purl.obolibrary.org/obo/UBERON_0000026>	"OpenCyc:Mx4rvViC-JwpEbGdrcN5Y29ycA"
<http://purl.obolibrary.org/obo/UBERON_0000026>	"EMAPA:37283"
<http://purl.obolibrary.org/obo/UBERON_0000026>	"UMLS:C0598782"
<http://purl.obolibrary.org/obo/UBERON_0000026>	"NCIT:C61460"
<http://purl.obolibrary.org/obo/UBERON_0000026>	"MESH:D005121"
<http://purl.obolibrary.org/obo/UBERON_0000026>	"XAO:0000218"
<http://purl.obolibrary.org/obo/UBERON_0000026>	"EV:0100155"
<http://purl.obolibrary.org/obo/UBERON_0000026>	"MIAA:0000023"
<http://purl.obolibrary.org/obo/UBERON_0000026>	"HAO:0000144"
<http://purl.obolibrary.org/obo/UBERON_0000026>	"AEO:0000193"
<http://purl.obolibrary.org/obo/UBERON_0000026>	"BILA:0000018"
<http://purl.obolibrary.org/obo/UBERON_0000026>	"MAT:0000023"
<http://purl.obolibrary.org/obo/UBERON_0000026>	"CARO:0010003"
<http://purl.obolibrary.org/obo/UBERON_0000026>	<http://en.wikipedia.org/wiki/Appendage>
<http://purl.obolibrary.org/obo/UBERON_0000026>	"Wikipedia:Appendage"
<http://purl.obolibrary.org/obo/CL_0002078>	"FMA:69076"
<http://purl.obolibrary.org/obo/UBERON_0000179>	"CARO:0000081"
<http://purl.obolibrary.org/obo/UBERON_0003076>	"TAO:0007037"
<http://purl.obolibrary.org/obo/UBERON_0003076>	"AAO:0011082"
<http://purl.obolibrary.org/obo/UBERON_0003076>	"XAO:0000250"
<http://purl.obolibrary.org/obo/UBERON_0003076>	"ZFA:0007037"
<http://purl.obolibrary.org/obo/UBERON_0003076>	"VHOG:0001383"
<http://purl.obolibrary.org/obo/UBERON_0003855>	"EMAPA:17385"
<http://purl.obolibrary.org/obo/UBERON_0003855>	"EMAPA:16858"
<http://purl.obolibrary.org/obo/UBERON_0003855>	"EHDAA:5012"
<http://purl.obolibrary.org/obo/UBERON_0003855>	"VHOG:0001090"
<http://purl.obolibrary.org/obo/UBERON_0000930>	"TGMA:0000135"
<http://purl.obolibrary.org/obo/UBERON_0000930>	"TAO:0001290"
<http://purl.obolibrary.org/obo/UBERON_0000930>	"FBbt:00000439"
<http://purl.obolibrary.org/obo/UBERON_0000930>	"FMA:295846"
<http://purl.obolibrary.org/obo/UBERON_0000930>	"ZFA:0001290"
<http://purl.obolibrary.org/obo/UBERON_0000930>	<http://en.wikipedia.org/wiki/Stomodeum>
<http://purl.obolibrary.org/obo/UBERON_0000930>	"NCIT:C34306"
<http://purl.obolibrary.org/obo/UBERON_0000930>	"EHDAA2:0001929"
<http://purl.obolibrary.org/obo/UBERON_0000930>	"EMAPA:16263"
<http://purl.obolibrary.org/obo/UBERON_0000930>	<http://linkedlifedata.com/resource/umls/id/C1514977>
<http://purl.obolibrary.org/obo/UBERON_0000930>	"UMLS:C1514977"
<http://purl.obolibrary.org/obo/UBERON_0000930>	"XAO:0000269"
<http://purl.obolibrary.org/obo/UBERON_0000930>	"BTO:0004224"
<http://purl.obolibrary.org/obo/UBERON_0000930>	"Wikipedia:Stomodeum"
<http://purl.obolibrary.org/obo/UBERON_0005194>	<http://linkedlifedata.com/resource/umls/id/C0226629>
<http://purl.obolibrary.org/obo/UBERON_0005194>	<http://www.snomedbrowser.com/Codes/Details/281472008>
<http://purl.obolibrary.org/obo/UBERON_0005194>	"EMAPA:37197"
<http://purl.obolibrary.org/obo/UBERON_0005194>	"MA:0002235"
<http://purl.obolibrary.org/obo/UBERON_0005194>	"UMLS:C0226629"
<http://purl.obolibrary.org/obo/UBERON_0005194>	"NCIT:C53142"
<http://purl.obolibrary.org/obo/UBERON_0005194>	"SCTID:281472008"
<http://purl.obolibrary.org/obo/UBERON_0013232>	"FMA:86279"
<http://purl.obolibrary.org/obo/UBERON_0007302>	"ZFA:0005096"
<http://purl.obolibrary.org/obo/UBERON_0007302>	"TAO:0005096"
<http://purl.obolibrary.org/obo/UBERON_0002359>	<http://www.snomedbrowser.com/Codes/Details/243953008>
<http://purl.obolibrary.org/obo/UBERON_0002359>	<http://en.wikipedia.org/wiki/Fibrous_pericardium>
<http://purl.obolibrary.org/obo/UBERON_0002359>	"MA:0002738"
<http://purl.obolibrary.org/obo/UBERON_0002359>	"EMAPA:19029"
<http://purl.obolibrary.org/obo/UBERON_0002359>	"FMA:9586"
<http://purl.obolibrary.org/obo/UBERON_0002359>	"SCTID:243953008"
<http://purl.obolibrary.org/obo/UBERON_0002359>	"Wikipedia:Fibrous_pericardium"
<http://purl.obolibrary.org/obo/GO_0012506>	"NIF_Subcellular:sao1153182838"
<http://purl.obolibrary.org/obo/UBERON_0007282>	"EFO:0003421"
<http://purl.obolibrary.org/obo/UBERON_0007282>	"ZFA:0000053"
<http://purl.obolibrary.org/obo/UBERON_0007282>	"TAO:0000053"
<http://purl.obolibrary.org/obo/UBERON_0018674>	"FMA:73747"
<http://purl.obolibrary.org/obo/UBERON_0018674>	"ZFA:0005811"
<http://purl.obolibrary.org/obo/UBERON_0002469>	"BTO:0002859"
<http://purl.obolibrary.org/obo/UBERON_0002469>	"NCIT:C32538"
<http://purl.obolibrary.org/obo/UBERON_0002469>	"UMLS:C0227176"
<http://purl.obolibrary.org/obo/UBERON_0002469>	<http://www.snomedbrowser.com/Codes/Details/362127004>
<http://purl.obolibrary.org/obo/UBERON_0002469>	<http://linkedlifedata.com/resource/umls/id/C0227176>
<http://purl.obolibrary.org/obo/UBERON_0002469>	"MA:0002680"
<http://purl.obolibrary.org/obo/UBERON_0002469>	"FMA:62996"
<http://purl.obolibrary.org/obo/UBERON_0002469>	"EMAPA:26981"
<http://purl.obolibrary.org/obo/UBERON_0002469>	"SCTID:362127004"
<http://purl.obolibrary.org/obo/UBERON_0003297>	"EMAPA:17758"
<http://purl.obolibrary.org/obo/UBERON_0003297>	"VHOG:0000654"
<http://purl.obolibrary.org/obo/UBERON_0003297>	"EHDAA2:0000837"
<http://purl.obolibrary.org/obo/UBERON_0003297>	"EHDAA:6522"
<http://purl.obolibrary.org/obo/UBERON_0003297>	"MA:0000144"
<http://purl.obolibrary.org/obo/UBERON_0000115>	"EMAPA:32860"
<http://purl.obolibrary.org/obo/UBERON_0000115>	"MA:0001783"
<http://purl.obolibrary.org/obo/UBERON_0000115>	"BTO:0001653"
<http://purl.obolibrary.org/obo/UBERON_0010083>	"EHDAA2:0000598"
<http://purl.obolibrary.org/obo/UBERON_0004469>	"FMA:71291"
<http://purl.obolibrary.org/obo/UBERON_0000165>	"galen:Mouth"
<http://purl.obolibrary.org/obo/UBERON_0000165>	"GAID:75"
<http://purl.obolibrary.org/obo/UBERON_0000165>	"TADS:0000040"
<http://purl.obolibrary.org/obo/UBERON_0000165>	"BTO:0001090"
<http://purl.obolibrary.org/obo/UBERON_0000165>	"TGMA:0000131"
<http://purl.obolibrary.org/obo/UBERON_0000165>	"MA:0000341"
<http://purl.obolibrary.org/obo/UBERON_0000165>	"MAT:0000038"
<http://purl.obolibrary.org/obo/UBERON_0000165>	"TAO:0000590"
<http://purl.obolibrary.org/obo/UBERON_0000165>	"OpenCyc:Mx4rvVidh5wpEbGdrcN5Y29ycA"
<http://purl.obolibrary.org/obo/UBERON_0000165>	"ZFA:0000590"
<http://purl.obolibrary.org/obo/UBERON_0000165>	"FBbt:00003126"
<http://purl.obolibrary.org/obo/UBERON_0000165>	"MA:0002474"
<http://purl.obolibrary.org/obo/UBERON_0000165>	"FMA:49184"
<http://purl.obolibrary.org/obo/UBERON_0000165>	"BTO:0004698"
<http://purl.obolibrary.org/obo/UBERON_0000165>	"AAO:0010355"
<http://purl.obolibrary.org/obo/UBERON_0000165>	"VHOG:0000280"
<http://purl.obolibrary.org/obo/UBERON_0000165>	"MIAA:0000038"
<http://purl.obolibrary.org/obo/UBERON_0000165>	"EMAPA:16262"
<http://purl.obolibrary.org/obo/UBERON_0000165>	"MESH:D009055"
<http://purl.obolibrary.org/obo/UBERON_0000165>	<http://www.snomedbrowser.com/Codes/Details/21082005>
<http://purl.obolibrary.org/obo/UBERON_0000165>	"TAO:0000547"
<http://purl.obolibrary.org/obo/UBERON_0000165>	"EFO:0000825"
<http://purl.obolibrary.org/obo/UBERON_0000165>	<http://purl.obolibrary.org/obo/uberon/images/lamprey_sucker_rosava_3238889218.jpg>
<http://purl.obolibrary.org/obo/UBERON_0000165>	"CALOHA:TS-1315"
<http://purl.obolibrary.org/obo/UBERON_0000165>	"EHDAA:542"
<http://purl.obolibrary.org/obo/UBERON_0000165>	"VHOG:0000812"
<http://purl.obolibrary.org/obo/UBERON_0000165>	<http://en.wikipedia.org/wiki/Mouth>
<http://purl.obolibrary.org/obo/UBERON_0000165>	"XAO:0003029"
<http://purl.obolibrary.org/obo/UBERON_0000165>	"ZFA:0000547"
<http://purl.obolibrary.org/obo/UBERON_0000165>	"EHDAA2:0001326"
<http://purl.obolibrary.org/obo/UBERON_0000165>	"SCTID:21082005"
<http://purl.obolibrary.org/obo/UBERON_0000165>	"http://purl.obolibrary.org/obo/uberon/images/lamprey_sucker_rosava_3238889218.jpg"
<http://purl.obolibrary.org/obo/UBERON_0000165>	"Wikipedia:Mouth"
<http://purl.obolibrary.org/obo/UBERON_0014387>	"FMA:293883"
<http://purl.obolibrary.org/obo/UBERON_0014387>	"EMAPA:32735"
<http://purl.obolibrary.org/obo/UBERON_0002345>	"EFO:0002527"
<http://purl.obolibrary.org/obo/UBERON_0002345>	<http://www.snomedbrowser.com/Codes/Details/181301002>
<http://purl.obolibrary.org/obo/UBERON_0002345>	"FMA:87217"
<http://purl.obolibrary.org/obo/UBERON_0002345>	"EMAPA:18605"
<http://purl.obolibrary.org/obo/UBERON_0002345>	"MA:0002572"
<http://purl.obolibrary.org/obo/UBERON_0002345>	"SCTID:181301002"
<http://purl.obolibrary.org/obo/CL_0000057>	"BTO:0000452"
<http://purl.obolibrary.org/obo/CL_0000057>	"VHOG:0001482"
<http://purl.obolibrary.org/obo/CL_0000057>	"FMA:63877"
<http://purl.obolibrary.org/obo/CL_0000057>	"CALOHA:TS-0362"
<http://purl.obolibrary.org/obo/CL_0000057>	"NCIT:C12482"
<http://purl.obolibrary.org/obo/GO_0007586>	"Wikipedia:Digestion"
<http://purl.obolibrary.org/obo/GO_0007586>	"Reactome:R-HSA-8935690"
<http://purl.obolibrary.org/obo/UBERON_0009097>	"BTO:0004733"
<http://purl.obolibrary.org/obo/UBERON_0010362>	<http://en.wikipedia.org/wiki/Endoskeleton>
<http://purl.obolibrary.org/obo/UBERON_0010362>	"VSAO:0000037"
<http://purl.obolibrary.org/obo/UBERON_0010362>	"XAO:0004026"
<http://purl.obolibrary.org/obo/UBERON_0010362>	"Wikipedia:Endoskeleton"
<http://purl.obolibrary.org/obo/UBERON_0007135>	"EFO:0003497"
<http://purl.obolibrary.org/obo/UBERON_0007135>	"TAO:0000131"
<http://purl.obolibrary.org/obo/UBERON_0007135>	"ZFA:0000131"
<http://purl.obolibrary.org/obo/GO_0016528>	"Wikipedia:Sarcoplasm"
<http://purl.obolibrary.org/obo/UBERON_0003568>	"MA:0000585"
<http://purl.obolibrary.org/obo/UBERON_0003568>	"EMAPA:37250"
<http://purl.obolibrary.org/obo/UBERON_0004455>	"NCIT:C34229"
<http://purl.obolibrary.org/obo/UBERON_0004455>	<http://linkedlifedata.com/resource/umls/id/C1518306>
<http://purl.obolibrary.org/obo/UBERON_0004455>	"BILA:0000061"
<http://purl.obolibrary.org/obo/UBERON_0004455>	"UMLS:C1518306"
<http://purl.obolibrary.org/obo/UBERON_0004455>	"BTO:0001766"
<http://purl.obolibrary.org/obo/CL_0000550>	"FMA:83506"
<http://purl.obolibrary.org/obo/UBERON_0003118>	"ZFA:0005005"
<http://purl.obolibrary.org/obo/UBERON_0003118>	"EMAPA:16202"
<http://purl.obolibrary.org/obo/UBERON_0003118>	"EHDAA2:0000007"
<http://purl.obolibrary.org/obo/UBERON_0003118>	"TAO:0005005"
<http://purl.obolibrary.org/obo/UBERON_0003118>	"AAO:0010415"
<http://purl.obolibrary.org/obo/UBERON_0003118>	<http://www.snomedbrowser.com/Codes/Details/308774003>
<http://purl.obolibrary.org/obo/UBERON_0003118>	"VHOG:0000149"
<http://purl.obolibrary.org/obo/UBERON_0003118>	"XAO:0000342"
<http://purl.obolibrary.org/obo/UBERON_0003118>	"EMAPA:16685"
<http://purl.obolibrary.org/obo/UBERON_0003118>	"SCTID:308774003"
<http://purl.obolibrary.org/obo/UBERON_0012375>	"UMLS:C0225334"
<http://purl.obolibrary.org/obo/UBERON_0012375>	"FMA:45636"
<http://purl.obolibrary.org/obo/UBERON_0012375>	"NCIT:C94494"
<http://purl.obolibrary.org/obo/UBERON_0012375>	<http://linkedlifedata.com/resource/umls/id/C0225334>
<http://purl.obolibrary.org/obo/UBERON_0012375>	<http://www.snomedbrowser.com/Codes/Details/2255006>
<http://purl.obolibrary.org/obo/UBERON_0012375>	<http://en.wikipedia.org/wiki/Subserosa>
<http://purl.obolibrary.org/obo/UBERON_0012375>	"SCTID:2255006"
<http://purl.obolibrary.org/obo/UBERON_0012375>	"Wikipedia:Subserosa"
<http://purl.obolibrary.org/obo/UBERON_0011997>	"EHDAA2:0004731"
<http://purl.obolibrary.org/obo/UBERON_0011997>	<http://en.wikipedia.org/wiki/Coelom>
<http://purl.obolibrary.org/obo/UBERON_0011997>	"Wikipedia:Coelom"
<http://purl.obolibrary.org/obo/UBERON_0011997>	"ZFA:0001438"
<http://purl.obolibrary.org/obo/UBERON_0007845>	"FMA:20103"
<http://purl.obolibrary.org/obo/UBERON_0011108>	<http://www.snomedbrowser.com/Codes/Details/303080001>
<http://purl.obolibrary.org/obo/UBERON_0011108>	"FMA:35243"
<http://purl.obolibrary.org/obo/UBERON_0011108>	"SCTID:303080001"
<http://purl.obolibrary.org/obo/UBERON_0002416>	"EHDAA2_RETIRED:0003154"
<http://purl.obolibrary.org/obo/UBERON_0002416>	"EFO:0000807"
<http://purl.obolibrary.org/obo/UBERON_0002416>	"BILA:0000118"
<http://purl.obolibrary.org/obo/UBERON_0002416>	"AEO:0000154"
<http://purl.obolibrary.org/obo/UBERON_0002416>	"CARO:0002001"
<http://purl.obolibrary.org/obo/UBERON_0002416>	"EHDAA2:0000836"
<http://purl.obolibrary.org/obo/UBERON_0002416>	"TADS:0000108"
<http://purl.obolibrary.org/obo/UBERON_0002416>	<http://en.wikipedia.org/wiki/Integumentary_system>
<http://purl.obolibrary.org/obo/UBERON_0002416>	"FBbt:00004969"
<http://purl.obolibrary.org/obo/UBERON_0002416>	"UMLS:C0037267"
<http://purl.obolibrary.org/obo/UBERON_0002416>	"NCIT:C12907"
<http://purl.obolibrary.org/obo/UBERON_0002416>	"MAT:0000033"
<http://purl.obolibrary.org/obo/UBERON_0002416>	<http://www.snomedbrowser.com/Codes/Details/361692004>
<http://purl.obolibrary.org/obo/UBERON_0002416>	"EV:0100151"
<http://purl.obolibrary.org/obo/UBERON_0002416>	"MA:0000014"
<http://purl.obolibrary.org/obo/UBERON_0002416>	"EHDAA:6520"
<http://purl.obolibrary.org/obo/UBERON_0002416>	"HAO:0000421"
<http://purl.obolibrary.org/obo/UBERON_0002416>	"EMAPA:17524"
<http://purl.obolibrary.org/obo/UBERON_0002416>	"FMA:72979"
<http://purl.obolibrary.org/obo/UBERON_0002416>	"VHOG:0000403"
<http://purl.obolibrary.org/obo/UBERON_0002416>	"galen:Surface"
<http://purl.obolibrary.org/obo/UBERON_0002416>	"CALOHA:TS-1299"
<http://purl.obolibrary.org/obo/UBERON_0002416>	"XAO:0000176"
<http://purl.obolibrary.org/obo/UBERON_0002416>	<http://linkedlifedata.com/resource/umls/id/C0037267>
<http://purl.obolibrary.org/obo/UBERON_0002416>	"MESH:D034582"
<http://purl.obolibrary.org/obo/UBERON_0002416>	"MIAA:0000033"
<http://purl.obolibrary.org/obo/UBERON_0002416>	"SCTID:361692004"
<http://purl.obolibrary.org/obo/UBERON_0002416>	"Wikipedia:Integumentary_system"
<http://purl.obolibrary.org/obo/UBERON_0014776>	"FMA:61997"
<http://purl.obolibrary.org/obo/UBERON_0014776>	"EHDAA2:0004352"
<http://purl.obolibrary.org/obo/UBERON_0003580>	"MA:0002409"
<http://purl.obolibrary.org/obo/UBERON_0003580>	"EMAPA:37548"
<http://purl.obolibrary.org/obo/UBERON_0001016>	<http://www.snomedbrowser.com/Codes/Details/278196006>
<http://purl.obolibrary.org/obo/UBERON_0001016>	"UMLS:C0027763"
<http://purl.obolibrary.org/obo/UBERON_0001016>	"EV:0100162"
<http://purl.obolibrary.org/obo/UBERON_0001016>	"FMA:7157"
<http://purl.obolibrary.org/obo/UBERON_0001016>	"OpenCyc:Mx4rvViT_pwpEbGdrcN5Y29ycA"
<http://purl.obolibrary.org/obo/UBERON_0001016>	"BIRNLEX:844"
<http://purl.obolibrary.org/obo/UBERON_0001016>	"WBbt:0005735"
<http://purl.obolibrary.org/obo/UBERON_0001016>	"FBbt:00005093"
<http://purl.obolibrary.org/obo/UBERON_0001016>	"GAID:466"
<http://purl.obolibrary.org/obo/UBERON_0001016>	"VHOG:0000402"
<http://purl.obolibrary.org/obo/UBERON_0001016>	"MA:0000016"
<http://purl.obolibrary.org/obo/UBERON_0001016>	"AAO:0000324"
<http://purl.obolibrary.org/obo/UBERON_0001016>	"EFO:0000802"
<http://purl.obolibrary.org/obo/UBERON_0001016>	"MAT:0000026"
<http://purl.obolibrary.org/obo/UBERON_0001016>	<http://linkedlifedata.com/resource/umls/id/C0027763>
<http://purl.obolibrary.org/obo/UBERON_0001016>	"EMAPA:16469"
<http://purl.obolibrary.org/obo/UBERON_0001016>	"XAO:0000177"
<http://purl.obolibrary.org/obo/UBERON_0001016>	"EHDAA2:0001246"
<http://purl.obolibrary.org/obo/UBERON_0001016>	"EHDAA:826"
<http://purl.obolibrary.org/obo/UBERON_0001016>	"ZFA:0000396"
<http://purl.obolibrary.org/obo/UBERON_0001016>	"BTO:0001484"
<http://purl.obolibrary.org/obo/UBERON_0001016>	"CALOHA:TS-1313"
<http://purl.obolibrary.org/obo/UBERON_0001016>	"MIAA:0000026"
<http://purl.obolibrary.org/obo/UBERON_0001016>	<http://en.wikipedia.org/wiki/Nervous_system>
<http://purl.obolibrary.org/obo/UBERON_0001016>	<http://braininfo.rprc.washington.edu/centraldirectory.aspx?ID=3236>
<http://purl.obolibrary.org/obo/UBERON_0001016>	"TAO:0000396"
<http://purl.obolibrary.org/obo/UBERON_0001016>	"MESH:D009420"
<http://purl.obolibrary.org/obo/UBERON_0001016>	"NCIT:C12755"
<http://purl.obolibrary.org/obo/UBERON_0001016>	"BILA:0000079"
<http://purl.obolibrary.org/obo/UBERON_0001016>	"neuronames:3236"
<http://purl.obolibrary.org/obo/UBERON_0001016>	"Wikipedia:Nervous_system"
<http://purl.obolibrary.org/obo/UBERON_0001016>	"SCTID:278196006"
<http://purl.obolibrary.org/obo/UBERON_0003388>	"RETIRED_EHDAA2:0001436"
<http://purl.obolibrary.org/obo/UBERON_0001070>	"NCIT:C32551"
<http://purl.obolibrary.org/obo/UBERON_0001070>	"EFO:0001953"
<http://purl.obolibrary.org/obo/UBERON_0001070>	"MA:0001929"
<http://purl.obolibrary.org/obo/UBERON_0001070>	"VHOG:0000265"
<http://purl.obolibrary.org/obo/UBERON_0001070>	"XAO:0000345"
<http://purl.obolibrary.org/obo/UBERON_0001070>	"AAO:0010416"
<http://purl.obolibrary.org/obo/UBERON_0001070>	<http://www.snomedbrowser.com/Codes/Details/362044002>
<http://purl.obolibrary.org/obo/UBERON_0001070>	<http://linkedlifedata.com/resource/umls/id/C0007275>
<http://purl.obolibrary.org/obo/UBERON_0001070>	"UMLS:C0007275"
<http://purl.obolibrary.org/obo/UBERON_0001070>	"GAID:480"
<http://purl.obolibrary.org/obo/UBERON_0001070>	"MESH:D002342"
<http://purl.obolibrary.org/obo/UBERON_0001070>	"OpenCyc:Mx4rwVJkPZwpEbGdrcN5Y29ycA"
<http://purl.obolibrary.org/obo/UBERON_0001070>	"FMA:10635"
<http://purl.obolibrary.org/obo/UBERON_0001070>	"AAO:0010218"
<http://purl.obolibrary.org/obo/UBERON_0001070>	"BTO:0004696"
<http://purl.obolibrary.org/obo/UBERON_0001070>	<http://en.wikipedia.org/wiki/External_carotid_artery>
<http://purl.obolibrary.org/obo/UBERON_0001070>	"EMAPA:18611"
<http://purl.obolibrary.org/obo/UBERON_0001070>	"EHDAA2:0000461"
<http://purl.obolibrary.org/obo/UBERON_0001070>	"SCTID:362044002"
<http://purl.obolibrary.org/obo/UBERON_0001070>	"Wikipedia:External_carotid_artery"
<http://purl.obolibrary.org/obo/CL_0000355>	"FMA:86767"
<http://purl.obolibrary.org/obo/UBERON_0004370>	"UMLS:C0229127"
<http://purl.obolibrary.org/obo/UBERON_0004370>	"TAO:0002155"
<http://purl.obolibrary.org/obo/UBERON_0004370>	"NCIT:C32226"
<http://purl.obolibrary.org/obo/UBERON_0004370>	"MA:0001240"
<http://purl.obolibrary.org/obo/UBERON_0004370>	<http://linkedlifedata.com/resource/umls/id/C0229127>
<http://purl.obolibrary.org/obo/UBERON_0004370>	"ZFA:0001684"
<http://purl.obolibrary.org/obo/UBERON_0004370>	<http://en.wikipedia.org/wiki/Bowman%27s_membrane>
<http://purl.obolibrary.org/obo/UBERON_0004370>	<http://www.snomedbrowser.com/Codes/Details/281075003>
<http://purl.obolibrary.org/obo/UBERON_0004370>	"FMA:58273"
<http://purl.obolibrary.org/obo/UBERON_0004370>	"Wikipedia:Bowman%27s_membrane"
<http://purl.obolibrary.org/obo/UBERON_0004370>	"SCTID:281075003"
<http://purl.obolibrary.org/obo/UBERON_0003471>	<http://www.snomedbrowser.com/Codes/Details/145036002>
<http://purl.obolibrary.org/obo/UBERON_0003471>	"FMA:49567"
<http://purl.obolibrary.org/obo/UBERON_0003471>	"EMAPA:37429"
<http://purl.obolibrary.org/obo/UBERON_0003471>	<http://en.wikipedia.org/wiki/Inferior_labial_artery>
<http://purl.obolibrary.org/obo/UBERON_0003471>	"MA:0001916"
<http://purl.obolibrary.org/obo/UBERON_0003471>	"Wikipedia:Inferior_labial_artery"
<http://purl.obolibrary.org/obo/UBERON_0003471>	"SCTID:145036002"
<http://purl.obolibrary.org/obo/UBERON_0002409>	"BTO:0001016"
<http://purl.obolibrary.org/obo/UBERON_0002409>	"MA:0002530"
<http://purl.obolibrary.org/obo/UBERON_0002409>	"FMA:9887"
<http://purl.obolibrary.org/obo/UBERON_0002409>	<http://en.wikipedia.org/wiki/Pericardial_fluid>
<http://purl.obolibrary.org/obo/UBERON_0002409>	"Wikipedia:Pericardial_fluid"
<http://purl.obolibrary.org/obo/UBERON_0010959>	"NCIT:C32716"
<http://purl.obolibrary.org/obo/UBERON_0010959>	"UMLS:C0448281"
<http://purl.obolibrary.org/obo/UBERON_0010959>	<http://linkedlifedata.com/resource/umls/id/C0448281>
<http://purl.obolibrary.org/obo/UBERON_0004731>	"NLX:147842"
<http://purl.obolibrary.org/obo/UBERON_0004731>	"ZFA:0001328"
<http://purl.obolibrary.org/obo/UBERON_0004731>	<http://en.wikipedia.org/wiki/Neuromere>
<http://purl.obolibrary.org/obo/UBERON_0004731>	"TAO:0001328"
<http://purl.obolibrary.org/obo/UBERON_0004731>	"Wikipedia:Neuromere"
<http://purl.obolibrary.org/obo/UBERON_0015179>	"XAO:0004077"
<http://purl.obolibrary.org/obo/UBERON_0001777>	"MESH:D003319"
<http://purl.obolibrary.org/obo/UBERON_0001777>	"ZFA:0001685"
<http://purl.obolibrary.org/obo/UBERON_0001777>	"GAID:893"
<http://purl.obolibrary.org/obo/UBERON_0001777>	"TAO:0002189"
<http://purl.obolibrary.org/obo/UBERON_0001777>	"NCIT:C12699"
<http://purl.obolibrary.org/obo/UBERON_0001777>	"CALOHA:TS-1138"
<http://purl.obolibrary.org/obo/UBERON_0001777>	<http://www.snomedbrowser.com/Codes/Details/362511000>
<http://purl.obolibrary.org/obo/UBERON_0001777>	"MA:0001245"
<http://purl.obolibrary.org/obo/UBERON_0001777>	"EFO:0002514"
<http://purl.obolibrary.org/obo/UBERON_0001777>	"UMLS:C0010040"
<http://purl.obolibrary.org/obo/UBERON_0001777>	"FMA:58306"
<http://purl.obolibrary.org/obo/UBERON_0001777>	<http://en.wikipedia.org/wiki/Corneal_stroma>
<http://purl.obolibrary.org/obo/UBERON_0001777>	<http://linkedlifedata.com/resource/umls/id/C0010040>
<http://purl.obolibrary.org/obo/UBERON_0001777>	"EMAPA:17602"
<http://purl.obolibrary.org/obo/UBERON_0001777>	"SCTID:362511000"
<http://purl.obolibrary.org/obo/UBERON_0001777>	"Wikipedia:Corneal_stroma"
<http://purl.obolibrary.org/obo/UBERON_0000463>	"NCIT:C13236"
<http://purl.obolibrary.org/obo/UBERON_0000463>	"HAO:0000004"
<http://purl.obolibrary.org/obo/UBERON_0000463>	"XAO:0004001"
<http://purl.obolibrary.org/obo/UBERON_0000463>	"AEO:0000004"
<http://purl.obolibrary.org/obo/UBERON_0000463>	"TAO:0001487"
<http://purl.obolibrary.org/obo/UBERON_0000463>	"BILA:0000004"
<http://purl.obolibrary.org/obo/UBERON_0000463>	"FBbt:00007019"
<http://purl.obolibrary.org/obo/UBERON_0000463>	"ZFA:0001487"
<http://purl.obolibrary.org/obo/UBERON_0000463>	"AAO:0010839"
<http://purl.obolibrary.org/obo/UBERON_0000463>	"CALOHA:TS-2101"
<http://purl.obolibrary.org/obo/UBERON_0000463>	"VHOG:0001726"
<http://purl.obolibrary.org/obo/UBERON_0000463>	"TGMA:0001824"
<http://purl.obolibrary.org/obo/UBERON_0000463>	"SPD:0000008"
<http://purl.obolibrary.org/obo/UBERON_0000463>	"MA:0002450"
<http://purl.obolibrary.org/obo/UBERON_0000463>	"CARO:0000004"
<http://purl.obolibrary.org/obo/UBERON_0000463>	"galen:BodySubstance"
<http://purl.obolibrary.org/obo/UBERON_0000463>	"FMA:9669"
<http://purl.obolibrary.org/obo/UBERON_0000463>	"EHDAA2:0003004"
<http://purl.obolibrary.org/obo/UBERON_0000463>	"EMAPA:35178"
<http://purl.obolibrary.org/obo/UBERON_0001444>	<http://www.snomedbrowser.com/Codes/Details/123852005>
<http://purl.obolibrary.org/obo/UBERON_0001444>	"FMA:24218"
<http://purl.obolibrary.org/obo/UBERON_0001444>	"XAO:0000040"
<http://purl.obolibrary.org/obo/UBERON_0001444>	"SCTID:123852005"
<http://purl.obolibrary.org/obo/UBERON_0003967>	"EMAPA:37841"
<http://purl.obolibrary.org/obo/UBERON_0004363>	"ZFA:0005004"
<http://purl.obolibrary.org/obo/UBERON_0004363>	"EFO:0003695"
<http://purl.obolibrary.org/obo/UBERON_0004363>	"TAO:0005004"
<http://purl.obolibrary.org/obo/UBERON_0004363>	<http://en.wikipedia.org/wiki/Aortic_arches>
<http://purl.obolibrary.org/obo/UBERON_0004363>	"EMAPA:16684"
<http://purl.obolibrary.org/obo/UBERON_0004363>	"NCIT:C32123"
<http://purl.obolibrary.org/obo/UBERON_0004363>	"EHDAA:7327"
<http://purl.obolibrary.org/obo/UBERON_0004363>	"AAO:0010414"
<http://purl.obolibrary.org/obo/UBERON_0004363>	"UMLS:C0003489"
<http://purl.obolibrary.org/obo/UBERON_0004363>	"XAO:0000341"
<http://purl.obolibrary.org/obo/UBERON_0004363>	<http://linkedlifedata.com/resource/umls/id/C0003489>
<http://purl.obolibrary.org/obo/UBERON_0004363>	"VHOG:0000122"
<http://purl.obolibrary.org/obo/UBERON_0004363>	"EHDAA2:0000186"
<http://purl.obolibrary.org/obo/UBERON_0004363>	"EHDAA:398"
<http://purl.obolibrary.org/obo/UBERON_0004363>	"Wikipedia:Aortic_arches"
<http://purl.obolibrary.org/obo/UBERON_0010912>	"FMA:23879"
<http://purl.obolibrary.org/obo/UBERON_0010912>	"VSAO:0000042"
<http://purl.obolibrary.org/obo/UBERON_0010912>	<http://www.snomedbrowser.com/Codes/Details/129140006>
<http://purl.obolibrary.org/obo/UBERON_0010912>	"SCTID:129140006"
<http://purl.obolibrary.org/obo/UBERON_0000965>	"VHOG:0000169"
<http://purl.obolibrary.org/obo/UBERON_0000965>	"MA:0000275"
<http://purl.obolibrary.org/obo/UBERON_0000965>	"MIAA:0000141"
<http://purl.obolibrary.org/obo/UBERON_0000965>	"XAO:0000008"
<http://purl.obolibrary.org/obo/UBERON_0000965>	"OpenCyc:Mx4rvVj0fZwpEbGdrcN5Y29ycA"
<http://purl.obolibrary.org/obo/UBERON_0000965>	"AAO:0010348"
<http://purl.obolibrary.org/obo/UBERON_0000965>	"EMAPA:17838"
<http://purl.obolibrary.org/obo/UBERON_0000965>	"BTO:0000723"
<http://purl.obolibrary.org/obo/UBERON_0000965>	<http://linkedlifedata.com/resource/umls/id/C0023317>
<http://purl.obolibrary.org/obo/UBERON_0000965>	"RETIRED_EHDAA2:0000975"
<http://purl.obolibrary.org/obo/UBERON_0000965>	<http://www.snomedbrowser.com/Codes/Details/181169005>
<http://purl.obolibrary.org/obo/UBERON_0000965>	<http://en.wikipedia.org/wiki/Lens_(anatomy)>
<http://purl.obolibrary.org/obo/UBERON_0000965>	"ZFA:0000035"
<http://purl.obolibrary.org/obo/UBERON_0000965>	"MAT:0000141"
<http://purl.obolibrary.org/obo/UBERON_0000965>	"TAO:0000035"
<http://purl.obolibrary.org/obo/UBERON_0000965>	"CALOHA:TS-0545"
<http://purl.obolibrary.org/obo/UBERON_0000965>	"FMA:58241"
<http://purl.obolibrary.org/obo/UBERON_0000965>	"NCIT:C12743"
<http://purl.obolibrary.org/obo/UBERON_0000965>	"MESH:A09.371.509"
<http://purl.obolibrary.org/obo/UBERON_0000965>	"EV:0100343"
<http://purl.obolibrary.org/obo/UBERON_0000965>	"UMLS:C0023317"
<http://purl.obolibrary.org/obo/UBERON_0000965>	"EHDAA:9057"
<http://purl.obolibrary.org/obo/UBERON_0000965>	"Wikipedia:Lens_(anatomy)"
<http://purl.obolibrary.org/obo/UBERON_0000965>	"MESH:D007908"
<http://purl.obolibrary.org/obo/UBERON_0000965>	"SCTID:181169005"
<http://purl.obolibrary.org/obo/UBERON_0004473>	"FMA:71288"
<http://purl.obolibrary.org/obo/UBERON_0006905>	"EHDAA2:0001062"
<http://purl.obolibrary.org/obo/UBERON_0006905>	"EMAPA:17357"
<http://purl.obolibrary.org/obo/UBERON_0006905>	"EHDAA:5861"
<http://purl.obolibrary.org/obo/UBERON_0006905>	"EHDAA:5873"
<http://purl.obolibrary.org/obo/UBERON_0008115>	"FMA:76668"
<http://purl.obolibrary.org/obo/UBERON_0003952>	"EMAPA:37414"
<http://purl.obolibrary.org/obo/UBERON_0000117>	"EMAPA:37946"
<http://purl.obolibrary.org/obo/UBERON_0000117>	"FMA:12224"
<http://purl.obolibrary.org/obo/UBERON_0004277>	"OpenCyc:Mx8Ngx4rwKSh9pwpEbGdrcN5Y29ycB4rvViTvpwpEbGdrcN5Y29ycB4rvYA8cJwpEbGdrcN5Y29ycA"
<http://purl.obolibrary.org/obo/UBERON_0004277>	"MA:0000271"
<http://purl.obolibrary.org/obo/UBERON_0004277>	"EMAPA:35335"
<http://purl.obolibrary.org/obo/UBERON_0004277>	"AAO:0000156"
<http://purl.obolibrary.org/obo/UBERON_0005339>	"MA:0000102"
<http://purl.obolibrary.org/obo/UBERON_0005339>	"EHDAA:4401"
<http://purl.obolibrary.org/obo/UBERON_0005339>	"VHOG:0001395"
<http://purl.obolibrary.org/obo/UBERON_0005339>	"EHDAA2:0001359"
<http://purl.obolibrary.org/obo/UBERON_0005339>	"EMAPA:17330"
<http://purl.obolibrary.org/obo/UBERON_0000071>	"XAO:0000437"
<http://purl.obolibrary.org/obo/UBERON_0000071>	"XtroDO:0000085"
<http://purl.obolibrary.org/obo/UBERON_0001009>	"VHOG:0001248"
<http://purl.obolibrary.org/obo/UBERON_0001009>	"AAO:0000959"
<http://purl.obolibrary.org/obo/UBERON_0001009>	"FBbt:00005057"
<http://purl.obolibrary.org/obo/UBERON_0001009>	<http://en.wikipedia.org/wiki/Circulatory_system>
<http://purl.obolibrary.org/obo/UBERON_0001009>	"OpenCyc:Mx4rvVjzG5wpEbGdrcN5Y29ycA"
<http://purl.obolibrary.org/obo/UBERON_0001009>	"CALOHA:TS-2103"
<http://purl.obolibrary.org/obo/UBERON_0001009>	"Wikipedia:Circulatory_system"
<http://purl.obolibrary.org/obo/UBERON_0016545>	"ZFA:0001379"
<http://purl.obolibrary.org/obo/UBERON_0016545>	"TAO:0001379"
<http://purl.obolibrary.org/obo/UBERON_0003269>	"EHDAA2:0000486"
<http://purl.obolibrary.org/obo/UBERON_0003269>	"EMAPA:17844"
<http://purl.obolibrary.org/obo/UBERON_0003269>	"EHDAA:2923"
<http://purl.obolibrary.org/obo/UBERON_0002616>	<http://linkedlifedata.com/resource/umls/id/C0445620>
<http://purl.obolibrary.org/obo/UBERON_0002616>	"BIRNLEX:1167"
<http://purl.obolibrary.org/obo/UBERON_0002616>	"NCIT:C13031"
<http://purl.obolibrary.org/obo/UBERON_0002616>	"UMLS:C0445620"
<http://purl.obolibrary.org/obo/UBERON_0002616>	"FMA:55676"
<http://purl.obolibrary.org/obo/UBERON_0002616>	<http://www.snomedbrowser.com/Codes/Details/384763002>
<http://purl.obolibrary.org/obo/UBERON_0002616>	"SCTID:384763002"
<http://purl.obolibrary.org/obo/UBERON_0001558>	"FMA:45662"
<http://purl.obolibrary.org/obo/UBERON_0001558>	"VHOG:0000382"
<http://purl.obolibrary.org/obo/UBERON_0001558>	"OpenCyc:Mx4rQRqjUgAKEdyHxgDggVfs8g"
<http://purl.obolibrary.org/obo/UBERON_0001558>	"MA:0000435"
<http://purl.obolibrary.org/obo/UBERON_0001558>	<http://en.wikipedia.org/wiki/Lower_respiratory_tract>
<http://purl.obolibrary.org/obo/UBERON_0001558>	"EMAPA:16738"
<http://purl.obolibrary.org/obo/UBERON_0001558>	"EHDAA2:0001036"
<http://purl.obolibrary.org/obo/UBERON_0001558>	<http://www.snomedbrowser.com/Codes/Details/281488008>
<http://purl.obolibrary.org/obo/UBERON_0001558>	"Wikipedia:Lower_respiratory_tract"
<http://purl.obolibrary.org/obo/UBERON_0001558>	"SCTID:281488008"
<http://purl.obolibrary.org/obo/UBERON_0017672>	"FMA:32413"
<http://purl.obolibrary.org/obo/UBERON_0017672>	"FMA:67355"
<http://purl.obolibrary.org/obo/UBERON_0002050>	"XAO:0003042"
<http://purl.obolibrary.org/obo/UBERON_0002050>	"CALOHA:TS-2110"
<http://purl.obolibrary.org/obo/UBERON_0002050>	"NCIT:C13229"
<http://purl.obolibrary.org/obo/UBERON_0002050>	"BILA:0000034"
<http://purl.obolibrary.org/obo/UBERON_0002050>	<http://www.snomedbrowser.com/Codes/Details/667009>
<http://purl.obolibrary.org/obo/UBERON_0002050>	"RETIRED_EHDAA2:0003169"
<http://purl.obolibrary.org/obo/UBERON_0002050>	"BTO:0000174"
<http://purl.obolibrary.org/obo/UBERON_0002050>	"UMLS:C0013948"
<http://purl.obolibrary.org/obo/UBERON_0002050>	"MESH:D004628"
<http://purl.obolibrary.org/obo/UBERON_0002050>	<http://linkedlifedata.com/resource/umls/id/C0013948>
<http://purl.obolibrary.org/obo/UBERON_0002050>	"TAO:0001105"
<http://purl.obolibrary.org/obo/UBERON_0002050>	"FBbt:00004208"
<http://purl.obolibrary.org/obo/UBERON_0002050>	"AAO:0000138"
<http://purl.obolibrary.org/obo/UBERON_0002050>	"EFO:0000461"
<http://purl.obolibrary.org/obo/UBERON_0002050>	"GAID:407"
<http://purl.obolibrary.org/obo/UBERON_0002050>	"FMA:69067"
<http://purl.obolibrary.org/obo/UBERON_0002050>	"VSAO:0000178"
<http://purl.obolibrary.org/obo/UBERON_0002050>	"ZFA:0001105"
<http://purl.obolibrary.org/obo/UBERON_0002050>	"SCTID:667009"
<http://purl.obolibrary.org/obo/UBERON_0009854>	"FBbt:00100316"
<http://purl.obolibrary.org/obo/UBERON_0006876>	"FMA:74612"
<http://purl.obolibrary.org/obo/UBERON_0005428>	"EHDAA2:0002156"
<http://purl.obolibrary.org/obo/UBERON_0005428>	"VHOG:0001208"
<http://purl.obolibrary.org/obo/UBERON_0005428>	"XAO:0004191"
<http://purl.obolibrary.org/obo/UBERON_0005428>	"ZFA:0000818"
<http://purl.obolibrary.org/obo/UBERON_0005428>	"EHDAA:669"
<http://purl.obolibrary.org/obo/UBERON_0005428>	"TAO:0000818"
<http://purl.obolibrary.org/obo/UBERON_0011134>	"FMA:7491"
<http://purl.obolibrary.org/obo/UBERON_0007240>	"EV:0100030"
<http://purl.obolibrary.org/obo/UBERON_0007240>	<http://www.snomedbrowser.com/Codes/Details/113261001>
<http://purl.obolibrary.org/obo/UBERON_0007240>	"EMAPA:36295"
<http://purl.obolibrary.org/obo/UBERON_0007240>	"FMA:14274"
<http://purl.obolibrary.org/obo/UBERON_0007240>	"SCTID:113261001"
<http://purl.obolibrary.org/obo/UBERON_0001651>	"galen:RightPulmonaryArtery"
<http://purl.obolibrary.org/obo/UBERON_0001651>	<http://www.snomedbrowser.com/Codes/Details/244235003>
<http://purl.obolibrary.org/obo/UBERON_0001651>	"UMLS:C0923924"
<http://purl.obolibrary.org/obo/UBERON_0001651>	<http://linkedlifedata.com/resource/umls/id/C0923924>
<http://purl.obolibrary.org/obo/UBERON_0001651>	"NCIT:C33489"
<http://purl.obolibrary.org/obo/UBERON_0001651>	<http://en.wikipedia.org/wiki/Right_pulmonary_artery>
<http://purl.obolibrary.org/obo/UBERON_0001651>	"MA:0002500"
<http://purl.obolibrary.org/obo/UBERON_0001651>	"EMAPA:37378"
<http://purl.obolibrary.org/obo/UBERON_0001651>	"FMA:50872"
<http://purl.obolibrary.org/obo/UBERON_0001651>	"Wikipedia:Right_pulmonary_artery"
<http://purl.obolibrary.org/obo/UBERON_0001651>	"SCTID:244235003"
<http://purl.obolibrary.org/obo/UBERON_0008886>	"FMA:45621"
<http://purl.obolibrary.org/obo/UBERON_0008886>	<http://en.wikipedia.org/wiki/Pulmonary_circulation>
<http://purl.obolibrary.org/obo/UBERON_0008886>	"Wikipedia:Pulmonary_circulation"
<http://purl.obolibrary.org/obo/UBERON_0001042>	"TAO:0000056"
<http://purl.obolibrary.org/obo/UBERON_0001042>	<http://linkedlifedata.com/resource/umls/id/C0031354>
<http://purl.obolibrary.org/obo/UBERON_0001042>	"UMLS:C0031354"
<http://purl.obolibrary.org/obo/UBERON_0001042>	"NCIT:C12425"
<http://purl.obolibrary.org/obo/UBERON_0001042>	"BTO:0001049"
<http://purl.obolibrary.org/obo/UBERON_0001042>	"VHOG:0000462"
<http://purl.obolibrary.org/obo/UBERON_0001042>	"MA:0000432"
<http://purl.obolibrary.org/obo/UBERON_0001042>	"MESH:A03.867"
<http://purl.obolibrary.org/obo/UBERON_0001042>	"galen:Pharynx"
<http://purl.obolibrary.org/obo/UBERON_0001042>	"AAO:0000967"
<http://purl.obolibrary.org/obo/UBERON_0001042>	"EMAPA:16706"
<http://purl.obolibrary.org/obo/UBERON_0001042>	"ZFA:0000056"
<http://purl.obolibrary.org/obo/UBERON_0001042>	"EHDAA:2947"
<http://purl.obolibrary.org/obo/UBERON_0001042>	"OpenCyc:Mx4rvViv7ZwpEbGdrcN5Y29ycA"
<http://purl.obolibrary.org/obo/UBERON_0001042>	"GAID:155"
<http://purl.obolibrary.org/obo/UBERON_0001042>	"EFO:0000836"
<http://purl.obolibrary.org/obo/UBERON_0001042>	"FMA:46688"
<http://purl.obolibrary.org/obo/UBERON_0001042>	<http://www.snomedbrowser.com/Codes/Details/181211006>
<http://purl.obolibrary.org/obo/UBERON_0001042>	<http://en.wikipedia.org/wiki/Pharynx>
<http://purl.obolibrary.org/obo/UBERON_0001042>	"EV:0100065"
<http://purl.obolibrary.org/obo/UBERON_0001042>	"EHDAA2:0001458"
<http://purl.obolibrary.org/obo/UBERON_0001042>	"CALOHA:TS-0785"
<http://purl.obolibrary.org/obo/UBERON_0001042>	"XAO:0003227"
<http://purl.obolibrary.org/obo/UBERON_0001042>	"MESH:D010614"
<http://purl.obolibrary.org/obo/UBERON_0001042>	"Wikipedia:Pharynx"
<http://purl.obolibrary.org/obo/UBERON_0001042>	"SCTID:181211006"
<http://purl.obolibrary.org/obo/UBERON_0013140>	<http://linkedlifedata.com/resource/umls/id/C0447117>
<http://purl.obolibrary.org/obo/UBERON_0013140>	"NCIT:C33719"
<http://purl.obolibrary.org/obo/UBERON_0013140>	"FMA:66644"
<http://purl.obolibrary.org/obo/UBERON_0013140>	"UMLS:C0447117"
<http://purl.obolibrary.org/obo/UBERON_0013140>	<http://www.snomedbrowser.com/Codes/Details/244389004>
<http://purl.obolibrary.org/obo/UBERON_0013140>	"SCTID:244389004"
<http://purl.obolibrary.org/obo/UBERON_0005742>	"BTO:0002010"
<http://purl.obolibrary.org/obo/UBERON_0005742>	<http://en.wikipedia.org/wiki/Adventitia>
<http://purl.obolibrary.org/obo/UBERON_0005742>	"FMA:45635"
<http://purl.obolibrary.org/obo/UBERON_0005742>	<http://www.snomedbrowser.com/Codes/Details/30180000>
<http://purl.obolibrary.org/obo/UBERON_0005742>	"Wikipedia:Adventitia"
<http://purl.obolibrary.org/obo/UBERON_0005742>	"SCTID:30180000"
<http://purl.obolibrary.org/obo/UBERON_0036288>	"FMA:9560"
<http://purl.obolibrary.org/obo/UBERON_0000966>	"EFO:0000832"
<http://purl.obolibrary.org/obo/UBERON_0000966>	"MESH:D012160"
<http://purl.obolibrary.org/obo/UBERON_0000966>	"BAMS:R"
<http://purl.obolibrary.org/obo/UBERON_0000966>	"EMAPA:17168"
<http://purl.obolibrary.org/obo/UBERON_0000966>	<http://braininfo.rprc.washington.edu/centraldirectory.aspx?ID=1862>
<http://purl.obolibrary.org/obo/UBERON_0000966>	"BTO:0001175"
<http://purl.obolibrary.org/obo/UBERON_0000966>	"FMA:58301"
<http://purl.obolibrary.org/obo/UBERON_0000966>	"AAO:0010352"
<http://purl.obolibrary.org/obo/UBERON_0000966>	"MBA:304325711"
<http://purl.obolibrary.org/obo/UBERON_0000966>	"TAO:0000152"
<http://purl.obolibrary.org/obo/UBERON_0000966>	<http://linkedlifedata.com/resource/umls/id/C1278894>
<http://purl.obolibrary.org/obo/UBERON_0000966>	"GAID:755"
<http://purl.obolibrary.org/obo/UBERON_0000966>	"UMLS:C0035298"
<http://purl.obolibrary.org/obo/UBERON_0000966>	<http://linkedlifedata.com/resource/umls/id/C0035298>
<http://purl.obolibrary.org/obo/UBERON_0000966>	"EV:0100348"
<http://purl.obolibrary.org/obo/UBERON_0000966>	"NCIT:C12343"
<http://purl.obolibrary.org/obo/UBERON_0000966>	"XAO:0000009"
<http://purl.obolibrary.org/obo/UBERON_0000966>	"NIFSTD_RETIRED:birnlex_1156"
<http://purl.obolibrary.org/obo/UBERON_0000966>	"MIAA:0000142"
<http://purl.obolibrary.org/obo/UBERON_0000966>	"EHDAA2:0001627"
<http://purl.obolibrary.org/obo/UBERON_0000966>	"ZFA:0000152"
<http://purl.obolibrary.org/obo/UBERON_0000966>	"CALOHA:TS-0865"
<http://purl.obolibrary.org/obo/UBERON_0000966>	"UMLS:C1278894"
<http://purl.obolibrary.org/obo/UBERON_0000966>	<http://en.wikipedia.org/wiki/Retina>
<http://purl.obolibrary.org/obo/UBERON_0000966>	"EHDAA:4757"
<http://purl.obolibrary.org/obo/UBERON_0000966>	"MA:0000276"
<http://purl.obolibrary.org/obo/UBERON_0000966>	"OpenCyc:Mx4rvViTfpwpEbGdrcN5Y29ycA"
<http://purl.obolibrary.org/obo/UBERON_0000966>	"MAT:0000142"
<http://purl.obolibrary.org/obo/UBERON_0000966>	"BIRNLEX:1153"
<http://purl.obolibrary.org/obo/UBERON_0000966>	"VHOG:0000229"
<http://purl.obolibrary.org/obo/UBERON_0000966>	<http://www.snomedbrowser.com/Codes/Details/181171005>
<http://purl.obolibrary.org/obo/UBERON_0000966>	"neuronames:1862"
<http://purl.obolibrary.org/obo/UBERON_0000966>	"SCTID:181171005"
<http://purl.obolibrary.org/obo/UBERON_0000966>	"Wikipedia:Retina"
<http://purl.obolibrary.org/obo/UBERON_0002063>	"EHDAA2:0001839"
<http://purl.obolibrary.org/obo/UBERON_0002063>	"AAO:0010505"
<http://purl.obolibrary.org/obo/UBERON_0002063>	<http://linkedlifedata.com/resource/umls/id/C0225857>
<http://purl.obolibrary.org/obo/UBERON_0002063>	"EMAPA:16237"
<http://purl.obolibrary.org/obo/UBERON_0002063>	"UMLS:C0225857"
<http://purl.obolibrary.org/obo/UBERON_0002063>	"NCIT:C34299"
<http://purl.obolibrary.org/obo/UBERON_0002063>	"NCIT:C34300"
<http://purl.obolibrary.org/obo/UBERON_0002063>	"UMLS:C0231084"
<http://purl.obolibrary.org/obo/UBERON_0002063>	"FMA:70303"
<http://purl.obolibrary.org/obo/UBERON_0002063>	"VHOG:0000177"
<http://purl.obolibrary.org/obo/UBERON_0002063>	<http://linkedlifedata.com/resource/umls/id/C0231084>
<http://purl.obolibrary.org/obo/UBERON_0002063>	"TAO:0000154"
<http://purl.obolibrary.org/obo/UBERON_0002063>	"EHDAA:480"
<http://purl.obolibrary.org/obo/UBERON_0002063>	"ZFA:0000154"
<http://purl.obolibrary.org/obo/UBERON_0002063>	<http://en.wikipedia.org/wiki/Sinus_venosus>
<http://purl.obolibrary.org/obo/UBERON_0002063>	"Wikipedia:Sinus_venosus"
<http://purl.obolibrary.org/obo/UBERON_0011091>	"FMA:87594"
<http://purl.obolibrary.org/obo/UBERON_0003052>	"NCIT:C93172"
<http://purl.obolibrary.org/obo/UBERON_0003052>	"XAO:0000016"
<http://purl.obolibrary.org/obo/UBERON_0003052>	"EMAPA:32857"
<http://purl.obolibrary.org/obo/UBERON_0003052>	"DMBA:16810"
<http://purl.obolibrary.org/obo/UBERON_0003052>	"VHOG:0000649"
<http://purl.obolibrary.org/obo/UBERON_0003052>	"TAO:0000042"
<http://purl.obolibrary.org/obo/UBERON_0003052>	"EHDAA:5789"
<http://purl.obolibrary.org/obo/UBERON_0003052>	"EHDAA2:0004395"
<http://purl.obolibrary.org/obo/UBERON_0003052>	"AAO:0011064"
<http://purl.obolibrary.org/obo/UBERON_0003052>	"ZFA:0000042"
<http://purl.obolibrary.org/obo/UBERON_0003052>	<http://braininfo.rprc.washington.edu/centraldirectory.aspx?ID=2076>
<http://purl.obolibrary.org/obo/UBERON_0003052>	"neuronames:2076"
<http://purl.obolibrary.org/obo/UBERON_0002408>	"EHDAA:3422"
<http://purl.obolibrary.org/obo/UBERON_0002408>	"FMA:9870"
<http://purl.obolibrary.org/obo/UBERON_0002408>	"MA:0000483"
<http://purl.obolibrary.org/obo/UBERON_0002408>	"EMAPA:19031"
<http://purl.obolibrary.org/obo/UBERON_0002408>	"VHOG:0000537"
<http://purl.obolibrary.org/obo/UBERON_0002408>	<http://www.snomedbrowser.com/Codes/Details/243956000>
<http://purl.obolibrary.org/obo/UBERON_0002408>	"UMLS:C0225969"
<http://purl.obolibrary.org/obo/UBERON_0002408>	<http://linkedlifedata.com/resource/umls/id/C0225969>
<http://purl.obolibrary.org/obo/UBERON_0002408>	"EHDAA:5378"
<http://purl.obolibrary.org/obo/UBERON_0002408>	<http://en.wikipedia.org/wiki/Parietal_pericardium>
<http://purl.obolibrary.org/obo/UBERON_0002408>	"NCIT:C94500"
<http://purl.obolibrary.org/obo/UBERON_0002408>	"Wikipedia:Parietal_pericardium"
<http://purl.obolibrary.org/obo/UBERON_0002408>	"SCTID:243956000"
<http://purl.obolibrary.org/obo/UBERON_0005656>	"VHOG:0000532"
<http://purl.obolibrary.org/obo/UBERON_0005656>	"EMAPA:17165"
<http://purl.obolibrary.org/obo/UBERON_0005656>	"EHDAA2:0000987"
<http://purl.obolibrary.org/obo/UBERON_0007272>	"VSAO:0005000"
<http://purl.obolibrary.org/obo/UBERON_0003075>	"RETIRED_EHDAA2:0001252"
<http://purl.obolibrary.org/obo/UBERON_0003075>	"FMA:293879"
<http://purl.obolibrary.org/obo/UBERON_0003075>	"VHOG:0000068"
<http://purl.obolibrary.org/obo/UBERON_0003075>	"NCIT:C34225"
<http://purl.obolibrary.org/obo/UBERON_0003075>	"TAO:0000132"
<http://purl.obolibrary.org/obo/UBERON_0003075>	"EMAPA:35593"
<http://purl.obolibrary.org/obo/UBERON_0003075>	<http://linkedlifedata.com/resource/umls/id/C0920623>
<http://purl.obolibrary.org/obo/UBERON_0003075>	"EHDAA:902"
<http://purl.obolibrary.org/obo/UBERON_0003075>	"UMLS:C0920623"
<http://purl.obolibrary.org/obo/UBERON_0003075>	"ZFA:0000132"
<http://purl.obolibrary.org/obo/UBERON_0003075>	"EHDAA:346"
<http://purl.obolibrary.org/obo/UBERON_0003075>	"DMBA:15565"
<http://purl.obolibrary.org/obo/UBERON_0003075>	<http://en.wikipedia.org/wiki/Neural_plate>
<http://purl.obolibrary.org/obo/UBERON_0003075>	<http://braininfo.rprc.washington.edu/centraldirectory.aspx?ID=1362>
<http://purl.obolibrary.org/obo/UBERON_0003075>	"DHBA:10153"
<http://purl.obolibrary.org/obo/UBERON_0003075>	"AAO:0011072"
<http://purl.obolibrary.org/obo/UBERON_0003075>	"XAO:0000249"
<http://purl.obolibrary.org/obo/UBERON_0003075>	"BTO:0001765"
<http://purl.obolibrary.org/obo/UBERON_0003075>	"Wikipedia:Neural_plate"
<http://purl.obolibrary.org/obo/UBERON_0003075>	"neuronames:1362"
<http://purl.obolibrary.org/obo/UBERON_0004663>	"MA:0002901"
<http://purl.obolibrary.org/obo/UBERON_0004663>	"FMA:14156"
<http://purl.obolibrary.org/obo/UBERON_0004663>	"EMAPA:35139"
<http://purl.obolibrary.org/obo/UBERON_0007831>	"MAT:0000181"
<http://purl.obolibrary.org/obo/UBERON_0007831>	"EFO:0000946"
<http://purl.obolibrary.org/obo/UBERON_0007831>	"FMA:24141"
<http://purl.obolibrary.org/obo/UBERON_0007831>	"ZFA:0000407"
<http://purl.obolibrary.org/obo/UBERON_0007831>	"TAO:0000407"
<http://purl.obolibrary.org/obo/UBERON_0007831>	"VHOG:0001156"
<http://purl.obolibrary.org/obo/UBERON_0007831>	"MIAA:0000181"
<http://purl.obolibrary.org/obo/UBERON_0007831>	<http://en.wikipedia.org/wiki/Pectoral_girdle>
<http://purl.obolibrary.org/obo/UBERON_0007831>	<http://linkedlifedata.com/resource/umls/id/C0427245>
<http://purl.obolibrary.org/obo/UBERON_0007831>	"UMLS:C0427245"
<http://purl.obolibrary.org/obo/UBERON_0007831>	"AAO:0000754"
<http://purl.obolibrary.org/obo/UBERON_0007831>	"XAO:0003063"
<http://purl.obolibrary.org/obo/UBERON_0007831>	"AAO:0000422"
<http://purl.obolibrary.org/obo/UBERON_0007831>	"NCIT:C33547"
<http://purl.obolibrary.org/obo/UBERON_0007831>	"EHDAA2:0001420"
<http://purl.obolibrary.org/obo/UBERON_0007831>	"VSAO:0000156"
<http://purl.obolibrary.org/obo/UBERON_0007831>	"Wikipedia:Pectoral_girdle"
<http://purl.obolibrary.org/obo/UBERON_0005729>	"ZFA:0001453"
<http://purl.obolibrary.org/obo/UBERON_0005729>	"TAO:0001453"
<http://purl.obolibrary.org/obo/UBERON_0013479>	"BTO:0004128"
<http://purl.obolibrary.org/obo/UBERON_0013479>	"CALOHA:TS-0573"
<http://purl.obolibrary.org/obo/UBERON_0001779>	<http://en.wikipedia.org/wiki/Iris_stroma>
<http://purl.obolibrary.org/obo/UBERON_0001779>	"FMA:58526"
<http://purl.obolibrary.org/obo/UBERON_0001779>	"EMAPA:35451"
<http://purl.obolibrary.org/obo/UBERON_0001779>	"ZFA:0005569"
<http://purl.obolibrary.org/obo/UBERON_0001779>	<http://www.snomedbrowser.com/Codes/Details/280882008>
<http://purl.obolibrary.org/obo/UBERON_0001779>	"MA:0002777"
<http://purl.obolibrary.org/obo/UBERON_0001779>	"Wikipedia:Iris_stroma"
<http://purl.obolibrary.org/obo/UBERON_0001779>	"SCTID:280882008"
<http://purl.obolibrary.org/obo/UBERON_0002217>	"MA:0000322"
<http://purl.obolibrary.org/obo/UBERON_0002217>	"FMA:7501"
<http://purl.obolibrary.org/obo/UBERON_0002217>	"CALOHA:TS-2138"
<http://purl.obolibrary.org/obo/UBERON_0002217>	<http://www.snomedbrowser.com/Codes/Details/113234001>
<http://purl.obolibrary.org/obo/UBERON_0002217>	"OpenCyc:Mx4rv2bBV5wpEbGdrcN5Y29ycA"
<http://purl.obolibrary.org/obo/UBERON_0002217>	"NCIT:C32461"
<http://purl.obolibrary.org/obo/UBERON_0002217>	"galen:SynovialJoint"
<http://purl.obolibrary.org/obo/UBERON_0002217>	"ZFA:0005153"
<http://purl.obolibrary.org/obo/UBERON_0002217>	"TAO:0005153"
<http://purl.obolibrary.org/obo/UBERON_0002217>	"AEO:0000183"
<http://purl.obolibrary.org/obo/UBERON_0002217>	"EHDAA2:0003183"
<http://purl.obolibrary.org/obo/UBERON_0002217>	<http://en.wikipedia.org/wiki/Synovial_joint>
<http://purl.obolibrary.org/obo/UBERON_0002217>	"SCTID:113234001"
<http://purl.obolibrary.org/obo/UBERON_0002217>	"Wikipedia:Synovial_joint"
<http://purl.obolibrary.org/obo/UBERON_0001896>	"TAO:0000545"
<http://purl.obolibrary.org/obo/UBERON_0001896>	"EV:0100275"
<http://purl.obolibrary.org/obo/UBERON_0001896>	"BM:Me"
<http://purl.obolibrary.org/obo/UBERON_0001896>	"DMBA:17352"
<http://purl.obolibrary.org/obo/UBERON_0001896>	"BAMS:Md"
<http://purl.obolibrary.org/obo/UBERON_0001896>	"GAID:590"
<http://purl.obolibrary.org/obo/UBERON_0001896>	"OpenCyc:Mx4rwCqnXJwpEbGdrcN5Y29ycA"
<http://purl.obolibrary.org/obo/UBERON_0001896>	"EHDAA:7588"
<http://purl.obolibrary.org/obo/UBERON_0001896>	"MAT:0000367"
<http://purl.obolibrary.org/obo/UBERON_0001896>	"MIAA:0000111"
<http://purl.obolibrary.org/obo/UBERON_0001896>	<http://linkedlifedata.com/resource/umls/id/C0025148>
<http://purl.obolibrary.org/obo/UBERON_0001896>	"OpenCyc:Mx4rvVjxSJwpEbGdrcN5Y29ycA"
<http://purl.obolibrary.org/obo/UBERON_0001896>	"EMAPA:17550"
<http://purl.obolibrary.org/obo/UBERON_0001896>	"UMLS:C1269575"
<http://purl.obolibrary.org/obo/UBERON_0001896>	"AAO:0010486"
<http://purl.obolibrary.org/obo/UBERON_0001896>	<http://en.wikipedia.org/wiki/Bone_marrow_of_ovary_oblongata>
<http://purl.obolibrary.org/obo/UBERON_0001896>	"NCIT:C12442"
<http://purl.obolibrary.org/obo/UBERON_0001896>	"EFO:0000924"
<http://purl.obolibrary.org/obo/UBERON_0001896>	"VHOG:0000181"
<http://purl.obolibrary.org/obo/UBERON_0001896>	"ZFA:0000545"
<http://purl.obolibrary.org/obo/UBERON_0001896>	"BTO:0000041"
<http://purl.obolibrary.org/obo/UBERON_0001896>	"CALOHA:TS-0607"
<http://purl.obolibrary.org/obo/UBERON_0001896>	"http://braininfo.rprc.washington.edu/centraldirectory.aspx?ID=698"
<http://purl.obolibrary.org/obo/UBERON_0001896>	"XAO:0003100"
<http://purl.obolibrary.org/obo/UBERON_0001896>	"UMLS:C0025148"
<http://purl.obolibrary.org/obo/UBERON_0001896>	<http://braininfo.rprc.washington.edu/centraldirectory.aspx?ID=698>
<http://purl.obolibrary.org/obo/UBERON_0001896>	<http://linkedlifedata.com/resource/umls/id/C1269575>
<http://purl.obolibrary.org/obo/UBERON_0001896>	"MAT:0000111"
<http://purl.obolibrary.org/obo/UBERON_0001896>	<http://www.snomedbrowser.com/Codes/Details/279104005>
<http://purl.obolibrary.org/obo/UBERON_0001896>	"MESH:D008526"
<http://purl.obolibrary.org/obo/UBERON_0001896>	"MA:0000206"
<http://purl.obolibrary.org/obo/UBERON_0001896>	"FMA:62004"
<http://purl.obolibrary.org/obo/UBERON_0001896>	"BIRNLEX:957"
<http://purl.obolibrary.org/obo/UBERON_0001896>	"MBA:354"
<http://purl.obolibrary.org/obo/UBERON_0001896>	"EHDAA2:0001088"
<http://purl.obolibrary.org/obo/UBERON_0001896>	"BAMS:MY"
<http://purl.obolibrary.org/obo/UBERON_0001896>	"Wikipedia:Bone_marrow_of_ovary_oblongata"
<http://purl.obolibrary.org/obo/UBERON_0001896>	"SCTID:279104005"
<http://purl.obolibrary.org/obo/CL_0000988>	"FMA:70366"
<http://purl.obolibrary.org/obo/CL_0000988>	"FMA:83598"
<http://purl.obolibrary.org/obo/CL_0000988>	"BTO:0000574"
<http://purl.obolibrary.org/obo/CL_0000988>	"CALOHA:TS-2017"
<http://purl.obolibrary.org/obo/UBERON_0005956>	"FMA:9473"
<http://purl.obolibrary.org/obo/UBERON_0005956>	<http://www.snomedbrowser.com/Codes/Details/264070001>
<http://purl.obolibrary.org/obo/UBERON_0005956>	<http://en.wikipedia.org/wiki/Aortic_vestibule>
<http://purl.obolibrary.org/obo/UBERON_0005956>	"EMAPA:37925"
<http://purl.obolibrary.org/obo/UBERON_0005956>	"SCTID:264070001"
<http://purl.obolibrary.org/obo/UBERON_0005956>	"Wikipedia:Aortic_vestibule"
<http://purl.obolibrary.org/obo/UBERON_0001048>	"NCIT:C34275"
<http://purl.obolibrary.org/obo/UBERON_0001048>	"BTO:0001886"
<http://purl.obolibrary.org/obo/UBERON_0001048>	"FMA:86589"
<http://purl.obolibrary.org/obo/UBERON_0001048>	"EHDAA2:0003171"
<http://purl.obolibrary.org/obo/UBERON_0001048>	"EFO:0001652"
<http://purl.obolibrary.org/obo/UBERON_0001048>	<http://en.wikipedia.org/wiki/Primordium>
<http://purl.obolibrary.org/obo/UBERON_0001048>	"FBbt:00005495"
<http://purl.obolibrary.org/obo/UBERON_0001048>	"MAT:0000482"
<http://purl.obolibrary.org/obo/UBERON_0001048>	"AEO:0000171"
<http://purl.obolibrary.org/obo/UBERON_0001048>	"UMLS:C0678727"
<http://purl.obolibrary.org/obo/UBERON_0001048>	"XAO:0003043"
<http://purl.obolibrary.org/obo/UBERON_0001048>	<http://linkedlifedata.com/resource/umls/id/C0678727>
<http://purl.obolibrary.org/obo/UBERON_0001048>	"Wikipedia:Primordium"
<http://purl.obolibrary.org/obo/UBERON_0003443>	"MA:0000556"
<http://purl.obolibrary.org/obo/UBERON_0003443>	"EMAPA:37267"
<http://purl.obolibrary.org/obo/UBERON_0004493>	"MA:0002441"
<http://purl.obolibrary.org/obo/UBERON_0004493>	"FMA:261726"
<http://purl.obolibrary.org/obo/UBERON_0004493>	"EMAPA:32688"
<http://purl.obolibrary.org/obo/UBERON_0004764>	"MA:0002837"
<http://purl.obolibrary.org/obo/UBERON_0004764>	<http://en.wikipedia.org/wiki/Intramembranous_ossification>
<http://purl.obolibrary.org/obo/UBERON_0004764>	"Wikipedia:Intramembranous_ossification"
<http://purl.obolibrary.org/obo/UBERON_0004271>	"EMAPA:37707"
<http://purl.obolibrary.org/obo/UBERON_0004271>	"MA:0000491"
<http://purl.obolibrary.org/obo/UBERON_0012429>	"FMA:14073"
<http://purl.obolibrary.org/obo/UBERON_0012429>	<http://linkedlifedata.com/resource/umls/id/C0229619>
<http://purl.obolibrary.org/obo/UBERON_0012429>	"UMLS:C0229619"
<http://purl.obolibrary.org/obo/UBERON_0012429>	"CALOHA:TS-2142"
<http://purl.obolibrary.org/obo/UBERON_0012429>	"NCIT:C13051"
<http://purl.obolibrary.org/obo/UBERON_0003061>	"TAO:0000094"
<http://purl.obolibrary.org/obo/UBERON_0003061>	<http://en.wikipedia.org/wiki/Blood_island_of_umbilical_vesicle>
<http://purl.obolibrary.org/obo/UBERON_0003061>	"TE:E5.11.2.0.0.0.4"
<http://purl.obolibrary.org/obo/UBERON_0003061>	"VHOG:0000085"
<http://purl.obolibrary.org/obo/UBERON_0003061>	"AAO:0011006"
<http://purl.obolibrary.org/obo/UBERON_0003061>	"EFO:0003489"
<http://purl.obolibrary.org/obo/UBERON_0003061>	"XAO:0000067"
<http://purl.obolibrary.org/obo/UBERON_0003061>	"EHDAA:207"
<http://purl.obolibrary.org/obo/UBERON_0003061>	"NCIT:C34113"
<http://purl.obolibrary.org/obo/UBERON_0003061>	"ZFA:0000094"
<http://purl.obolibrary.org/obo/UBERON_0003061>	<http://linkedlifedata.com/resource/umls/id/C1511224>
<http://purl.obolibrary.org/obo/UBERON_0003061>	"UMLS:C1511224"
<http://purl.obolibrary.org/obo/UBERON_0003061>	"Wikipedia:Blood_island_of_umbilical_vesicle"
<http://purl.obolibrary.org/obo/UBERON_0001985>	<http://en.wikipedia.org/wiki/Corneal_endothelium>
<http://purl.obolibrary.org/obo/UBERON_0001985>	"UMLS:C0014259"
<http://purl.obolibrary.org/obo/UBERON_0001985>	"NCIT:C12707"
<http://purl.obolibrary.org/obo/UBERON_0001985>	<http://www.snomedbrowser.com/Codes/Details/368827009>
<http://purl.obolibrary.org/obo/UBERON_0001985>	"ZFA:0001687"
<http://purl.obolibrary.org/obo/UBERON_0001985>	"FMA:63882"
<http://purl.obolibrary.org/obo/UBERON_0001985>	<http://linkedlifedata.com/resource/umls/id/C0014259>
<http://purl.obolibrary.org/obo/UBERON_0001985>	"MA:0001242"
<http://purl.obolibrary.org/obo/UBERON_0001985>	"EMAPA:35935"
<http://purl.obolibrary.org/obo/UBERON_0001985>	"GAID:891"
<http://purl.obolibrary.org/obo/UBERON_0001985>	"TAO:0002186"
<http://purl.obolibrary.org/obo/UBERON_0001985>	"MESH:D004728"
<http://purl.obolibrary.org/obo/UBERON_0001985>	"CALOHA:TS-0172"
<http://purl.obolibrary.org/obo/UBERON_0001985>	"SCTID:368827009"
<http://purl.obolibrary.org/obo/UBERON_0001985>	"Wikipedia:Corneal_endothelium"
<http://purl.obolibrary.org/obo/UBERON_0002091>	<http://linkedlifedata.com/resource/umls/id/C0222646>
<http://purl.obolibrary.org/obo/UBERON_0002091>	"MIAA:0000278"
<http://purl.obolibrary.org/obo/UBERON_0002091>	"VSAO:0000076"
<http://purl.obolibrary.org/obo/UBERON_0002091>	"MAT:0000278"
<http://purl.obolibrary.org/obo/UBERON_0002091>	<http://www.snomedbrowser.com/Codes/Details/322050006>
<http://purl.obolibrary.org/obo/UBERON_0002091>	"FMA:71222"
<http://purl.obolibrary.org/obo/UBERON_0002091>	<http://en.wikipedia.org/wiki/Appendicular_skeleton>
<http://purl.obolibrary.org/obo/UBERON_0002091>	"EFO:0000951"
<http://purl.obolibrary.org/obo/UBERON_0002091>	"AAO:0000747"
<http://purl.obolibrary.org/obo/UBERON_0002091>	"NCIT:C49477"
<http://purl.obolibrary.org/obo/UBERON_0002091>	"UMLS:C0222646"
<http://purl.obolibrary.org/obo/UBERON_0002091>	"VHOG:0001666"
<http://purl.obolibrary.org/obo/UBERON_0002091>	"MA:0000290"
<http://purl.obolibrary.org/obo/UBERON_0002091>	"EMAPA:32729"
<http://purl.obolibrary.org/obo/UBERON_0002091>	"XAO:0003166"
<http://purl.obolibrary.org/obo/UBERON_0002091>	"Wikipedia:Appendicular_skeleton"
<http://purl.obolibrary.org/obo/UBERON_0002091>	"SCTID:322050006"
<http://purl.obolibrary.org/obo/CL_0000056>	"CALOHA:TS-0650"
<http://purl.obolibrary.org/obo/CL_0000056>	"FBbt:00005083"
<http://purl.obolibrary.org/obo/CL_0000056>	"FMA:70335"
<http://purl.obolibrary.org/obo/CL_0000056>	"BTO:0000222"
<http://purl.obolibrary.org/obo/CL_0000056>	"VHOG:0001529"
<http://purl.obolibrary.org/obo/UBERON_0007278>	"TAO:0002234"
<http://purl.obolibrary.org/obo/UBERON_0007278>	"ZFA:0001722"
<http://purl.obolibrary.org/obo/UBERON_0007281>	"EFO:0003446"
<http://purl.obolibrary.org/obo/UBERON_0007281>	"XAO:0004086"
<http://purl.obolibrary.org/obo/UBERON_0007281>	"TAO:0001187"
<http://purl.obolibrary.org/obo/UBERON_0007281>	"ZFA:0001187"
<http://purl.obolibrary.org/obo/UBERON_0001508>	"GAID:471"
<http://purl.obolibrary.org/obo/UBERON_0001508>	"EHDAA2:0000132"
<http://purl.obolibrary.org/obo/UBERON_0001508>	<http://en.wikipedia.org/wiki/Arch_of_aorta>
<http://purl.obolibrary.org/obo/UBERON_0001508>	"MA:0000475"
<http://purl.obolibrary.org/obo/UBERON_0001508>	<http://www.snomedbrowser.com/Codes/Details/181300001>
<http://purl.obolibrary.org/obo/UBERON_0001508>	"EFO:0002526"
<http://purl.obolibrary.org/obo/UBERON_0001508>	"FMA:3768"
<http://purl.obolibrary.org/obo/UBERON_0001508>	"EMAPA:17613"
<http://purl.obolibrary.org/obo/UBERON_0001508>	"BTO:0000157"
<http://purl.obolibrary.org/obo/UBERON_0001508>	"VHOG:0001196"
<http://purl.obolibrary.org/obo/UBERON_0001508>	"Wikipedia:Arch_of_aorta"
<http://purl.obolibrary.org/obo/UBERON_0001508>	"SCTID:181300001"
<http://purl.obolibrary.org/obo/CL_0000000>	"CALOHA:TS-2035"
<http://purl.obolibrary.org/obo/CL_0000000>	"XAO:0003012"
<http://purl.obolibrary.org/obo/CL_0000000>	"VHOG:0001533"
<http://purl.obolibrary.org/obo/CL_0000000>	"GO:0005623"
<http://purl.obolibrary.org/obo/CL_0000000>	"FMA:68646"
<http://purl.obolibrary.org/obo/CL_0000000>	"WBbt:0004017"
<http://purl.obolibrary.org/obo/CL_0000000>	"KUPO:0000002"
<http://purl.obolibrary.org/obo/CL_0000000>	"MESH:D002477"
<http://purl.obolibrary.org/obo/UBERON_0005564>	"ZFA:0001262"
<http://purl.obolibrary.org/obo/UBERON_0005564>	"EMAPA:17204"
<http://purl.obolibrary.org/obo/UBERON_0005564>	"EFO:0003651"
<http://purl.obolibrary.org/obo/UBERON_0005564>	"TAO:0001262"
<http://purl.obolibrary.org/obo/UBERON_0005564>	"EHDAA:5927"
<http://purl.obolibrary.org/obo/UBERON_0005564>	"WBbt:0008366"
<http://purl.obolibrary.org/obo/UBERON_0005564>	"RETIRED_EHDAA2:0002148"
<http://purl.obolibrary.org/obo/UBERON_0000489>	"VHOG:0001730"
<http://purl.obolibrary.org/obo/UBERON_0000489>	"FMA:55671"
<http://purl.obolibrary.org/obo/UBERON_0000489>	"AAO:0010016"
<http://purl.obolibrary.org/obo/UBERON_0000489>	"TAO:0001490"
<http://purl.obolibrary.org/obo/UBERON_0000489>	"BILA:0000072"
<http://purl.obolibrary.org/obo/UBERON_0000489>	"TGMA:0001857"
<http://purl.obolibrary.org/obo/UBERON_0000489>	"HAO:0000072"
<http://purl.obolibrary.org/obo/UBERON_0000489>	"AEO:0000072"
<http://purl.obolibrary.org/obo/UBERON_0000489>	"XAO:0003165"
<http://purl.obolibrary.org/obo/UBERON_0000489>	"EHDAA2:0003072"
<http://purl.obolibrary.org/obo/UBERON_0000489>	"CARO:0000072"
<http://purl.obolibrary.org/obo/UBERON_0000489>	"ZFA:0001490"
<http://purl.obolibrary.org/obo/UBERON_0005422>	"VHOG:0001066"
<http://purl.obolibrary.org/obo/UBERON_0005422>	"ZFA:0001385"
<http://purl.obolibrary.org/obo/UBERON_0005422>	"EMAPA:16892"
<http://purl.obolibrary.org/obo/UBERON_0005422>	"EHDAA2:0003194"
<http://purl.obolibrary.org/obo/UBERON_0005422>	"EFO:0003681"
<http://purl.obolibrary.org/obo/UBERON_0005422>	"TAO:0001385"
<http://purl.obolibrary.org/obo/CL_0000499>	"FMA:83624"
<http://purl.obolibrary.org/obo/CL_0000499>	"BTO:0002064"
<http://purl.obolibrary.org/obo/UBERON_0007499>	"AEO:0000115"
<http://purl.obolibrary.org/obo/UBERON_0007499>	"EHDAA2:0003115"
<http://purl.obolibrary.org/obo/UBERON_0012254>	<http://www.snomedbrowser.com/Codes/Details/281470000>
<http://purl.obolibrary.org/obo/UBERON_0012254>	"SCTID:281470000"
<http://purl.obolibrary.org/obo/UBERON_0000108>	"BilaDO:0000007"
<http://purl.obolibrary.org/obo/UBERON_0000108>	"WBls:0000005"
<http://purl.obolibrary.org/obo/UBERON_0000108>	"OGES:000003"
<http://purl.obolibrary.org/obo/UBERON_0000108>	"XAO:1000003"
<http://purl.obolibrary.org/obo/UBERON_0000108>	"MmusDv:0000007"
<http://purl.obolibrary.org/obo/UBERON_0000108>	"OGES:000016"
<http://purl.obolibrary.org/obo/UBERON_0000108>	<http://en.wikipedia.org/wiki/Blastula>
<http://purl.obolibrary.org/obo/UBERON_0000108>	"OGES:000021"
<http://purl.obolibrary.org/obo/UBERON_0000108>	"BILS:0000108"
<http://purl.obolibrary.org/obo/UBERON_0000108>	"HsapDv:0000006"
<http://purl.obolibrary.org/obo/UBERON_0000108>	"ZFS:0000045"
<http://purl.obolibrary.org/obo/UBERON_0000108>	"OpenCyc:Mx4rEetFnKP2EdqAAAACs4vPlg"
<http://purl.obolibrary.org/obo/UBERON_0000108>	"EFO:0001282"
<http://purl.obolibrary.org/obo/UBERON_0000108>	"Wikipedia:Blastula"
<http://purl.obolibrary.org/obo/GO_0031012>	"Wikipedia:Extracellular_matrix"
<http://purl.obolibrary.org/obo/GO_0031012>	"NIF_Subcellular:nlx_subcell_20090513"
<http://purl.obolibrary.org/obo/UBERON_0019189>	"BTO:0004626"
<http://purl.obolibrary.org/obo/CL_0000221>	"FMA:72549"
<http://purl.obolibrary.org/obo/UBERON_0001145>	"FMA:14346"
<http://purl.obolibrary.org/obo/UBERON_0001145>	"OpenCyc:Mx4rvrST5ZwpEbGdrcN5Y29ycA"
<http://purl.obolibrary.org/obo/UBERON_0001145>	"NCIT:C53058"
<http://purl.obolibrary.org/obo/UBERON_0001145>	<http://linkedlifedata.com/resource/umls/id/C0226720>
<http://purl.obolibrary.org/obo/UBERON_0001145>	"EMAPA:18644"
<http://purl.obolibrary.org/obo/UBERON_0001145>	"UMLS:C0226720"
<http://purl.obolibrary.org/obo/UBERON_0001145>	<http://en.wikipedia.org/wiki/Ovarian_vein>
<http://purl.obolibrary.org/obo/UBERON_0001145>	<http://www.snomedbrowser.com/Codes/Details/278193003>
<http://purl.obolibrary.org/obo/UBERON_0001145>	"MA:0002186"
<http://purl.obolibrary.org/obo/UBERON_0001145>	"SCTID:278193003"
<http://purl.obolibrary.org/obo/UBERON_0001145>	"Wikipedia:Ovarian_vein"
<http://purl.obolibrary.org/obo/UBERON_0000916>	"OpenCyc:Mx4rvVjgyZwpEbGdrcN5Y29ycA"
<http://purl.obolibrary.org/obo/UBERON_0000916>	"BTO:0000020"
<http://purl.obolibrary.org/obo/UBERON_0000916>	"EV:0100011"
<http://purl.obolibrary.org/obo/UBERON_0000916>	"MAT:0000298"
<http://purl.obolibrary.org/obo/UBERON_0000916>	"EMAPA:35102"
<http://purl.obolibrary.org/obo/UBERON_0000916>	"CALOHA:TS-0001"
<http://purl.obolibrary.org/obo/UBERON_0000916>	<http://www.snomedbrowser.com/Codes/Details/302553009>
<http://purl.obolibrary.org/obo/UBERON_0000916>	"galen:Abdomen"
<http://purl.obolibrary.org/obo/UBERON_0000916>	"MIAA:0000298"
<http://purl.obolibrary.org/obo/UBERON_0000916>	"EFO:0000968"
<http://purl.obolibrary.org/obo/UBERON_0000916>	"MESH:A01.047"
<http://purl.obolibrary.org/obo/UBERON_0000916>	"FMA:9577"
<http://purl.obolibrary.org/obo/UBERON_0000916>	<http://en.wikipedia.org/wiki/Abdomen>
<http://purl.obolibrary.org/obo/UBERON_0000916>	"MA:0000029"
<http://purl.obolibrary.org/obo/UBERON_0000916>	"GAID:16"
<http://purl.obolibrary.org/obo/UBERON_0000916>	"SCTID:302553009"
<http://purl.obolibrary.org/obo/UBERON_0000916>	"Wikipedia:Abdomen"
<http://purl.obolibrary.org/obo/UBERON_0000916>	"MESH:D000005"
<http://purl.obolibrary.org/obo/UBERON_0002371>	"MIAA:0000084"
<http://purl.obolibrary.org/obo/UBERON_0002371>	<http://www.snomedbrowser.com/Codes/Details/421320006>
<http://purl.obolibrary.org/obo/UBERON_0002371>	"BTO:0000141"
<http://purl.obolibrary.org/obo/UBERON_0002371>	"EV:0100046"
<http://purl.obolibrary.org/obo/UBERON_0002371>	"MAT:0000084"
<http://purl.obolibrary.org/obo/UBERON_0002371>	"galen:BoneMarrow"
<http://purl.obolibrary.org/obo/UBERON_0002371>	"EMAPA:32760"
<http://purl.obolibrary.org/obo/UBERON_0002371>	"MESH:D001853"
<http://purl.obolibrary.org/obo/UBERON_0002371>	"VHOG:0001218"
<http://purl.obolibrary.org/obo/UBERON_0002371>	"CALOHA:TS-0087"
<http://purl.obolibrary.org/obo/UBERON_0002371>	"MA:0000134"
<http://purl.obolibrary.org/obo/UBERON_0002371>	<http://en.wikipedia.org/wiki/Bone_marrow>
<http://purl.obolibrary.org/obo/UBERON_0002371>	"UMLS:C0005953"
<http://purl.obolibrary.org/obo/UBERON_0002371>	"BTO:0000829"
<http://purl.obolibrary.org/obo/UBERON_0002371>	<http://linkedlifedata.com/resource/umls/id/C0005953>
<http://purl.obolibrary.org/obo/UBERON_0002371>	"AAO:0011007"
<http://purl.obolibrary.org/obo/UBERON_0002371>	"XAO:0000123"
<http://purl.obolibrary.org/obo/UBERON_0002371>	"EFO:0000868"
<http://purl.obolibrary.org/obo/UBERON_0002371>	"OpenCyc:Mx4rvVm-FpwpEbGdrcN5Y29ycA"
<http://purl.obolibrary.org/obo/UBERON_0002371>	"FMA:9608"
<http://purl.obolibrary.org/obo/UBERON_0002371>	"GAID:1287"
<http://purl.obolibrary.org/obo/UBERON_0002371>	"NCIT:C12431"
<http://purl.obolibrary.org/obo/UBERON_0002371>	"Wikipedia:Bone_marrow"
<http://purl.obolibrary.org/obo/UBERON_0002371>	"SCTID:421320006"
<http://purl.obolibrary.org/obo/UBERON_0002097>	"galen:Skin"
<http://purl.obolibrary.org/obo/UBERON_0002097>	"MESH:D012867"
<http://purl.obolibrary.org/obo/UBERON_0002097>	"EMAPA:17525"
<http://purl.obolibrary.org/obo/UBERON_0002097>	"FMA:7163"
<http://purl.obolibrary.org/obo/UBERON_0002097>	"OpenCyc:Mx4rvVjX3ZwpEbGdrcN5Y29ycA"
<http://purl.obolibrary.org/obo/UBERON_0002097>	"NCIT:C12470"
<http://purl.obolibrary.org/obo/UBERON_0002097>	<http://linkedlifedata.com/resource/umls/id/C1123023>
<http://purl.obolibrary.org/obo/UBERON_0002097>	<http://www.snomedbrowser.com/Codes/Details/181469002>
<http://purl.obolibrary.org/obo/UBERON_0002097>	<http://en.wikipedia.org/wiki/Skin>
<http://purl.obolibrary.org/obo/UBERON_0002097>	"XAO:0000023"
<http://purl.obolibrary.org/obo/UBERON_0002097>	"BTO:0001253"
<http://purl.obolibrary.org/obo/UBERON_0002097>	"MFMO:0000099"
<http://purl.obolibrary.org/obo/UBERON_0002097>	"EFO:0000962"
<http://purl.obolibrary.org/obo/UBERON_0002097>	"EHDAA2:0001844"
<http://purl.obolibrary.org/obo/UBERON_0002097>	"CALOHA:TS-0934"
<http://purl.obolibrary.org/obo/UBERON_0002097>	"UMLS:C1123023"
<http://purl.obolibrary.org/obo/UBERON_0002097>	"SCTID:181469002"
<http://purl.obolibrary.org/obo/UBERON_0002097>	"Wikipedia:Skin"
<http://purl.obolibrary.org/obo/CHEBI_15841>	"KEGG:C00403"
<http://purl.obolibrary.org/obo/UBERON_0012475>	"FMA:24139"
<http://purl.obolibrary.org/obo/UBERON_0006535>	"MA:0002537"
<http://purl.obolibrary.org/obo/UBERON_0003103>	"CARO:0000024"
<http://purl.obolibrary.org/obo/UBERON_0003103>	"XAO:0003041"
<http://purl.obolibrary.org/obo/UBERON_0003103>	"AEO:0000024"
<http://purl.obolibrary.org/obo/UBERON_0003103>	"ZFA:0000496"
<http://purl.obolibrary.org/obo/UBERON_0003103>	"VHOG:0001723"
<http://purl.obolibrary.org/obo/UBERON_0003103>	"TAO:0000496"
<http://purl.obolibrary.org/obo/UBERON_0003103>	"TADS:0000598"
<http://purl.obolibrary.org/obo/UBERON_0003103>	"EHDAA2:0003024"
<http://purl.obolibrary.org/obo/UBERON_0003103>	"AAO:0010015"
<http://purl.obolibrary.org/obo/UBERON_0003103>	"BILA:0000024"
<http://purl.obolibrary.org/obo/UBERON_0003103>	"TGMA:0001837"
<http://purl.obolibrary.org/obo/UBERON_0003103>	"HAO:0000024"
<http://purl.obolibrary.org/obo/UBERON_0012360>	<http://www.snomedbrowser.com/Codes/Details/369003004>
<http://purl.obolibrary.org/obo/UBERON_0012360>	"EMAPA:35453"
<http://purl.obolibrary.org/obo/UBERON_0012360>	"MA:0003130"
<http://purl.obolibrary.org/obo/UBERON_0012360>	"SCTID:369003004"
<http://purl.obolibrary.org/obo/UBERON_0003350>	"BTO:0003752"
<http://purl.obolibrary.org/obo/CL_1000306>	"FMA:261285"
<http://purl.obolibrary.org/obo/UBERON_0003643>	"MA:0001800"
<http://purl.obolibrary.org/obo/UBERON_0003643>	"EMAPA:37565"
<http://purl.obolibrary.org/obo/GO_0043005>	"NIF_Subcellular:sao867568886"
<http://purl.obolibrary.org/obo/UBERON_0004548>	"FMA:12515"
<http://purl.obolibrary.org/obo/UBERON_0004548>	"EMAPA:37362"
<http://purl.obolibrary.org/obo/UBERON_0004548>	"MA:0002949"
<http://purl.obolibrary.org/obo/UBERON_0004548>	"NCIT:C119334"
<http://purl.obolibrary.org/obo/UBERON_0004548>	<http://www.snomedbrowser.com/Codes/Details/362503005>
<http://purl.obolibrary.org/obo/UBERON_0004548>	"SCTID:362503005"
<http://purl.obolibrary.org/obo/UBERON_0005865>	"AEO:0000149"
<http://purl.obolibrary.org/obo/UBERON_0005865>	"EHDAA2_RETIRED:0003149"
<http://purl.obolibrary.org/obo/UBERON_0011222>	"EMAPA:18808"
<http://purl.obolibrary.org/obo/UBERON_0011222>	"FMA:49150"
<http://purl.obolibrary.org/obo/UBERON_0011222>	"AAO:0010038"
<http://purl.obolibrary.org/obo/UBERON_0007376>	"BSA:0000073"
<http://purl.obolibrary.org/obo/UBERON_0007376>	"HAO:0000298"
<http://purl.obolibrary.org/obo/UBERON_0007376>	"BTO:0000313"
<http://purl.obolibrary.org/obo/UBERON_0007376>	"FBbt:00004993"
<http://purl.obolibrary.org/obo/UBERON_0007376>	"WBbt:0005733"
<http://purl.obolibrary.org/obo/UBERON_0007376>	<http://en.wikipedia.org/wiki/Epidermis_(zoology)>
<http://purl.obolibrary.org/obo/UBERON_0007376>	"TADS:0000109"
<http://purl.obolibrary.org/obo/UBERON_0007376>	"Wikipedia:Epidermis_(zoology)"
<http://purl.obolibrary.org/obo/UBERON_0000073>	<http://linkedlifedata.com/resource/umls/id/C1518256>
<http://purl.obolibrary.org/obo/UBERON_0000073>	"UMLS:C1518256"
<http://purl.obolibrary.org/obo/UBERON_0000073>	"NCIT:C13040"
<http://purl.obolibrary.org/obo/UBERON_0000073>	<http://www.snomedbrowser.com/Codes/Details/25087005>
<http://purl.obolibrary.org/obo/UBERON_0000073>	"BIRNLEX:1157"
<http://purl.obolibrary.org/obo/UBERON_0000073>	"SCTID:25087005"
<http://purl.obolibrary.org/obo/UBERON_0009145>	"EMAPA:16549"
<http://purl.obolibrary.org/obo/UBERON_0009145>	"RETIRED_EHDAA2:0001454"
<http://purl.obolibrary.org/obo/UBERON_0007823>	"VSAO:0000303"
<http://purl.obolibrary.org/obo/UBERON_0007823>	"EMAPA:37854"
<http://purl.obolibrary.org/obo/UBERON_0007823>	"FMA:24874"
<http://purl.obolibrary.org/obo/UBERON_0002390>	"MAT:0000022"
<http://purl.obolibrary.org/obo/UBERON_0002390>	"EMAPA:35402"
<http://purl.obolibrary.org/obo/UBERON_0002390>	"BTO:0000570"
<http://purl.obolibrary.org/obo/UBERON_0002390>	<http://en.wikipedia.org/wiki/Haematopoiesis>
<http://purl.obolibrary.org/obo/UBERON_0002390>	"XAO:0000122"
<http://purl.obolibrary.org/obo/UBERON_0002390>	"VHOG:0001624"
<http://purl.obolibrary.org/obo/UBERON_0002390>	"NCIT:C12909"
<http://purl.obolibrary.org/obo/UBERON_0002390>	<http://www.snomedbrowser.com/Codes/Details/362587009>
<http://purl.obolibrary.org/obo/UBERON_0002390>	"MIAA:0000022"
<http://purl.obolibrary.org/obo/UBERON_0002390>	"CALOHA:TS-0449"
<http://purl.obolibrary.org/obo/UBERON_0002390>	<http://linkedlifedata.com/resource/umls/id/C0018957>
<http://purl.obolibrary.org/obo/UBERON_0002390>	"MA:0002434"
<http://purl.obolibrary.org/obo/UBERON_0002390>	"FMA:9667"
<http://purl.obolibrary.org/obo/UBERON_0002390>	"EFO:0000798"
<http://purl.obolibrary.org/obo/UBERON_0002390>	"TAO:0005023"
<http://purl.obolibrary.org/obo/UBERON_0002390>	"GAID:1008"
<http://purl.obolibrary.org/obo/UBERON_0002390>	"MESH:D006413"
<http://purl.obolibrary.org/obo/UBERON_0002390>	"ZFA:0005023"
<http://purl.obolibrary.org/obo/UBERON_0002390>	"UMLS:C0018957"
<http://purl.obolibrary.org/obo/UBERON_0002390>	"EV:0100045"
<http://purl.obolibrary.org/obo/UBERON_0002390>	"AAO:0011002"
<http://purl.obolibrary.org/obo/UBERON_0002390>	"SCTID:362587009"
<http://purl.obolibrary.org/obo/UBERON_0002390>	"Wikipedia:Haematopoiesis"
<http://purl.obolibrary.org/obo/UBERON_0003463>	"MA:0000512"
<http://purl.obolibrary.org/obo/UBERON_0003463>	<http://www.snomedbrowser.com/Codes/Details/427358002>
<http://purl.obolibrary.org/obo/UBERON_0003463>	"EMAPA:36583"
<http://purl.obolibrary.org/obo/UBERON_0003463>	"SCTID:427358002"
<http://purl.obolibrary.org/obo/UBERON_0004696>	"MA:0000715"
<http://purl.obolibrary.org/obo/UBERON_0004696>	"EMAPA:36613"
<http://purl.obolibrary.org/obo/UBERON_0000490>	"HAO:0000073"
<http://purl.obolibrary.org/obo/UBERON_0000490>	"XAO:0004007"
<http://purl.obolibrary.org/obo/UBERON_0000490>	"ZFA:0001495"
<http://purl.obolibrary.org/obo/UBERON_0000490>	"CARO:0000073"
<http://purl.obolibrary.org/obo/UBERON_0000490>	"NCIT:C33554"
<http://purl.obolibrary.org/obo/UBERON_0000490>	"TAO:0001495"
<http://purl.obolibrary.org/obo/UBERON_0000490>	"BILA:0000073"
<http://purl.obolibrary.org/obo/UBERON_0000490>	"EHDAA2:0003073"
<http://purl.obolibrary.org/obo/UBERON_0000490>	"FMA:45561"
<http://purl.obolibrary.org/obo/UBERON_0000490>	<http://linkedlifedata.com/resource/umls/id/C0682574>
<http://purl.obolibrary.org/obo/UBERON_0000490>	"AAO:0010062"
<http://purl.obolibrary.org/obo/UBERON_0000490>	"BTO:0002073"
<http://purl.obolibrary.org/obo/UBERON_0000490>	"UMLS:C0682574"
<http://purl.obolibrary.org/obo/UBERON_0000490>	"AEO:0000073"
<http://purl.obolibrary.org/obo/UBERON_0000490>	<http://www.snomedbrowser.com/Codes/Details/309043004>
<http://purl.obolibrary.org/obo/UBERON_0000490>	"SCTID:309043004"
<http://purl.obolibrary.org/obo/UBERON_0000031>	"EMAPA:35877"
<http://purl.obolibrary.org/obo/UBERON_0000031>	"MA:0001858"
<http://purl.obolibrary.org/obo/UBERON_0000031>	<http://linkedlifedata.com/resource/umls/id/C1710457>
<http://purl.obolibrary.org/obo/UBERON_0000031>	"NCIT:C49305"
<http://purl.obolibrary.org/obo/UBERON_0000031>	"FMA:265157"
<http://purl.obolibrary.org/obo/UBERON_0000031>	"UMLS:C1710457"
<http://purl.obolibrary.org/obo/UBERON_0003714>	"MESH:D009417"
<http://purl.obolibrary.org/obo/UBERON_0003714>	"GAID:609"
<http://purl.obolibrary.org/obo/UBERON_0003714>	"AEO:0000123"
<http://purl.obolibrary.org/obo/UBERON_0003714>	"NCIT:C13052"
<http://purl.obolibrary.org/obo/UBERON_0003714>	<http://www.snomedbrowser.com/Codes/Details/91728009>
<http://purl.obolibrary.org/obo/UBERON_0003714>	"EHDAA2:0003123"
<http://purl.obolibrary.org/obo/UBERON_0003714>	"OpenCyc:Mx4rVmfYCsQ_QdeM_bFAeS8NRQ"
<http://purl.obolibrary.org/obo/UBERON_0003714>	"FMA:9642"
<http://purl.obolibrary.org/obo/UBERON_0003714>	"AAO:0000325"
<http://purl.obolibrary.org/obo/UBERON_0003714>	<http://linkedlifedata.com/resource/umls/id/C0027757>
<http://purl.obolibrary.org/obo/UBERON_0003714>	"UMLS:C0027757"
<http://purl.obolibrary.org/obo/UBERON_0003714>	"SCTID:91728009"
<http://purl.obolibrary.org/obo/UBERON_0002028>	"EHDAA:3514"
<http://purl.obolibrary.org/obo/UBERON_0002028>	"XAO:0000015"
<http://purl.obolibrary.org/obo/UBERON_0002028>	"VHOG:0000070"
<http://purl.obolibrary.org/obo/UBERON_0002028>	"BTO:0000672"
<http://purl.obolibrary.org/obo/UBERON_0002028>	"MESH:D012249"
<http://purl.obolibrary.org/obo/UBERON_0002028>	<http://linkedlifedata.com/resource/umls/id/C0035507>
<http://purl.obolibrary.org/obo/UBERON_0002028>	"BIRNLEX:942"
<http://purl.obolibrary.org/obo/UBERON_0002028>	"FMA:67687"
<http://purl.obolibrary.org/obo/UBERON_0002028>	"UMLS:C1522180"
<http://purl.obolibrary.org/obo/UBERON_0002028>	"CALOHA:TS-0457"
<http://purl.obolibrary.org/obo/UBERON_0002028>	"ZFA:0000029"
<http://purl.obolibrary.org/obo/UBERON_0002028>	"MBA:1065"
<http://purl.obolibrary.org/obo/UBERON_0002028>	"MA:0000195"
<http://purl.obolibrary.org/obo/UBERON_0002028>	<http://www.snomedbrowser.com/Codes/Details/303456008>
<http://purl.obolibrary.org/obo/UBERON_0002028>	<http://linkedlifedata.com/resource/umls/id/C1522180>
<http://purl.obolibrary.org/obo/UBERON_0002028>	"UMLS:C0035507"
<http://purl.obolibrary.org/obo/UBERON_0002028>	"MIAA:0000107"
<http://purl.obolibrary.org/obo/UBERON_0002028>	"EHDAA:6487"
<http://purl.obolibrary.org/obo/UBERON_0002028>	"TAO:0000029"
<http://purl.obolibrary.org/obo/UBERON_0002028>	"EMAPA:16916"
<http://purl.obolibrary.org/obo/UBERON_0002028>	"EFO:0000923"
<http://purl.obolibrary.org/obo/UBERON_0002028>	"DMBA:16808"
<http://purl.obolibrary.org/obo/UBERON_0002028>	"AAO:0010150"
<http://purl.obolibrary.org/obo/UBERON_0002028>	"BAMS:HB"
<http://purl.obolibrary.org/obo/UBERON_0002028>	"http://braininfo.rprc.washington.edu/centraldirectory.aspx?ID=540"
<http://purl.obolibrary.org/obo/UBERON_0002028>	"NCIT:C40336"
<http://purl.obolibrary.org/obo/UBERON_0002028>	<http://braininfo.rprc.washington.edu/centraldirectory.aspx?ID=540>
<http://purl.obolibrary.org/obo/UBERON_0002028>	<http://en.wikipedia.org/wiki/Rhombencephalon>
<http://purl.obolibrary.org/obo/UBERON_0002028>	"MAT:0000107"
<http://purl.obolibrary.org/obo/UBERON_0002028>	"EHDAA2:0000746"
<http://purl.obolibrary.org/obo/UBERON_0002028>	"DHBA:10653"
<http://purl.obolibrary.org/obo/UBERON_0002028>	"Wikipedia:Rhombencephalon"
<http://purl.obolibrary.org/obo/UBERON_0002028>	"SCTID:303456008"
<http://purl.obolibrary.org/obo/UBERON_0003831>	"MA:0001828"
<http://purl.obolibrary.org/obo/UBERON_0003831>	"EMAPA:35733"
<http://purl.obolibrary.org/obo/UBERON_0000924>	"FBbt:00000111"
<http://purl.obolibrary.org/obo/UBERON_0000924>	"EFO:0000414"
<http://purl.obolibrary.org/obo/UBERON_0000924>	<http://linkedlifedata.com/resource/umls/id/C0013574>
<http://purl.obolibrary.org/obo/UBERON_0000924>	"MAT:0000173"
<http://purl.obolibrary.org/obo/UBERON_0000924>	<http://www.snomedbrowser.com/Codes/Details/362851007>
<http://purl.obolibrary.org/obo/UBERON_0000924>	"CALOHA:TS-0216"
<http://purl.obolibrary.org/obo/UBERON_0000924>	"XAO:0000001"
<http://purl.obolibrary.org/obo/UBERON_0000924>	"EV:0100003"
<http://purl.obolibrary.org/obo/UBERON_0000924>	"GAID:1304"
<http://purl.obolibrary.org/obo/UBERON_0000924>	"UMLS:C0013574"
<http://purl.obolibrary.org/obo/UBERON_0000924>	"FMA:69070"
<http://purl.obolibrary.org/obo/UBERON_0000924>	"BTO:0000315"
<http://purl.obolibrary.org/obo/UBERON_0000924>	"TAO:0000016"
<http://purl.obolibrary.org/obo/UBERON_0000924>	"MESH:A16.254.425.273"
<http://purl.obolibrary.org/obo/UBERON_0000924>	"AAO:0000137"
<http://purl.obolibrary.org/obo/UBERON_0000924>	"ZFA:0000016"
<http://purl.obolibrary.org/obo/UBERON_0000924>	"EMAPA:16069"
<http://purl.obolibrary.org/obo/UBERON_0000924>	"MAT:0000155"
<http://purl.obolibrary.org/obo/UBERON_0000924>	"EHDAA2:0000428"
<http://purl.obolibrary.org/obo/UBERON_0000924>	<http://en.wikipedia.org/wiki/Ectoderm>
<http://purl.obolibrary.org/obo/UBERON_0000924>	"NCIT:C12703"
<http://purl.obolibrary.org/obo/UBERON_0000924>	"BILA:0000036"
<http://purl.obolibrary.org/obo/UBERON_0000924>	"VHOG:0000153"
<http://purl.obolibrary.org/obo/UBERON_0000924>	"MIAA:0000173"
<http://purl.obolibrary.org/obo/UBERON_0000924>	"SCTID:362851007"
<http://purl.obolibrary.org/obo/UBERON_0000924>	"Wikipedia:Ectoderm"
<http://purl.obolibrary.org/obo/UBERON_0000924>	"MESH:D004475"
<http://purl.obolibrary.org/obo/UBERON_0001802>	"ZFA:0005567"
<http://purl.obolibrary.org/obo/UBERON_0001802>	"EMAPA:36595"
<http://purl.obolibrary.org/obo/UBERON_0001802>	"UMLS:C0278450"
<http://purl.obolibrary.org/obo/UBERON_0001802>	<http://linkedlifedata.com/resource/umls/id/C0278450>
<http://purl.obolibrary.org/obo/UBERON_0001802>	<http://en.wikipedia.org/wiki/Posterior_segment_of_eyeball>
<http://purl.obolibrary.org/obo/UBERON_0001802>	"MA:0002485"
<http://purl.obolibrary.org/obo/UBERON_0001802>	"FMA:58868"
<http://purl.obolibrary.org/obo/UBERON_0001802>	<http://www.snomedbrowser.com/Codes/Details/280659009>
<http://purl.obolibrary.org/obo/UBERON_0001802>	"NCIT:C12906"
<http://purl.obolibrary.org/obo/UBERON_0001802>	"Wikipedia:Posterior_segment_of_eyeball"
<http://purl.obolibrary.org/obo/UBERON_0001802>	"SCTID:280659009"
<http://purl.obolibrary.org/obo/UBERON_0005989>	<http://www.snomedbrowser.com/Codes/Details/280151006>
<http://purl.obolibrary.org/obo/UBERON_0005989>	<http://en.wikipedia.org/wiki/Atrioventricular_septum>
<http://purl.obolibrary.org/obo/UBERON_0005989>	"FMA:7136"
<http://purl.obolibrary.org/obo/UBERON_0005989>	"EMAPA:37431"
<http://purl.obolibrary.org/obo/UBERON_0005989>	"SCTID:280151006"
<http://purl.obolibrary.org/obo/UBERON_0005989>	"Wikipedia:Atrioventricular_septum"
<http://purl.obolibrary.org/obo/UBERON_0003476>	"MA:0001809"
<http://purl.obolibrary.org/obo/UBERON_0003476>	"EMAPA:37584"
<http://purl.obolibrary.org/obo/UBERON_0003476>	"MA:0001810"
<http://purl.obolibrary.org/obo/UBERON_0013756>	"FMA:83067"
<http://purl.obolibrary.org/obo/UBERON_0000483>	"BILA:0000066"
<http://purl.obolibrary.org/obo/UBERON_0000483>	"FMA:9639"
<http://purl.obolibrary.org/obo/UBERON_0000483>	"EMAPA:32738"
<http://purl.obolibrary.org/obo/UBERON_0000483>	"BTO:0000416"
<http://purl.obolibrary.org/obo/UBERON_0000483>	"UMLS:C0014609"
<http://purl.obolibrary.org/obo/UBERON_0000483>	"HAO:0000066"
<http://purl.obolibrary.org/obo/UBERON_0000483>	"XAO:0003045"
<http://purl.obolibrary.org/obo/UBERON_0000483>	"CALOHA:TS-0288"
<http://purl.obolibrary.org/obo/UBERON_0000483>	"TAO:0001486"
<http://purl.obolibrary.org/obo/UBERON_0000483>	"FBbt:00007005"
<http://purl.obolibrary.org/obo/UBERON_0000483>	"VHOG:0000387"
<http://purl.obolibrary.org/obo/UBERON_0000483>	"MESH:D004848"
<http://purl.obolibrary.org/obo/UBERON_0000483>	"CARO:0000066"
<http://purl.obolibrary.org/obo/UBERON_0000483>	<http://en.wikipedia.org/wiki/Epithelium>
<http://purl.obolibrary.org/obo/UBERON_0000483>	"NCIT:C12710"
<http://purl.obolibrary.org/obo/UBERON_0000483>	"GAID:402"
<http://purl.obolibrary.org/obo/UBERON_0000483>	<http://www.snomedbrowser.com/Codes/Details/31610004>
<http://purl.obolibrary.org/obo/UBERON_0000483>	"AEO:0000066"
<http://purl.obolibrary.org/obo/UBERON_0000483>	"AAO:0000144"
<http://purl.obolibrary.org/obo/UBERON_0000483>	"EHDAA2:0003066"
<http://purl.obolibrary.org/obo/UBERON_0000483>	"ZFA:0001486"
<http://purl.obolibrary.org/obo/UBERON_0000483>	"AAO:0010055"
<http://purl.obolibrary.org/obo/UBERON_0000483>	"MA:0003060"
<http://purl.obolibrary.org/obo/UBERON_0000483>	<http://linkedlifedata.com/resource/umls/id/C0014609>
<http://purl.obolibrary.org/obo/UBERON_0000483>	"Wikipedia:Epithelium"
<http://purl.obolibrary.org/obo/UBERON_0000483>	"SCTID:31610004"
<http://purl.obolibrary.org/obo/GO_0043226>	"Wikipedia:Organelle"
<http://purl.obolibrary.org/obo/GO_0043226>	"NIF_Subcellular:sao1539965131"
<http://purl.obolibrary.org/obo/UBERON_0009611>	"TAO:0007019"
<http://purl.obolibrary.org/obo/UBERON_0009611>	"ZFA:0007019"
<http://purl.obolibrary.org/obo/UBERON_0004139>	"EMAPA:16106"
<http://purl.obolibrary.org/obo/UBERON_0004139>	"EHDAA2:0000215"
<http://purl.obolibrary.org/obo/UBERON_0004139>	"VHOG:0000975"
<http://purl.obolibrary.org/obo/GO_0005575>	"NIF_Subcellular:sao1337158144"
<http://purl.obolibrary.org/obo/UBERON_0005092>	"EHDAA2:0001841"
<http://purl.obolibrary.org/obo/UBERON_0005092>	"EMAPA:16239"
<http://purl.obolibrary.org/obo/UBERON_0005092>	"VHOG:0000489"
<http://purl.obolibrary.org/obo/UBERON_0005092>	"FMA:70318"
<http://purl.obolibrary.org/obo/UBERON_0005092>	"EHDAA:484"
<http://purl.obolibrary.org/obo/UBERON_0003697>	"MESH:A01.047.050"
<http://purl.obolibrary.org/obo/UBERON_0003697>	<http://www.snomedbrowser.com/Codes/Details/181613000>
<http://purl.obolibrary.org/obo/UBERON_0003697>	"GAID:26"
<http://purl.obolibrary.org/obo/UBERON_0003697>	<http://linkedlifedata.com/resource/umls/id/C0836916>
<http://purl.obolibrary.org/obo/UBERON_0003697>	"FMA:10429"
<http://purl.obolibrary.org/obo/UBERON_0003697>	<http://en.wikipedia.org/wiki/Abdominal_wall>
<http://purl.obolibrary.org/obo/UBERON_0003697>	"UMLS:C0836916"
<http://purl.obolibrary.org/obo/UBERON_0003697>	"FMA:259054"
<http://purl.obolibrary.org/obo/UBERON_0003697>	"EMAPA:37064"
<http://purl.obolibrary.org/obo/UBERON_0003697>	"NCIT:C77608"
<http://purl.obolibrary.org/obo/UBERON_0003697>	"Wikipedia:Abdominal_wall"
<http://purl.obolibrary.org/obo/UBERON_0003697>	"SCTID:181613000"
<http://purl.obolibrary.org/obo/UBERON_0003697>	"MESH:D034861"
<http://purl.obolibrary.org/obo/UBERON_0006283>	"NCIT:C34160"
<http://purl.obolibrary.org/obo/UBERON_0006283>	"EMAPA:16350"
<http://purl.obolibrary.org/obo/UBERON_0006283>	"ZFA:0001719"
<http://purl.obolibrary.org/obo/UBERON_0006283>	<http://en.wikipedia.org/wiki/Embryonic_ventricle>
<http://purl.obolibrary.org/obo/UBERON_0006283>	<http://www.snomedbrowser.com/Codes/Details/361524003>
<http://purl.obolibrary.org/obo/UBERON_0006283>	"FMA:71006"
<http://purl.obolibrary.org/obo/UBERON_0006283>	"EHDAA2:0001531"
<http://purl.obolibrary.org/obo/UBERON_0006283>	"TAO:0002231"
<http://purl.obolibrary.org/obo/UBERON_0006283>	"SCTID:361524003"
<http://purl.obolibrary.org/obo/UBERON_0006283>	"Wikipedia:Embryonic_ventricle"
<http://purl.obolibrary.org/obo/UBERON_0019207>	<http://www.snomedbrowser.com/Codes/Details/110701000>
<http://purl.obolibrary.org/obo/UBERON_0019207>	"SCTID:110701000"
<http://purl.obolibrary.org/obo/UBERON_0003469>	"MA:0001804"
<http://purl.obolibrary.org/obo/UBERON_0003469>	"EMAPA:37569"
<http://purl.obolibrary.org/obo/UBERON_0006566>	<http://www.snomedbrowser.com/Codes/Details/362021000>
<http://purl.obolibrary.org/obo/UBERON_0006566>	"EMAPA:17339"
<http://purl.obolibrary.org/obo/UBERON_0006566>	"FMA:9558"
<http://purl.obolibrary.org/obo/UBERON_0006566>	"MA:0002983"
<http://purl.obolibrary.org/obo/UBERON_0006566>	"SCTID:362021000"
<http://purl.obolibrary.org/obo/UBERON_0005597>	"EFO:0002578"
<http://purl.obolibrary.org/obo/UBERON_0005597>	"XAO:0001002"
<http://purl.obolibrary.org/obo/UBERON_0005597>	"EMAPA:36007"
<http://purl.obolibrary.org/obo/UBERON_0005597>	"AAO:0011059"
<http://purl.obolibrary.org/obo/UBERON_0004923>	"FMA:82485"
<http://purl.obolibrary.org/obo/UBERON_0007269>	"ZFA:0000563"
<http://purl.obolibrary.org/obo/UBERON_0007269>	"EFO:0003540"
<http://purl.obolibrary.org/obo/UBERON_0007269>	"TAO:0000563"
<http://purl.obolibrary.org/obo/UBERON_0009881>	"EFO:0003704"
<http://purl.obolibrary.org/obo/UBERON_0009881>	"ZFA:0005041"
<http://purl.obolibrary.org/obo/UBERON_0009881>	"TAO:0005041"
<http://purl.obolibrary.org/obo/UBERON_0002329>	"ZFA:0000155"
<http://purl.obolibrary.org/obo/UBERON_0002329>	"GAID:1306"
<http://purl.obolibrary.org/obo/UBERON_0002329>	<http://en.wikipedia.org/wiki/Somite>
<http://purl.obolibrary.org/obo/UBERON_0002329>	"EHDAA2:0003436"
<http://purl.obolibrary.org/obo/UBERON_0002329>	"EMAPA:31169"
<http://purl.obolibrary.org/obo/UBERON_0002329>	<http://linkedlifedata.com/resource/umls/id/C0376449>
<http://purl.obolibrary.org/obo/UBERON_0002329>	"NCIT:C34302"
<http://purl.obolibrary.org/obo/UBERON_0002329>	"XAO:0000058"
<http://purl.obolibrary.org/obo/UBERON_0002329>	"MIAA:0000068"
<http://purl.obolibrary.org/obo/UBERON_0002329>	"EHDAA:366"
<http://purl.obolibrary.org/obo/UBERON_0002329>	"BTO:0001558"
<http://purl.obolibrary.org/obo/UBERON_0002329>	"TAO:0000155"
<http://purl.obolibrary.org/obo/UBERON_0002329>	"FMA:85522"
<http://purl.obolibrary.org/obo/UBERON_0002329>	"AEO:0001015"
<http://purl.obolibrary.org/obo/UBERON_0002329>	"EHDAA:699"
<http://purl.obolibrary.org/obo/UBERON_0002329>	"MESH:A16.254.425.660.750"
<http://purl.obolibrary.org/obo/UBERON_0002329>	"AAO:0010569"
<http://purl.obolibrary.org/obo/UBERON_0002329>	"VHOG:0000191"
<http://purl.obolibrary.org/obo/UBERON_0002329>	"MAT:0000068"
<http://purl.obolibrary.org/obo/UBERON_0002329>	"UMLS:C0376449"
<http://purl.obolibrary.org/obo/UBERON_0002329>	"Wikipedia:Somite"
<http://purl.obolibrary.org/obo/UBERON_0002329>	"MESH:D019170"
<http://purl.obolibrary.org/obo/UBERON_0010191>	"EHDAA2:0004512"
<http://purl.obolibrary.org/obo/UBERON_0003351>	"BTO:0005240"
<http://purl.obolibrary.org/obo/UBERON_0003351>	"MA:0002725"
<http://purl.obolibrary.org/obo/UBERON_0003351>	"RETIRED_EHDAA2:0001460"
<http://purl.obolibrary.org/obo/UBERON_0003351>	"ZFA:0001174"
<http://purl.obolibrary.org/obo/UBERON_0003351>	"XAO:0003202"
<http://purl.obolibrary.org/obo/UBERON_0003351>	"EMAPA:16708"
<http://purl.obolibrary.org/obo/UBERON_0003351>	"BSA:0000112"
<http://purl.obolibrary.org/obo/UBERON_0003351>	"TAO:0001174"
<http://purl.obolibrary.org/obo/UBERON_0001918>	"FMA:62117"
<http://purl.obolibrary.org/obo/UBERON_0001918>	<http://linkedlifedata.com/resource/umls/id/C1179026>
<http://purl.obolibrary.org/obo/UBERON_0001918>	"MA:0000716"
<http://purl.obolibrary.org/obo/UBERON_0001918>	"UMLS:C1179026"
<http://purl.obolibrary.org/obo/UBERON_0001918>	"EMAPA:36290"
<http://purl.obolibrary.org/obo/UBERON_0001918>	"NCIT:C49319"
<http://purl.obolibrary.org/obo/UBERON_0005427>	"ZFA:0001688"
<http://purl.obolibrary.org/obo/UBERON_0005427>	"TAO:0002188"
<http://purl.obolibrary.org/obo/GO_0003013>	"Wikipedia:Circulatory_system"
<http://purl.obolibrary.org/obo/UBERON_0002424>	"ZFA:0000816"
<http://purl.obolibrary.org/obo/UBERON_0002424>	"AAO:0010357"
<http://purl.obolibrary.org/obo/UBERON_0002424>	"EMAPA:16839"
<http://purl.obolibrary.org/obo/UBERON_0002424>	"UMLS:C1709332"
<http://purl.obolibrary.org/obo/UBERON_0002424>	"TAO:0000816"
<http://purl.obolibrary.org/obo/UBERON_0002424>	"CALOHA:TS-0715"
<http://purl.obolibrary.org/obo/UBERON_0002424>	"NCIT:C49595"
<http://purl.obolibrary.org/obo/UBERON_0002424>	"EHDAA:2187"
<http://purl.obolibrary.org/obo/UBERON_0002424>	"FMA:265152"
<http://purl.obolibrary.org/obo/UBERON_0002424>	"XAO:0003201"
<http://purl.obolibrary.org/obo/UBERON_0002424>	<http://linkedlifedata.com/resource/umls/id/C1709332>
<http://purl.obolibrary.org/obo/UBERON_0002424>	"MA:0000344"
<http://purl.obolibrary.org/obo/UBERON_0002424>	"EMAPA:26942"
<http://purl.obolibrary.org/obo/UBERON_0002424>	"VHOG:0000187"
<http://purl.obolibrary.org/obo/UBERON_0002424>	"BTO:0001775"
<http://purl.obolibrary.org/obo/UBERON_0002424>	"EHDAA2:0001325"
<http://purl.obolibrary.org/obo/UBERON_0003384>	"EMAPA:18963"
<http://purl.obolibrary.org/obo/UBERON_0000383>	"VSAO:0000033"
<http://purl.obolibrary.org/obo/UBERON_0000383>	"XAO:0004042"
<http://purl.obolibrary.org/obo/UBERON_0000383>	"MIAA:0000025"
<http://purl.obolibrary.org/obo/UBERON_0000383>	"MA:0002888"
<http://purl.obolibrary.org/obo/UBERON_0000383>	"FBbt:00005069"
<http://purl.obolibrary.org/obo/UBERON_0000383>	"AAO:0000307"
<http://purl.obolibrary.org/obo/UBERON_0000383>	"BTO:0001485"
<http://purl.obolibrary.org/obo/UBERON_0000383>	"MAT:0000025"
<http://purl.obolibrary.org/obo/UBERON_0000383>	"BTO:0001369"
<http://purl.obolibrary.org/obo/UBERON_0000383>	"FMA:72954"
<http://purl.obolibrary.org/obo/UBERON_0000383>	"EMAPA:35578"
<http://purl.obolibrary.org/obo/UBERON_0000383>	"EFO:0000801"
<http://purl.obolibrary.org/obo/UBERON_0000383>	"BILA:0000088"
<http://purl.obolibrary.org/obo/UBERON_0016887>	"AEO:0000195"
<http://purl.obolibrary.org/obo/UBERON_0016887>	"EHDAA2:0000003"
<http://purl.obolibrary.org/obo/UBERON_0016887>	"EMAPA:16042"
<http://purl.obolibrary.org/obo/UBERON_0007625>	"GAID:907"
<http://purl.obolibrary.org/obo/UBERON_0007625>	"MESH:D010857"
<http://purl.obolibrary.org/obo/UBERON_0003494>	"MA:0001813"
<http://purl.obolibrary.org/obo/UBERON_0003494>	"EMAPA:37587"
<http://purl.obolibrary.org/obo/UBERON_0006913>	"TAO:0005334"
<http://purl.obolibrary.org/obo/UBERON_0006913>	"BTO:0004468"
<http://purl.obolibrary.org/obo/UBERON_0006913>	"ZFA:0005334"
<http://purl.obolibrary.org/obo/UBERON_0002376>	"MA:0000578"
<http://purl.obolibrary.org/obo/UBERON_0002376>	"BTO:0000021"
<http://purl.obolibrary.org/obo/UBERON_0002376>	"ZFA:0001652"
<http://purl.obolibrary.org/obo/UBERON_0002376>	"EFO:0003524"
<http://purl.obolibrary.org/obo/UBERON_0002376>	"EHDAA2:0000322"
<http://purl.obolibrary.org/obo/UBERON_0002376>	"AAO:0000107"
<http://purl.obolibrary.org/obo/UBERON_0002376>	"FMA:9616"
<http://purl.obolibrary.org/obo/UBERON_0002376>	<http://www.snomedbrowser.com/Codes/Details/244718003>
<http://purl.obolibrary.org/obo/UBERON_0002376>	"EMAPA:18172"
<http://purl.obolibrary.org/obo/UBERON_0002376>	"SCTID:244718003"
<http://purl.obolibrary.org/obo/UBERON_0005056>	"galen:FemaleExternalGenitalia"
<http://purl.obolibrary.org/obo/UBERON_0005056>	"FMA:45649"
<http://purl.obolibrary.org/obo/UBERON_0005056>	"BTO:0003100"
<http://purl.obolibrary.org/obo/UBERON_0005056>	<http://www.snomedbrowser.com/Codes/Details/362234008>
<http://purl.obolibrary.org/obo/UBERON_0005056>	"EMAPA:30984"
<http://purl.obolibrary.org/obo/UBERON_0005056>	"SCTID:362234008"
<http://purl.obolibrary.org/obo/UBERON_0014792>	"EMAPA:37864"
<http://purl.obolibrary.org/obo/UBERON_0014792>	"FMA:71297"
<http://purl.obolibrary.org/obo/UBERON_0001833>	"MA:0000343"
<http://purl.obolibrary.org/obo/UBERON_0001833>	"OpenCyc:Mx4rvVi4U5wpEbGdrcN5Y29ycA"
<http://purl.obolibrary.org/obo/UBERON_0001833>	"CALOHA:TS-0558"
<http://purl.obolibrary.org/obo/UBERON_0001833>	<http://linkedlifedata.com/resource/umls/id/C0023759>
<http://purl.obolibrary.org/obo/UBERON_0001833>	"VHOG:0000677"
<http://purl.obolibrary.org/obo/UBERON_0001833>	"MESH:D008046"
<http://purl.obolibrary.org/obo/UBERON_0001833>	"GAID:76"
<http://purl.obolibrary.org/obo/UBERON_0001833>	"UMLS:C0023759"
<http://purl.obolibrary.org/obo/UBERON_0001833>	"TAO:0007006"
<http://purl.obolibrary.org/obo/UBERON_0001833>	"galen:Lip"
<http://purl.obolibrary.org/obo/UBERON_0001833>	"ZFA:0007006"
<http://purl.obolibrary.org/obo/UBERON_0001833>	"NCIT:C12220"
<http://purl.obolibrary.org/obo/UBERON_0001833>	<http://www.snomedbrowser.com/Codes/Details/181221003>
<http://purl.obolibrary.org/obo/UBERON_0001833>	<http://en.wikipedia.org/wiki/Lip>
<http://purl.obolibrary.org/obo/UBERON_0001833>	"FMA:59816"
<http://purl.obolibrary.org/obo/UBERON_0001833>	"BTO:0001647"
<http://purl.obolibrary.org/obo/UBERON_0001833>	"EMAPA:32839"
<http://purl.obolibrary.org/obo/UBERON_0001833>	"SCTID:181221003"
<http://purl.obolibrary.org/obo/UBERON_0001833>	"Wikipedia:Lip"
<http://purl.obolibrary.org/obo/UBERON_0001975>	"EMAPA:35322"
<http://purl.obolibrary.org/obo/UBERON_0001975>	"FMA:63057"
<http://purl.obolibrary.org/obo/UBERON_0001975>	"MA:0001571"
<http://purl.obolibrary.org/obo/UBERON_0004535>	"BILA:0000016"
<http://purl.obolibrary.org/obo/UBERON_0004535>	"XAO:0000100"
<http://purl.obolibrary.org/obo/UBERON_0004535>	"MESH:D002319"
<http://purl.obolibrary.org/obo/UBERON_0004535>	"NCIT:C12686"
<http://purl.obolibrary.org/obo/UBERON_0004535>	"MA:0000010"
<http://purl.obolibrary.org/obo/UBERON_0004535>	<http://www.snomedbrowser.com/Codes/Details/278198007>
<http://purl.obolibrary.org/obo/UBERON_0004535>	"AAO:0011001"
<http://purl.obolibrary.org/obo/UBERON_0004535>	"GAID:467"
<http://purl.obolibrary.org/obo/UBERON_0004535>	"EV:0100017"
<http://purl.obolibrary.org/obo/UBERON_0004535>	<http://linkedlifedata.com/resource/umls/id/C0007226>
<http://purl.obolibrary.org/obo/UBERON_0004535>	"CALOHA:TS-1297"
<http://purl.obolibrary.org/obo/UBERON_0004535>	"MIAA:0000016"
<http://purl.obolibrary.org/obo/UBERON_0004535>	"FMA:7161"
<http://purl.obolibrary.org/obo/UBERON_0004535>	"EHDAA:394"
<http://purl.obolibrary.org/obo/UBERON_0004535>	"TAO:0000010"
<http://purl.obolibrary.org/obo/UBERON_0004535>	"EMAPA:16104"
<http://purl.obolibrary.org/obo/UBERON_0004535>	"BTO:0000088"
<http://purl.obolibrary.org/obo/UBERON_0004535>	"EFO:0000791"
<http://purl.obolibrary.org/obo/UBERON_0004535>	"OpenCyc:Mx4rvVjzG5wpEbGdrcN5Y29ycA"
<http://purl.obolibrary.org/obo/UBERON_0004535>	"MAT:0000016"
<http://purl.obolibrary.org/obo/UBERON_0004535>	"EHDAA2:0000216"
<http://purl.obolibrary.org/obo/UBERON_0004535>	"WikipediaCategory:Cardiovascular_system"
<http://purl.obolibrary.org/obo/UBERON_0004535>	"EMAPA:16370"
<http://purl.obolibrary.org/obo/UBERON_0004535>	"XAO:0001010"
<http://purl.obolibrary.org/obo/UBERON_0004535>	"ZFA:0000010"
<http://purl.obolibrary.org/obo/UBERON_0004535>	"VHOG:0000302"
<http://purl.obolibrary.org/obo/UBERON_0004535>	"UMLS:C0007226"
<http://purl.obolibrary.org/obo/UBERON_0004535>	"SCTID:278198007"
<http://purl.obolibrary.org/obo/CL_0002074>	"FMA:67111"
<http://purl.obolibrary.org/obo/UBERON_0002530>	"FMA:7146"
<http://purl.obolibrary.org/obo/UBERON_0002530>	<http://en.wikipedia.org/wiki/Gland>
<http://purl.obolibrary.org/obo/UBERON_0002530>	"FMA:86294"
<http://purl.obolibrary.org/obo/UBERON_0002530>	"galen:Gland"
<http://purl.obolibrary.org/obo/UBERON_0002530>	"EHDAA:2161"
<http://purl.obolibrary.org/obo/UBERON_0002530>	"UMLS:C1285092"
<http://purl.obolibrary.org/obo/UBERON_0002530>	"HAO:0000375"
<http://purl.obolibrary.org/obo/UBERON_0002530>	"AEO:0000096"
<http://purl.obolibrary.org/obo/UBERON_0002530>	<http://www.snomedbrowser.com/Codes/Details/134358001>
<http://purl.obolibrary.org/obo/UBERON_0002530>	"EFO:0000797"
<http://purl.obolibrary.org/obo/UBERON_0002530>	"EHDAA2:0003096"
<http://purl.obolibrary.org/obo/UBERON_0002530>	"OpenCyc:Mx4rwP3vyJwpEbGdrcN5Y29ycA"
<http://purl.obolibrary.org/obo/UBERON_0002530>	"FBbt:00100317"
<http://purl.obolibrary.org/obo/UBERON_0002530>	"MA:0003038"
<http://purl.obolibrary.org/obo/UBERON_0002530>	"EMAPA:18425"
<http://purl.obolibrary.org/obo/UBERON_0002530>	"BTO:0000522"
<http://purl.obolibrary.org/obo/UBERON_0002530>	"WikipediaCategory:Glands"
<http://purl.obolibrary.org/obo/UBERON_0002530>	"NCIT:C13319"
<http://purl.obolibrary.org/obo/UBERON_0002530>	"MIAA:0000021"
<http://purl.obolibrary.org/obo/UBERON_0002530>	"EHDAA:4475"
<http://purl.obolibrary.org/obo/UBERON_0002530>	"EHDAA:6522"
<http://purl.obolibrary.org/obo/UBERON_0002530>	"AAO:0000212"
<http://purl.obolibrary.org/obo/UBERON_0002530>	"MAT:0000021"
<http://purl.obolibrary.org/obo/UBERON_0002530>	<http://linkedlifedata.com/resource/umls/id/C1285092>
<http://purl.obolibrary.org/obo/UBERON_0002530>	"Wikipedia:Gland"
<http://purl.obolibrary.org/obo/UBERON_0002530>	"SCTID:134358001"
<http://purl.obolibrary.org/obo/CL_0000513>	"FMA:84797"
<http://purl.obolibrary.org/obo/UBERON_0003057>	"TAO:0007017"
<http://purl.obolibrary.org/obo/UBERON_0003057>	"VHOG:0001201"
<http://purl.obolibrary.org/obo/UBERON_0003057>	"ZFA:0007017"
<http://purl.obolibrary.org/obo/UBERON_0003057>	"XAO:0000046"
<http://purl.obolibrary.org/obo/UBERON_0007195>	<http://en.wikipedia.org/wiki/Bone_marrow#Stroma>
<http://purl.obolibrary.org/obo/UBERON_0007195>	"FMA:21426"
<http://purl.obolibrary.org/obo/UBERON_0007195>	"CALOHA:TS-0085"
<http://purl.obolibrary.org/obo/UBERON_0007195>	"Wikipedia:Bone_marrow#Stroma"
<http://purl.obolibrary.org/obo/UBERON_0004088>	"FMA:260119"
<http://purl.obolibrary.org/obo/UBERON_0001637>	"VHOG:0001251"
<http://purl.obolibrary.org/obo/UBERON_0001637>	"GAID:468"
<http://purl.obolibrary.org/obo/UBERON_0001637>	"UMLS:C0003842"
<http://purl.obolibrary.org/obo/UBERON_0001637>	"EMAPA:35147"
<http://purl.obolibrary.org/obo/UBERON_0001637>	"ZFA:0000005"
<http://purl.obolibrary.org/obo/UBERON_0001637>	"galen:Artery"
<http://purl.obolibrary.org/obo/UBERON_0001637>	"OpenCyc:Mx4rvVjknZwpEbGdrcN5Y29ycA"
<http://purl.obolibrary.org/obo/UBERON_0001637>	"MESH:D001158"
<http://purl.obolibrary.org/obo/UBERON_0001637>	"EHDAA2:0000143"
<http://purl.obolibrary.org/obo/UBERON_0001637>	"EHDAA2:0003253"
<http://purl.obolibrary.org/obo/UBERON_0001637>	"FMA:50720"
<http://purl.obolibrary.org/obo/UBERON_0001637>	"CALOHA:TS-0054"
<http://purl.obolibrary.org/obo/UBERON_0001637>	"XAO:0000114"
<http://purl.obolibrary.org/obo/UBERON_0001637>	"NCIT:C12372"
<http://purl.obolibrary.org/obo/UBERON_0001637>	"TAO:0000005"
<http://purl.obolibrary.org/obo/UBERON_0001637>	<http://en.wikipedia.org/wiki/Artery>
<http://purl.obolibrary.org/obo/UBERON_0001637>	"EFO:0000814"
<http://purl.obolibrary.org/obo/UBERON_0001637>	<http://www.snomedbrowser.com/Codes/Details/362877004>
<http://purl.obolibrary.org/obo/UBERON_0001637>	"MIAA:0000034"
<http://purl.obolibrary.org/obo/UBERON_0001637>	"AAO:0010211"
<http://purl.obolibrary.org/obo/UBERON_0001637>	"MA:0000064"
<http://purl.obolibrary.org/obo/UBERON_0001637>	"AEO:0000208"
<http://purl.obolibrary.org/obo/UBERON_0001637>	<http://linkedlifedata.com/resource/umls/id/C0003842>
<http://purl.obolibrary.org/obo/UBERON_0001637>	"EV:0100026"
<http://purl.obolibrary.org/obo/UBERON_0001637>	"BTO:0000573"
<http://purl.obolibrary.org/obo/UBERON_0001637>	"MAT:0000034"
<http://purl.obolibrary.org/obo/UBERON_0001637>	"Wikipedia:Artery"
<http://purl.obolibrary.org/obo/UBERON_0001637>	"SCTID:362877004"
<http://purl.obolibrary.org/obo/UBERON_0004701>	"UMLS:C1710626"
<http://purl.obolibrary.org/obo/UBERON_0004701>	"NCIT:C49320"
<http://purl.obolibrary.org/obo/UBERON_0004701>	<http://linkedlifedata.com/resource/umls/id/C1710626>
<http://purl.obolibrary.org/obo/UBERON_0004701>	"MA:0000714"
<http://purl.obolibrary.org/obo/UBERON_0004701>	"EMAPA:35907"
<http://purl.obolibrary.org/obo/UBERON_0002355>	"EMAPA:35931"
<http://purl.obolibrary.org/obo/UBERON_0002355>	"GAID:87"
<http://purl.obolibrary.org/obo/UBERON_0002355>	"CALOHA:TS-2227"
<http://purl.obolibrary.org/obo/UBERON_0002355>	<http://linkedlifedata.com/resource/umls/id/C0030797>
<http://purl.obolibrary.org/obo/UBERON_0002355>	"MESH:A01.673"
<http://purl.obolibrary.org/obo/UBERON_0002355>	"galen:Pelvis"
<http://purl.obolibrary.org/obo/UBERON_0002355>	"UMLS:C0030797"
<http://purl.obolibrary.org/obo/UBERON_0002355>	"OpenCyc:Mx4rvVjiTJwpEbGdrcN5Y29ycA"
<http://purl.obolibrary.org/obo/UBERON_0002355>	"EFO:0002805"
<http://purl.obolibrary.org/obo/UBERON_0002355>	"NCIT:C12767"
<http://purl.obolibrary.org/obo/UBERON_0002355>	"EV:0100012"
<http://purl.obolibrary.org/obo/UBERON_0002355>	"FMA:9578"
<http://purl.obolibrary.org/obo/UBERON_0002355>	<http://en.wikipedia.org/wiki/Pelvis>
<http://purl.obolibrary.org/obo/UBERON_0002355>	<http://www.snomedbrowser.com/Codes/Details/229765004>
<http://purl.obolibrary.org/obo/UBERON_0002355>	"BTO:0001006"
<http://purl.obolibrary.org/obo/UBERON_0002355>	"MA:0000030"
<http://purl.obolibrary.org/obo/UBERON_0011823>	"UMLS:C1511770"
<http://purl.obolibrary.org/obo/UBERON_0011823>	<http://en.wikipedia.org/wiki/Dense_connective_tissue>
<http://purl.obolibrary.org/obo/UBERON_0011823>	"AAO:0000121"
<http://purl.obolibrary.org/obo/UBERON_0011823>	"NCIT:C32450"
<http://purl.obolibrary.org/obo/UBERON_0011823>	<http://linkedlifedata.com/resource/umls/id/C1511770>
<http://purl.obolibrary.org/obo/UBERON_0011823>	"Wikipedia:Dense_connective_tissue"
<http://purl.obolibrary.org/obo/UBERON_0007277>	"ZFA:0000569"
<http://purl.obolibrary.org/obo/UBERON_0007277>	"FMA:295640"
<http://purl.obolibrary.org/obo/UBERON_0007277>	"EHDAA2:0001630"
<http://purl.obolibrary.org/obo/UBERON_0007277>	"EFO:0003440"
<http://purl.obolibrary.org/obo/UBERON_0007277>	"TAO:0000569"
<http://purl.obolibrary.org/obo/UBERON_0007277>	"BAMS:HB"
<http://purl.obolibrary.org/obo/UBERON_0007277>	<http://en.wikipedia.org/wiki/Rhombencephalon>
<http://purl.obolibrary.org/obo/UBERON_0007277>	"CALOHA:TS-2118"
<http://purl.obolibrary.org/obo/UBERON_0007277>	"Wikipedia:Rhombencephalon"
<http://purl.obolibrary.org/obo/UBERON_0003496>	"EMAPA:36610"
<http://purl.obolibrary.org/obo/UBERON_0003496>	"MA:0000575"
<http://purl.obolibrary.org/obo/UBERON_0003496>	<http://www.snomedbrowser.com/Codes/Details/127865000>
<http://purl.obolibrary.org/obo/UBERON_0003496>	"SCTID:127865000"
<http://purl.obolibrary.org/obo/UBERON_0004709>	"VSAO:0000126"
<http://purl.obolibrary.org/obo/UBERON_0003315>	"VHOG:0001441"
<http://purl.obolibrary.org/obo/UBERON_0003315>	"EHDAA:8128"
<http://purl.obolibrary.org/obo/UBERON_0003315>	"EHDAA2:0001362"
<http://purl.obolibrary.org/obo/UBERON_0013685>	<http://en.wikipedia.org/wiki/Foramina_of_the_skull>
<http://purl.obolibrary.org/obo/UBERON_0013685>	<http://www.snomedbrowser.com/Codes/Details/276742007>
<http://purl.obolibrary.org/obo/UBERON_0013685>	"FMA:53165"
<http://purl.obolibrary.org/obo/UBERON_0013685>	"Wikipedia:Foramina_of_the_skull"
<http://purl.obolibrary.org/obo/UBERON_0013685>	"SCTID:276742007"
<http://purl.obolibrary.org/obo/UBERON_0000957>	<http://en.wikipedia.org/wiki/Lamina_of_the_vertebral_arch>
<http://purl.obolibrary.org/obo/UBERON_0000957>	"Wikipedia:Lamina_of_the_vertebral_arch"
<http://purl.obolibrary.org/obo/UBERON_0001135>	"AEO:0000141"
<http://purl.obolibrary.org/obo/UBERON_0001135>	"galen:SmoothMuscle"
<http://purl.obolibrary.org/obo/UBERON_0001135>	<http://en.wikipedia.org/wiki/Smooth_muscle_tissue>
<http://purl.obolibrary.org/obo/UBERON_0001135>	"FMA:14070"
<http://purl.obolibrary.org/obo/UBERON_0001135>	"CALOHA:TS-0943"
<http://purl.obolibrary.org/obo/UBERON_0001135>	"VHOG:0001246"
<http://purl.obolibrary.org/obo/UBERON_0001135>	"EFO:0000889"
<http://purl.obolibrary.org/obo/UBERON_0001135>	"EHDAA2:0003141"
<http://purl.obolibrary.org/obo/UBERON_0001135>	"NCIT:C12437"
<http://purl.obolibrary.org/obo/UBERON_0001135>	"EMAPA:32717"
<http://purl.obolibrary.org/obo/UBERON_0001135>	"UMLS:C1267092"
<http://purl.obolibrary.org/obo/UBERON_0001135>	"BTO:0001260"
<http://purl.obolibrary.org/obo/UBERON_0001135>	"AAO:0010244"
<http://purl.obolibrary.org/obo/UBERON_0001135>	"XAO:0000175"
<http://purl.obolibrary.org/obo/UBERON_0001135>	"GAID:167"
<http://purl.obolibrary.org/obo/UBERON_0001135>	"FBbt:00003525"
<http://purl.obolibrary.org/obo/UBERON_0001135>	"ZFA:0005274"
<http://purl.obolibrary.org/obo/UBERON_0001135>	"MAT:0000303"
<http://purl.obolibrary.org/obo/UBERON_0001135>	<http://linkedlifedata.com/resource/umls/id/C1267092>
<http://purl.obolibrary.org/obo/UBERON_0001135>	"TAO:0005274"
<http://purl.obolibrary.org/obo/UBERON_0001135>	"galen:SmoothMuscleTissue"
<http://purl.obolibrary.org/obo/UBERON_0001135>	"MESH:D009130"
<http://purl.obolibrary.org/obo/UBERON_0001135>	"WBbt:0005781"
<http://purl.obolibrary.org/obo/UBERON_0001135>	"MA:0000166"
<http://purl.obolibrary.org/obo/UBERON_0001135>	"OpenCyc:Mx4rvvSS3pwpEbGdrcN5Y29ycA"
<http://purl.obolibrary.org/obo/UBERON_0001135>	"EV:0100378"
<http://purl.obolibrary.org/obo/UBERON_0001135>	"MIAA:0000303"
<http://purl.obolibrary.org/obo/UBERON_0001135>	"Wikipedia:Smooth_muscle_tissue"
<http://purl.obolibrary.org/obo/UBERON_0004465>	"FMA:71290"
<http://purl.obolibrary.org/obo/UBERON_0004465>	"AAO:0000091"
<http://purl.obolibrary.org/obo/UBERON_0004465>	"MESH:D009334"
<http://purl.obolibrary.org/obo/UBERON_0004465>	"EMAPA:36050"
<http://purl.obolibrary.org/obo/UBERON_0004253>	"EMAPA:18187"
<http://purl.obolibrary.org/obo/UBERON_0004253>	"MA:0002710"
<http://purl.obolibrary.org/obo/UBERON_0004253>	"EMAPA:35776"
<http://purl.obolibrary.org/obo/UBERON_0004253>	"MA:0003139"
<http://purl.obolibrary.org/obo/UBERON_0004521>	"FMA:87123"
<http://purl.obolibrary.org/obo/CHEBI_26833>	"WebElements:S"
<http://purl.obolibrary.org/obo/CHEBI_26833>	"KEGG:C00087"
<http://purl.obolibrary.org/obo/CHEBI_26833>	"KEGG:D06527"
<http://purl.obolibrary.org/obo/CHEBI_26833>	"PPDB:605"
<http://purl.obolibrary.org/obo/GO_0007600>	"Wikipedia:Perception"
<http://purl.obolibrary.org/obo/GO_0007600>	"Reactome:R-HSA-9709957"
<http://purl.obolibrary.org/obo/UBERON_0008876>	"MA:0003140"
<http://purl.obolibrary.org/obo/UBERON_0008876>	"EMAPA:18188"
<http://purl.obolibrary.org/obo/UBERON_0005334>	"EMAPA:26947"
<http://purl.obolibrary.org/obo/UBERON_0003121>	"ZFA:0005008"
<http://purl.obolibrary.org/obo/UBERON_0003121>	"EHDAA2:0000087"
<http://purl.obolibrary.org/obo/UBERON_0003121>	"XAO:0000355"
<http://purl.obolibrary.org/obo/UBERON_0003121>	<http://www.snomedbrowser.com/Codes/Details/308777005>
<http://purl.obolibrary.org/obo/UBERON_0003121>	"TAO:0005008"
<http://purl.obolibrary.org/obo/UBERON_0003121>	"EMAPA:17004"
<http://purl.obolibrary.org/obo/UBERON_0003121>	"AAO:0010420"
<http://purl.obolibrary.org/obo/UBERON_0003121>	<http://en.wikipedia.org/wiki/Aortic_arches#Arch_4>
<http://purl.obolibrary.org/obo/UBERON_0003121>	"Wikipedia:Aortic_arches#Arch_4"
<http://purl.obolibrary.org/obo/UBERON_0003121>	"SCTID:308777005"
<http://purl.obolibrary.org/obo/UBERON_0011270>	<http://en.wikipedia.org/wiki/Human_back>
<http://purl.obolibrary.org/obo/UBERON_0011270>	"EMAPA:35162"
<http://purl.obolibrary.org/obo/UBERON_0011270>	"FMA:25056"
<http://purl.obolibrary.org/obo/UBERON_0011270>	"MA:0000020"
<http://purl.obolibrary.org/obo/UBERON_0011270>	"Wikipedia:Human_back"
<http://purl.obolibrary.org/obo/UBERON_0000063>	"FMA:86140"
<http://purl.obolibrary.org/obo/CL_0000038>	"BTO:0004911"
<http://purl.obolibrary.org/obo/UBERON_0002522>	<http://linkedlifedata.com/resource/umls/id/C0162867>
<http://purl.obolibrary.org/obo/UBERON_0002522>	<http://en.wikipedia.org/wiki/Tunica_media>
<http://purl.obolibrary.org/obo/UBERON_0002522>	"BTO:0002011"
<http://purl.obolibrary.org/obo/UBERON_0002522>	"MA:0002855"
<http://purl.obolibrary.org/obo/UBERON_0002522>	"MESH:D017540"
<http://purl.obolibrary.org/obo/UBERON_0002522>	"NCIT:C33821"
<http://purl.obolibrary.org/obo/UBERON_0002522>	<http://www.snomedbrowser.com/Codes/Details/61695000>
<http://purl.obolibrary.org/obo/UBERON_0002522>	"GAID:170"
<http://purl.obolibrary.org/obo/UBERON_0002522>	"UMLS:C0162867"
<http://purl.obolibrary.org/obo/UBERON_0002522>	"EMAPA:36298"
<http://purl.obolibrary.org/obo/UBERON_0002522>	"FMA:55590"
<http://purl.obolibrary.org/obo/UBERON_0002522>	"SCTID:61695000"
<http://purl.obolibrary.org/obo/UBERON_0002522>	"Wikipedia:Tunica_media"
<http://purl.obolibrary.org/obo/PR_P13379>	"UniProtKB:P13379"
<http://purl.obolibrary.org/obo/GO_0015671>	"Reactome:R-HSA-8981607"
<http://purl.obolibrary.org/obo/GO_0031594>	"Wikipedia:Neuromuscular_junction"
<http://purl.obolibrary.org/obo/GO_0031594>	"NIF_Subcellular:sao1124888485"
<http://purl.obolibrary.org/obo/GO_0005884>	"Wikipedia:Actin"
<http://purl.obolibrary.org/obo/GO_0005884>	"NIF_Subcellular:sao1588493326"
<http://purl.obolibrary.org/obo/GO_0005884>	"FMA:63850"
<http://purl.obolibrary.org/obo/UBERON_0001592>	"EMAPA:36284"
<http://purl.obolibrary.org/obo/UBERON_0001592>	"MA:0002088"
<http://purl.obolibrary.org/obo/UBERON_0001592>	"Wikipedia:Bronchial_veins"
<http://purl.obolibrary.org/obo/UBERON_0001592>	"NCIT:C53031"
<http://purl.obolibrary.org/obo/UBERON_0001592>	"FMA:4749"
<http://purl.obolibrary.org/obo/UBERON_0001592>	"SCTID:198293000"
<http://purl.obolibrary.org/obo/GO_0018958>	"UM-BBD_pathwayID:phe"
<http://purl.obolibrary.org/obo/CL_0002598>	"https://cellxgene.cziscience.com/cellguide/CL_0002598"
<http://purl.obolibrary.org/obo/CL_0002598>	"BTO:0004402"
<http://purl.obolibrary.org/obo/GO_0006414>	"Reactome:R-HSA-156842"
<http://purl.obolibrary.org/obo/UBERON_0005979>	"FMA:9236"
<http://purl.obolibrary.org/obo/UBERON_0005979>	"Wikipedia:Crista_terminalis"
<http://purl.obolibrary.org/obo/UBERON_0005979>	"SCTID:277693004"
<http://purl.obolibrary.org/obo/GO_0005975>	"Reactome:R-HSA-71387"
<http://purl.obolibrary.org/obo/GO_0005975>	"Wikipedia:Carbohydrate_metabolism"
<http://purl.obolibrary.org/obo/GO_0043043>	"Reactome:R-HSA-9037628"
<http://purl.obolibrary.org/obo/GO_0042981>	"Reactome:R-HSA-169911"
<http://purl.obolibrary.org/obo/GO_0042981>	"Reactome:R-HSA-5633008"
<http://purl.obolibrary.org/obo/CL_2000046>	"https://cellxgene.cziscience.com/cellguide/CL_2000046"
<http://purl.obolibrary.org/obo/UBERON_0002257>	"EMAPA:18575"
<http://purl.obolibrary.org/obo/UBERON_0002257>	"BAMS:VH"
<http://purl.obolibrary.org/obo/UBERON_0002257>	"FMA:256541"
<http://purl.obolibrary.org/obo/UBERON_0002257>	"BTO:0005151"
<http://purl.obolibrary.org/obo/UBERON_0002257>	"MA:0001134"
<http://purl.obolibrary.org/obo/UBERON_0002257>	"Wikipedia:Anterior_horn_of_spinal_cord"
<http://purl.obolibrary.org/obo/UBERON_0002257>	"EMAPA:35794"
<http://purl.obolibrary.org/obo/UBERON_0002257>	"NCIT:C33859"
<http://purl.obolibrary.org/obo/UBERON_0002257>	"TAO:0000702"
<http://purl.obolibrary.org/obo/UBERON_0002257>	"BIRNLEX:2668"
<http://purl.obolibrary.org/obo/UBERON_0002257>	"SCTID:279443000"
<http://purl.obolibrary.org/obo/UBERON_0002257>	"neuronames:1751"
<http://purl.obolibrary.org/obo/UBERON_0002257>	"VHOG:0001288"
<http://purl.obolibrary.org/obo/UBERON_0002257>	"ZFA:0000702"
<http://purl.obolibrary.org/obo/UBERON_0035767>	"UMLS:C1512970"
<http://purl.obolibrary.org/obo/UBERON_0035767>	"NCIT:C12930"
<http://purl.obolibrary.org/obo/UBERON_0035767>	"FMA:223208"
<http://purl.obolibrary.org/obo/CHEBI_30089>	"DrugBank:DB03166"
<http://purl.obolibrary.org/obo/CHEBI_30089>	"MetaCyc:ACET"
<http://purl.obolibrary.org/obo/CHEBI_30089>	"PDBeChem:ACT"
<http://purl.obolibrary.org/obo/CHEBI_30089>	"KEGG:C00033"
<http://purl.obolibrary.org/obo/CHEBI_30089>	"Wikipedia:Acetate"
<http://purl.obolibrary.org/obo/CHEBI_49637>	"WebElements:H"
<http://purl.obolibrary.org/obo/PR_P37237>	"UniProtKB:P37237"
<http://purl.obolibrary.org/obo/PR_P35461>	"UniProtKB:P35461"
<http://purl.obolibrary.org/obo/GO_0005856>	"Wikipedia:Cytoskeleton"
<http://purl.obolibrary.org/obo/GO_0007269>	"Reactome:R-HSA-112310"
<http://purl.obolibrary.org/obo/NCBITaxon_10066>	"PMID:15371245"
<http://purl.obolibrary.org/obo/NCBITaxon_10066>	"GC_ID:1"
<http://purl.obolibrary.org/obo/GO_0045652>	"Reactome:R-HSA-8936459"
<http://purl.obolibrary.org/obo/GO_0048391>	"Reactome:R-HSA-9761174"
<http://purl.obolibrary.org/obo/GO_0001756>	"Wikipedia:Somitogenesis"
<http://purl.obolibrary.org/obo/GO_0001756>	"Reactome:R-HSA-9824272"
<http://purl.obolibrary.org/obo/PR_P13595>	"UniProtKB:P13595"
<http://purl.obolibrary.org/obo/CL_0000850>	"WBbt:0006837"
<http://purl.obolibrary.org/obo/CL_0000850>	"MESH:D059326"
<http://purl.obolibrary.org/obo/CL_0019001>	"https://cellxgene.cziscience.com/cellguide/CL_0019001"
<http://purl.obolibrary.org/obo/CHEBI_35287>	"KEGG:C01777"
<http://purl.obolibrary.org/obo/UBERON_0039856>	"FMA:14342"
<http://purl.obolibrary.org/obo/PR_000001004>	"PIRSF:PIRSF001977"
<http://purl.obolibrary.org/obo/CHEBI_23357>	"Wikipedia:Cofactor_(biochemistry)"
<http://purl.obolibrary.org/obo/CL_1000362>	"FMA:263154"
<http://purl.obolibrary.org/obo/GO_0005640>	"NIF_Subcellular:sao1617136075"
<http://purl.obolibrary.org/obo/GO_0097194>	"Reactome:R-HSA-75153"
<http://purl.obolibrary.org/obo/UBERON_0006930>	"FMA:66809"
<http://purl.obolibrary.org/obo/GO_0045787>	"Reactome:R-HSA-8849470"
<http://purl.obolibrary.org/obo/PR_000001024>	"IUPHARobj:2769"
<http://purl.obolibrary.org/obo/CL_1000479>	"FMA:83386"
<http://purl.obolibrary.org/obo/GO_0010468>	"Reactome:R-HSA-9752946"
<http://purl.obolibrary.org/obo/GO_0010468>	"Wikipedia:Regulation_of_gene_expression"
<http://purl.obolibrary.org/obo/GO_0010468>	"Reactome:R-HSA-163767"
<http://purl.obolibrary.org/obo/PR_Q62226>	"UniProtKB:Q62226"
<http://purl.obolibrary.org/obo/GO_0006629>	"Reactome:R-HSA-556833"
<http://purl.obolibrary.org/obo/GO_0006629>	"Wikipedia:Lipid_metabolism"
<http://purl.obolibrary.org/obo/GO_0022008>	"Wikipedia:Neurogenesis"
<http://purl.obolibrary.org/obo/CHEBI_22315>	"Wikipedia:Alkaloid"
<http://purl.obolibrary.org/obo/CHEBI_43176>	"PDBeChem:OH"
<http://purl.obolibrary.org/obo/UBERON_0002536>	"TGMA:0000540"
<http://purl.obolibrary.org/obo/UBERON_0002536>	"HAO:0000933"
<http://purl.obolibrary.org/obo/UBERON_0002536>	"MIAA:0000163"
<http://purl.obolibrary.org/obo/UBERON_0002536>	"Wikipedia:Sensillum"
<http://purl.obolibrary.org/obo/UBERON_0002536>	"BTO:0001237"
<http://purl.obolibrary.org/obo/UBERON_0002536>	"MAT:0000163"
<http://purl.obolibrary.org/obo/UBERON_0002536>	"EFO:0000939"
<http://purl.obolibrary.org/obo/GO_0030198>	"Reactome:R-HSA-1474244"
<http://purl.obolibrary.org/obo/GO_0055085>	"Reactome:R-HSA-382556"
<http://purl.obolibrary.org/obo/GO_0055085>	"Reactome:R-HSA-425407"
<http://purl.obolibrary.org/obo/GO_0055085>	"Reactome:R-HSA-5223345"
<http://purl.obolibrary.org/obo/GO_0043065>	"Reactome:R-HSA-193648"
<http://purl.obolibrary.org/obo/GO_0043065>	"Reactome:R-HSA-205043"
<http://purl.obolibrary.org/obo/CL_1001609>	"CALOHA:TS-0643"
<http://purl.obolibrary.org/obo/GO_0006415>	"Reactome:R-HSA-72764"
<http://purl.obolibrary.org/obo/UBERON_0006929>	"NCIT:C13182"
<http://purl.obolibrary.org/obo/UBERON_0006929>	"FMA:64800"
<http://purl.obolibrary.org/obo/UBERON_0002031>	"NCIT:C32231"
<http://purl.obolibrary.org/obo/UBERON_0002031>	"MA:0001839"
<http://purl.obolibrary.org/obo/UBERON_0002031>	"EMAPA:32691"
<http://purl.obolibrary.org/obo/UBERON_0002031>	"FMA:67782"
<http://purl.obolibrary.org/obo/UBERON_0002031>	"CALOHA:TS-1240"
<http://purl.obolibrary.org/obo/UBERON_0002031>	"EFO:0000307"
<http://purl.obolibrary.org/obo/UBERON_0002031>	"BTO:0001845"
<http://purl.obolibrary.org/obo/GO_0030218>	"Wikipedia:Erythropoiesis"
<http://purl.obolibrary.org/obo/CHEBI_78433>	"Wikipedia:Refrigerant"
<http://purl.obolibrary.org/obo/GO_0005585>	"Wikipedia:Collagen_type_II"
<http://purl.obolibrary.org/obo/CL_0000553>	"BTO:0001164"
<http://purl.obolibrary.org/obo/CL_0000553>	"CALOHA:TS-0610"
<http://purl.obolibrary.org/obo/CL_0000553>	"MESH:D055016"
<http://purl.obolibrary.org/obo/CL_0000553>	"FMA:84235"
<http://purl.obolibrary.org/obo/GO_0006325>	"Reactome:R-HSA-4839726"
<http://purl.obolibrary.org/obo/CHEBI_36916>	"KEGG:C01373"
<http://purl.obolibrary.org/obo/CL_0000150>	"FMA:86494"
<http://purl.obolibrary.org/obo/CL_0000150>	"CALOHA:TS-2085"
<http://purl.obolibrary.org/obo/GO_0016070>	"Reactome:R-HSA-8953854"
<http://purl.obolibrary.org/obo/CL_0002543>	"https://cellxgene.cziscience.com/cellguide/CL_0002543"
<http://purl.obolibrary.org/obo/CL_0002543>	"KUPO:0001099"
<http://purl.obolibrary.org/obo/CL_0002543>	"FMA:62104"
<http://purl.obolibrary.org/obo/GO_0006836>	"Reactome:R-HSA-210500"
<http://purl.obolibrary.org/obo/GO_0006836>	"Reactome:R-HSA-212676"
<http://purl.obolibrary.org/obo/GO_0006836>	"Reactome:R-HSA-181429"
<http://purl.obolibrary.org/obo/GO_0006836>	"Reactome:R-HSA-181430"
<http://purl.obolibrary.org/obo/GO_0006836>	"Reactome:R-HSA-264642"
<http://purl.obolibrary.org/obo/CHEBI_64047>	"Wikipedia:Food_additive"
<http://purl.obolibrary.org/obo/CHEBI_15379>	"MolBase:750"
<http://purl.obolibrary.org/obo/CHEBI_15379>	"Wikipedia:Oxygen"
<http://purl.obolibrary.org/obo/CHEBI_15379>	"KEGG:C00007"
<http://purl.obolibrary.org/obo/CHEBI_15379>	"PDBeChem:OXY"
<http://purl.obolibrary.org/obo/CHEBI_15379>	"MetaCyc:OXYGEN-MOLECULE"
<http://purl.obolibrary.org/obo/CHEBI_15379>	"HMDB:HMDB0001377"
<http://purl.obolibrary.org/obo/CHEBI_15379>	"KEGG:D00003"
<http://purl.obolibrary.org/obo/CHEBI_18282>	"Wikipedia:Nucleobase"
<http://purl.obolibrary.org/obo/CHEBI_18282>	"KEGG:C00701"
<http://purl.obolibrary.org/obo/PR_000001005>	"PIRSF:PIRSF002497"
<http://purl.obolibrary.org/obo/GO_0019752>	"Reactome:R-HSA-389661"
<http://purl.obolibrary.org/obo/CHEBI_38958>	"Wikipedia:Indole_alkaloid"
<http://purl.obolibrary.org/obo/CHEBI_38958>	"KEGG:C06073"
<http://purl.obolibrary.org/obo/UBERON_0039857>	"FMA:14347"
<http://purl.obolibrary.org/obo/CHEBI_16134>	"MolBase:930"
<http://purl.obolibrary.org/obo/CHEBI_16134>	"KEGG:C00014"
<http://purl.obolibrary.org/obo/CHEBI_16134>	"MetaCyc:AMMONIA"
<http://purl.obolibrary.org/obo/CHEBI_16134>	"PDBeChem:NH3"
<http://purl.obolibrary.org/obo/CHEBI_16134>	"HMDB:HMDB0000051"
<http://purl.obolibrary.org/obo/CHEBI_16134>	"Wikipedia:Ammonia"
<http://purl.obolibrary.org/obo/CHEBI_16134>	"KEGG:D02916"
<http://purl.obolibrary.org/obo/CHEBI_16134>	"KNApSAcK:C00007267"
<http://purl.obolibrary.org/obo/GO_0007548>	"Wikipedia:Sexual_differentiation"
<http://purl.obolibrary.org/obo/CL_0000738>	"BTO:0000751"
<http://purl.obolibrary.org/obo/CL_0000738>	"FMA:62852"
<http://purl.obolibrary.org/obo/CL_0000738>	"MESH:D007962"
<http://purl.obolibrary.org/obo/CL_0000738>	"NCIT:C12529"
<http://purl.obolibrary.org/obo/CL_0000738>	"CALOHA:TS-0549"
<http://purl.obolibrary.org/obo/CL_0002539>	"https://cellxgene.cziscience.com/cellguide/CL_0002539"
<http://purl.obolibrary.org/obo/CL_0002539>	"BTO:0004577"
<http://purl.obolibrary.org/obo/NCBITaxon_32443>	"GC_ID:1"
<http://purl.obolibrary.org/obo/GO_0007113>	"Wikipedia:Mitosis#Endomitosis"
<http://purl.obolibrary.org/obo/CL_0000842>	"CALOHA:TS-0768"
<http://purl.obolibrary.org/obo/CL_0000842>	"BTO:0000878"
<http://purl.obolibrary.org/obo/CL_0000842>	"FMA:86713"
<http://purl.obolibrary.org/obo/UBERON_0000971>	"MIAA:0000143"
<http://purl.obolibrary.org/obo/UBERON_0000971>	"HAO:0000666"
<http://purl.obolibrary.org/obo/UBERON_0000971>	"Wikipedia:Ommatidium"
<http://purl.obolibrary.org/obo/UBERON_0000971>	"BTO:0001922"
<http://purl.obolibrary.org/obo/UBERON_0000971>	"MAT:0000143"
<http://purl.obolibrary.org/obo/CL_0000098>	"BTO:0004301"
<http://purl.obolibrary.org/obo/GO_1902036>	"Reactome:R-HSA-8939236"
<http://purl.obolibrary.org/obo/GO_1903779>	"Reactome:R-HSA-5578775"
<http://purl.obolibrary.org/obo/GO_1903779>	"Reactome:R-HSA-5578768"
<http://purl.obolibrary.org/obo/GO_0055086>	"Reactome:R-HSA-2393930"
<http://purl.obolibrary.org/obo/GO_0055086>	"Reactome:R-HSA-15869"
<http://purl.obolibrary.org/obo/GO_0007154>	"Wikipedia:Cell_signaling"
<http://purl.obolibrary.org/obo/GO_0019216>	"Reactome:R-HSA-400206"
<http://purl.obolibrary.org/obo/GO_0019216>	"Reactome:R-HSA-2426168"
<http://purl.obolibrary.org/obo/GO_0001654>	"Wikipedia:Eye_development"
<http://purl.obolibrary.org/obo/CL_0002262>	"https://cellxgene.cziscience.com/cellguide/CL_0002262"
<http://purl.obolibrary.org/obo/CL_0002262>	"FMA:63134"
<http://purl.obolibrary.org/obo/GO_0005798>	"NIF_Subcellular:sao819927218"
<http://purl.obolibrary.org/obo/CL_0002553>	"CALOHA:TS-0575"
<http://purl.obolibrary.org/obo/CL_0002553>	"BTO:0000764"
<http://purl.obolibrary.org/obo/CL_0000082>	"BTO:0004299"
<http://purl.obolibrary.org/obo/GO_0006915>	"Reactome:R-HSA-109581"
<http://purl.obolibrary.org/obo/GO_0006915>	"Wikipedia:Apoptosis"
<http://purl.obolibrary.org/obo/GO_0051149>	"Reactome:R-HSA-525793"
<http://purl.obolibrary.org/obo/GO_0030199>	"Reactome:R-HSA-2214320"
<http://purl.obolibrary.org/obo/GO_0030199>	"Reactome:R-HSA-2243919"
<http://purl.obolibrary.org/obo/GO_0030199>	"Reactome:R-HSA-1474290"
<http://purl.obolibrary.org/obo/CL_0002600>	"https://cellxgene.cziscience.com/cellguide/CL_0002600"
<http://purl.obolibrary.org/obo/GO_0005840>	"Wikipedia:Ribosome"
<http://purl.obolibrary.org/obo/GO_0005840>	"NIF_Subcellular:sao1429207766"
<http://purl.obolibrary.org/obo/CL_1001576>	"CALOHA:TS-1252"
<http://purl.obolibrary.org/obo/GO_0097711>	"Reactome:R-HSA-5620912"
<http://purl.obolibrary.org/obo/GO_0005930>	"Wikipedia:Axoneme"
<http://purl.obolibrary.org/obo/GO_0006865>	"Reactome:R-HSA-352230"
<http://purl.obolibrary.org/obo/CHEBI_15339>	"KEGG:C16722"
<http://purl.obolibrary.org/obo/CHEBI_15339>	"KEGG:C00028"
<http://purl.obolibrary.org/obo/GO_0097427>	"NIF_Subcellular:sao1872343973"
<http://purl.obolibrary.org/obo/NCBITaxon_50557>	"GC_ID:1"
<http://purl.obolibrary.org/obo/CHEBI_15986>	"KEGG:C00419"
<http://purl.obolibrary.org/obo/CL_0000114>	"https://cellxgene.cziscience.com/cellguide/CL_0000114"
<http://purl.obolibrary.org/obo/CL_0000114>	"FMA:72552"
<http://purl.obolibrary.org/obo/CL_1000443>	"https://cellxgene.cziscience.com/cellguide/CL_1000443"
<http://purl.obolibrary.org/obo/CL_1000443>	"FMA:70610"
<http://purl.obolibrary.org/obo/GO_0009566>	"Wikipedia:Fertilisation"
<http://purl.obolibrary.org/obo/UBERON_0009652>	"NCIT:C49208"
<http://purl.obolibrary.org/obo/UBERON_0009652>	"MA:0001832"
<http://purl.obolibrary.org/obo/NCBITaxon_1963758>	"GC_ID:1"
<http://purl.obolibrary.org/obo/GO_0007076>	"Reactome:R-HSA-2514853"
<http://purl.obolibrary.org/obo/GO_0007076>	"Reactome:R-HSA-2299718"
<http://purl.obolibrary.org/obo/CHEBI_33308>	"Wikipedia:Ester"
<http://purl.obolibrary.org/obo/CHEBI_33308>	"KEGG:C02391"
<http://purl.obolibrary.org/obo/CL_0002144>	"CALOHA:TS-0112"
<http://purl.obolibrary.org/obo/CL_0002144>	"BTO:0004956"
<http://purl.obolibrary.org/obo/CL_0002144>	"FMA:67756"
<http://purl.obolibrary.org/obo/GO_0001570>	"Wikipedia:Vasculogenesis"
<http://purl.obolibrary.org/obo/GO_0000741>	"Wikipedia:Karyogamy"
<http://purl.obolibrary.org/obo/GO_0035735>	"Reactome:R-HSA-5620924"
<http://purl.obolibrary.org/obo/GO_0000070>	"Reactome:R-HSA-2500257"
<http://purl.obolibrary.org/obo/CL_0002585>	"https://cellxgene.cziscience.com/cellguide/CL_0002585"
<http://purl.obolibrary.org/obo/CHEBI_28938>	"Wikipedia:Ammonium"
<http://purl.obolibrary.org/obo/CHEBI_28938>	"PDBeChem:NH4"
<http://purl.obolibrary.org/obo/CHEBI_28938>	"MolBase:929"
<http://purl.obolibrary.org/obo/CHEBI_28938>	"MetaCyc:AMMONIUM"
<http://purl.obolibrary.org/obo/CHEBI_28938>	"KEGG:C01342"
<http://purl.obolibrary.org/obo/CHEBI_77941>	"Wikipedia:Amidase"
<http://purl.obolibrary.org/obo/CL_1001568>	"BTO:0001141"
<http://purl.obolibrary.org/obo/GO_0007281>	"Reactome:R-HSA-9827857"
<http://purl.obolibrary.org/obo/NCBITaxon_39107>	"GC_ID:1"
<http://purl.obolibrary.org/obo/CL_0001066>	"BTO:0004911"
<http://purl.obolibrary.org/obo/CHEBI_16765>	"KEGG:C00398"
<http://purl.obolibrary.org/obo/CHEBI_16765>	"Wikipedia:Tryptamine"
<http://purl.obolibrary.org/obo/CHEBI_16765>	"DrugBank:DB08653"
<http://purl.obolibrary.org/obo/CHEBI_16765>	"PDBeChem:TSS"
<http://purl.obolibrary.org/obo/CHEBI_16765>	"MetaCyc:TRYPTAMINE"
<http://purl.obolibrary.org/obo/CHEBI_16765>	"KNApSAcK:C00001434"
<http://purl.obolibrary.org/obo/CHEBI_16765>	"HMDB:HMDB0000303"
<http://purl.obolibrary.org/obo/UBERON_0013127>	"Wikipedia:Pulmonary_venous_system"
<http://purl.obolibrary.org/obo/UBERON_0014404>	"AEO:0000176"
<http://purl.obolibrary.org/obo/CL_0002222>	"FMA:70950"
<http://purl.obolibrary.org/obo/PR_P06332>	"UniProtKB:P06332"
<http://purl.obolibrary.org/obo/GO_0042427>	"Wikipedia:Serotonin"
<http://purl.obolibrary.org/obo/CL_0009001>	"PMID:12021768"
<http://purl.obolibrary.org/obo/CL_0009001>	"GOC:pr"
<http://purl.obolibrary.org/obo/UBERON_0000963>	"MIAA:0000204"
<http://purl.obolibrary.org/obo/UBERON_0000963>	"MAT:0000204"
<http://purl.obolibrary.org/obo/PR_000002112>	"IUPHARobj:1813"
<http://purl.obolibrary.org/obo/UBERON_0006833>	"SCTID:197486000"
<http://purl.obolibrary.org/obo/UBERON_0006833>	"FMA:7469"
<http://purl.obolibrary.org/obo/GO_0008202>	"Wikipedia:Steroid_metabolism"
<http://purl.obolibrary.org/obo/GO_0008202>	"Reactome:R-HSA-8957322"
<http://purl.obolibrary.org/obo/CHEBI_60027>	"Wikipedia:Polymer"
<http://purl.obolibrary.org/obo/CL_0000152>	"FMA:16014"
<http://purl.obolibrary.org/obo/GO_0005634>	"Wikipedia:Cell_nucleus"
<http://purl.obolibrary.org/obo/GO_0005634>	"NIF_Subcellular:sao1702920020"
<http://purl.obolibrary.org/obo/PR_P01731>	"UniProtKB:P01731"
<http://purl.obolibrary.org/obo/CL_0002076>	"FMA:69075"
<http://purl.obolibrary.org/obo/GO_0051716>	"Reactome:R-HSA-8953897"
<http://purl.obolibrary.org/obo/GO_0000792>	"Wikipedia:Heterochromatin"
<http://purl.obolibrary.org/obo/GO_0000792>	"NIF_Subcellular:sao581845896"
<http://purl.obolibrary.org/obo/UBERON_0003616>	"NCIT:C49211"
<http://purl.obolibrary.org/obo/UBERON_0003616>	"MA:0001838"
<http://purl.obolibrary.org/obo/GO_0048863>	"Wikipedia:Stem_cell_differentiation"
<http://purl.obolibrary.org/obo/CL_1000444>	"FMA:70615"
<http://purl.obolibrary.org/obo/CL_0019019>	"https://cellxgene.cziscience.com/cellguide/CL_0019019"
<http://purl.obolibrary.org/obo/CHEBI_64049>	"Wikipedia:Acidity_regulator"
<http://purl.obolibrary.org/obo/GO_0007346>	"Reactome:R-HSA-68911"
<http://purl.obolibrary.org/obo/GO_0007346>	"Reactome:R-HSA-2465910"
<http://purl.obolibrary.org/obo/UBERON_0034923>	"CARO:0020000"
<http://purl.obolibrary.org/obo/GO_0006790>	"Wikipedia:Sulfur_metabolism"
<http://purl.obolibrary.org/obo/CL_0002350>	"FMA:75621"
<http://purl.obolibrary.org/obo/CL_0002350>	"https://cellxgene.cziscience.com/cellguide/CL_0002350"
<http://purl.obolibrary.org/obo/GO_0007077>	"Reactome:R-HSA-2980766"
<http://purl.obolibrary.org/obo/UBERON_0004799>	"NCIT:C49303"
<http://purl.obolibrary.org/obo/UBERON_0004799>	"MA:0001855"
<http://purl.obolibrary.org/obo/CL_0000362>	"FMA:62411"
<http://purl.obolibrary.org/obo/CL_0000362>	"MESH:D000078404"
<http://purl.obolibrary.org/obo/CL_0000362>	"CALOHA:TS-0283"
<http://purl.obolibrary.org/obo/CL_0000362>	"BTO:0001470"
<http://purl.obolibrary.org/obo/GO_0006694>	"Wikipedia:Steroid_metabolisms#Steroid_biosynthesis"
<http://purl.obolibrary.org/obo/CHEBI_33709>	"Wikipedia:Amino_acid"
<http://purl.obolibrary.org/obo/GO_0000278>	"Wikipedia:Mitosis"
<http://purl.obolibrary.org/obo/GO_0000278>	"Reactome:R-HSA-69278"
<http://purl.obolibrary.org/obo/PR_P16872>	"UniProtKB:P16872"
<http://purl.obolibrary.org/obo/GO_0007165>	"Reactome:R-HSA-212718"
<http://purl.obolibrary.org/obo/GO_0007165>	"Wikipedia:Signal_transduction"
<http://purl.obolibrary.org/obo/UBERON_0009653>	"NCIT:C49302"
<http://purl.obolibrary.org/obo/UBERON_0009653>	"MA:0001854"
<http://purl.obolibrary.org/obo/GO_0006811>	"Reactome:R-HSA-425393"
<http://purl.obolibrary.org/obo/CL_1001610>	"CALOHA:TS-2109"
<http://purl.obolibrary.org/obo/PR_000001289>	"IUPHARobj:2628"
<http://purl.obolibrary.org/obo/PR_000001289>	"PIRSF:PIRSF001995"
<http://purl.obolibrary.org/obo/CL_0002657>	"FMA:86548"
<http://purl.obolibrary.org/obo/CHEBI_46883>	"PDBeChem:FMT"
<http://purl.obolibrary.org/obo/GO_0051726>	"Reactome:R-HSA-380972"
<http://purl.obolibrary.org/obo/GO_0051726>	"Reactome:R-HSA-156711"
<http://purl.obolibrary.org/obo/CHEBI_18059>	"KEGG:C01356"
<http://purl.obolibrary.org/obo/UBERON_0002351>	"MA:0000097"
<http://purl.obolibrary.org/obo/UBERON_0002351>	"NCIT:C33555"
<http://purl.obolibrary.org/obo/UBERON_0002351>	"Wikipedia:Sinoatrial_node"
<http://purl.obolibrary.org/obo/UBERON_0002351>	"SCTID:277687007"
<http://purl.obolibrary.org/obo/UBERON_0002351>	"EHDAA2:0004184"
<http://purl.obolibrary.org/obo/UBERON_0002351>	"EMAPA:35772"
<http://purl.obolibrary.org/obo/UBERON_0002351>	"BTO:0004358"
<http://purl.obolibrary.org/obo/UBERON_0002351>	"GAID:561"
<http://purl.obolibrary.org/obo/UBERON_0002351>	"FMA:9477"
<http://purl.obolibrary.org/obo/UBERON_0002351>	"ZFA:0005069"
<http://purl.obolibrary.org/obo/UBERON_0002351>	"TAO:0005069"
<http://purl.obolibrary.org/obo/UBERON_0002351>	"MESH:D012849"
<http://purl.obolibrary.org/obo/UBERON_0009644>	"MA:0001859"
<http://purl.obolibrary.org/obo/UBERON_0009644>	"EMAPA:35878"
<http://purl.obolibrary.org/obo/CHEBI_30212>	"KEGG:C00205"
<http://purl.obolibrary.org/obo/UBERON_0004242>	"MA:0001840"
<http://purl.obolibrary.org/obo/UBERON_0004242>	"NCIT:C49213"
<http://purl.obolibrary.org/obo/UBERON_0004242>	"BTO:0004401"
<http://purl.obolibrary.org/obo/UBERON_0004242>	"EMAPA:35195"
<http://purl.obolibrary.org/obo/GO_0012505>	"Wikipedia:Endomembrane_system"
<http://purl.obolibrary.org/obo/CHEBI_35267>	"KEGG:C06703"
<http://purl.obolibrary.org/obo/UBERON_0003571>	"EMAPA:35876"
<http://purl.obolibrary.org/obo/UBERON_0003571>	"MA:0001853"
<http://purl.obolibrary.org/obo/GO_0022617>	"Reactome:R-HSA-1474228"
<http://purl.obolibrary.org/obo/CL_1000414>	"FMA:67762"
<http://purl.obolibrary.org/obo/CL_0000556>	"CALOHA:TS-0611"
<http://purl.obolibrary.org/obo/CL_0000556>	"FMA:83555"
<http://purl.obolibrary.org/obo/CL_0000556>	"BTO:0000843"
<http://purl.obolibrary.org/obo/CL_0002202>	"FMA:66816"
<http://purl.obolibrary.org/obo/PR_P19437>	"UniProtKB:P19437"
<http://purl.obolibrary.org/obo/UBERON_0000018>	"HAO:0000217"
<http://purl.obolibrary.org/obo/UBERON_0000018>	"TGMA:0000024"
<http://purl.obolibrary.org/obo/UBERON_0000018>	"BTO:0001921"
<http://purl.obolibrary.org/obo/UBERON_0000018>	"Wikipedia:Compound_eye"
<http://purl.obolibrary.org/obo/GO_0032059>	"Wikipedia:Bleb_(cell_biology)"
<http://purl.obolibrary.org/obo/UBERON_0000410>	"BTO:0001846"
<http://purl.obolibrary.org/obo/UBERON_0000410>	"FMA:62652"
<http://purl.obolibrary.org/obo/UBERON_0000410>	"SCTID:30802009"
<http://purl.obolibrary.org/obo/PR_P35918>	"UniProtKB:P35918"
<http://purl.obolibrary.org/obo/CHEBI_33575>	"Wikipedia:Carboxylic_acid"
<http://purl.obolibrary.org/obo/GO_0008152>	"Wikipedia:Metabolism"
<http://purl.obolibrary.org/obo/GO_0008152>	"Reactome:R-HSA-1430728"
<http://purl.obolibrary.org/obo/GO_0005635>	"Wikipedia:Nuclear_envelope"
<http://purl.obolibrary.org/obo/CHEBI_35757>	"KEGG:C00060"
<http://purl.obolibrary.org/obo/UBERON_0003617>	"MA:0001861"
<http://purl.obolibrary.org/obo/CL_1000310>	"FMA:261297"
<http://purl.obolibrary.org/obo/CHEBI_77974>	"Wikipedia:Packaging_gas"
<http://purl.obolibrary.org/obo/GO_0030133>	"NIF_Subcellular:sao885490876"
<http://purl.obolibrary.org/obo/CL_0002620>	"CALOHA:TS-0935"
<http://purl.obolibrary.org/obo/CL_0002620>	"BTO:0001255"
<http://purl.obolibrary.org/obo/GO_0001837>	"Reactome:R-HSA-9758919"
<http://purl.obolibrary.org/obo/UBERON_0004800>	"MA:0001833"
<http://purl.obolibrary.org/obo/UBERON_0004800>	"NCIT:C49207"
<http://purl.obolibrary.org/obo/PR_000001018>	"PIRSF:PIRSF001993"
<http://purl.obolibrary.org/obo/PR_Q64314>	"UniProtKB:Q64314"
<http://purl.obolibrary.org/obo/UBERON_0002338>	"FMA:86619"
<http://purl.obolibrary.org/obo/UBERON_0002338>	"EMAPA:35194"
<http://purl.obolibrary.org/obo/UBERON_0002338>	"MA:0001836"
<http://purl.obolibrary.org/obo/UBERON_0002338>	"NCIT:C49212"
<http://purl.obolibrary.org/obo/GO_0051169>	"Wikipedia:Nuclear_transport"
<http://purl.obolibrary.org/obo/CL_1000376>	"FMA:263182"
<http://purl.obolibrary.org/obo/GO_0007416>	"Wikipedia:Synaptogenesis"
<http://purl.obolibrary.org/obo/GO_1904177>	"Reactome:R-HSA-9843745"
<http://purl.obolibrary.org/obo/GO_0007020>	"Wikipedia:Microtubule_nucleation"
<http://purl.obolibrary.org/obo/NCBITaxon_337687>	"PMID:15371245"
<http://purl.obolibrary.org/obo/NCBITaxon_337687>	"PMID:15019624"
<http://purl.obolibrary.org/obo/NCBITaxon_337687>	"GC_ID:1"
<http://purl.obolibrary.org/obo/GO_0005694>	"Wikipedia:Chromosome"
<http://purl.obolibrary.org/obo/CL_1000307>	"FMA:261287"
<http://purl.obolibrary.org/obo/CHEBI_22695>	"KEGG:C00701"
<http://purl.obolibrary.org/obo/CHEBI_33595>	"Wikipedia:Cyclic_compound"
<http://purl.obolibrary.org/obo/NCBITaxon_9989>	"GC_ID:1"
<http://purl.obolibrary.org/obo/GO_0043228>	"NIF_Subcellular:sao1456184038"
<http://purl.obolibrary.org/obo/CHEBI_46629>	"PDBeChem:O"
<http://purl.obolibrary.org/obo/CL_0000107>	"FMA:80121"
<http://purl.obolibrary.org/obo/CL_0002252>	"FMA:63071"
<http://purl.obolibrary.org/obo/NCBITaxon_314147>	"PMID:15522813"
<http://purl.obolibrary.org/obo/NCBITaxon_314147>	"PMID:12082125"
<http://purl.obolibrary.org/obo/NCBITaxon_314147>	"PMID:11214319"
<http://purl.obolibrary.org/obo/NCBITaxon_314147>	"GC_ID:1"
<http://purl.obolibrary.org/obo/CHEBI_25512>	"Wikipedia:Neurotransmitter"
<http://purl.obolibrary.org/obo/CL_0000359>	"https://cellxgene.cziscience.com/cellguide/CL_0000359"
<http://purl.obolibrary.org/obo/UBERON_0002352>	"MESH:D001283"
<http://purl.obolibrary.org/obo/UBERON_0002352>	"MA:0000095"
<http://purl.obolibrary.org/obo/UBERON_0002352>	"EMAPA:35153"
<http://purl.obolibrary.org/obo/UBERON_0002352>	"GAID:558"
<http://purl.obolibrary.org/obo/UBERON_0002352>	"EFO:0000276"
<http://purl.obolibrary.org/obo/UBERON_0002352>	"BTO:0005689"
<http://purl.obolibrary.org/obo/UBERON_0002352>	"MAT:0000498"
<http://purl.obolibrary.org/obo/UBERON_0002352>	"TAO:0005070"
<http://purl.obolibrary.org/obo/UBERON_0002352>	"FMA:9478"
<http://purl.obolibrary.org/obo/UBERON_0002352>	"SCTID:277688002"
<http://purl.obolibrary.org/obo/UBERON_0002352>	"ZFA:0005070"
<http://purl.obolibrary.org/obo/UBERON_0002352>	"NCIT:C32161"
<http://purl.obolibrary.org/obo/UBERON_0002352>	"Wikipedia:Atrioventricular_node"
<http://purl.obolibrary.org/obo/UBERON_0002352>	"EHDAA2:0004183"
<http://purl.obolibrary.org/obo/UBERON_0002352>	"VHOG:0001474"
<http://purl.obolibrary.org/obo/GO_0014896>	"Wikipedia:Muscle_hypertrophy"
<http://purl.obolibrary.org/obo/UBERON_0006934>	"FMA:62410"
<http://purl.obolibrary.org/obo/UBERON_0006934>	"SCTID:309045006"
<http://purl.obolibrary.org/obo/UBERON_0006934>	"CALOHA:TS-0682"
<http://purl.obolibrary.org/obo/CHEBI_46787>	"Wikipedia:Solvent"
<http://purl.obolibrary.org/obo/CL_1000482>	"FMA:83390"
<http://purl.obolibrary.org/obo/PR_P08920>	"UniProtKB:P08920"
<http://purl.obolibrary.org/obo/PR_000001020>	"IUPHARobj:2742"
<http://purl.obolibrary.org/obo/GO_0031045>	"NIF_Subcellular:sao772007592"
<http://purl.obolibrary.org/obo/NCBITaxon_41665>	"GC_ID:1"
<http://purl.obolibrary.org/obo/CL_0002087>	"FMA:62855"
<http://purl.obolibrary.org/obo/GO_0061024>	"Reactome:R-HSA-199991"
<http://purl.obolibrary.org/obo/CL_0002209>	"FMA:69060"
<http://purl.obolibrary.org/obo/GO_0048370>	"Reactome:R-HSA-9758920"
<http://purl.obolibrary.org/obo/PR_000001022>	"PIRSF:PIRSF002507"
<http://purl.obolibrary.org/obo/GO_0006518>	"Reactome:R-HSA-2980736"
<http://purl.obolibrary.org/obo/CL_2000032>	"FMA:84664"
<http://purl.obolibrary.org/obo/GO_0044238>	"Wikipedia:Primary_metabolite"
<http://purl.obolibrary.org/obo/GO_0044238>	"Reactome:R-HSA-71291"
<http://purl.obolibrary.org/obo/CL_0002368>	"BTO:0004533"
<http://purl.obolibrary.org/obo/GO_0042073>	"Wikipedia:Intraflagellar_transport"
<http://purl.obolibrary.org/obo/UBERON_0015203>	"AEO:0000093"
<http://purl.obolibrary.org/obo/CL_1000311>	"FMA:261300"
<http://purl.obolibrary.org/obo/CL_1000330>	"https://cellxgene.cziscience.com/cellguide/CL_1000330"
<http://purl.obolibrary.org/obo/CL_1000330>	"FMA:263078"
<http://purl.obolibrary.org/obo/UBERON_0007267>	"EHDAA:7082"
<http://purl.obolibrary.org/obo/UBERON_0007267>	"EHDAA2:0002070"
<http://purl.obolibrary.org/obo/GO_0030212>	"Reactome:R-HSA-2142845"
<http://purl.obolibrary.org/obo/UBERON_0008339>	"BTO:0003122"
<http://purl.obolibrary.org/obo/NCBITaxon_186623>	"GC_ID:1"
<http://purl.obolibrary.org/obo/CL_0000575>	"FMA:70551"
<http://purl.obolibrary.org/obo/CL_0000575>	"BTO:0004298"
<http://purl.obolibrary.org/obo/CL_0000575>	"CALOHA:TS-0173"
<http://purl.obolibrary.org/obo/GO_0045216>	"Reactome:R-HSA-421270"
<http://purl.obolibrary.org/obo/GO_0060271>	"Reactome:R-HSA-5617833"
<http://purl.obolibrary.org/obo/GO_0006869>	"Reactome:R-HSA-1369062"
<http://purl.obolibrary.org/obo/PR_P05555>	"UniProtKB:P05555"
<http://purl.obolibrary.org/obo/GO_0043066>	"Reactome:R-HSA-211733"
<http://purl.obolibrary.org/obo/GO_0043066>	"Reactome:R-HSA-211728"
<http://purl.obolibrary.org/obo/GO_0043066>	"Reactome:R-HSA-193639"
<http://purl.obolibrary.org/obo/GO_0007417>	"Wikipedia:Neural_development"
<http://purl.obolibrary.org/obo/CL_0000225>	"FMA:68647"
<http://purl.obolibrary.org/obo/CL_0000670>	"FMA:70567"
<http://purl.obolibrary.org/obo/CL_0000131>	"https://cellxgene.cziscience.com/cellguide/CL_0000131"
<http://purl.obolibrary.org/obo/CL_0002308>	"FMA:70657"
<http://purl.obolibrary.org/obo/GO_0008104>	"Reactome:R-HSA-9609507"
<http://purl.obolibrary.org/obo/GO_0060173>	"Wikipedia:Limb_development"
<http://purl.obolibrary.org/obo/CHEBI_76759>	"Wikipedia:Hydrolase"
<http://purl.obolibrary.org/obo/GO_0062012>	"Reactome:R-HSA-9861718"
<http://purl.obolibrary.org/obo/UBERON_0010243>	"Wikipedia:Merocrine"
<http://purl.obolibrary.org/obo/UBERON_0010243>	"MA:0003041"
<http://purl.obolibrary.org/obo/UBERON_0010243>	"BTO:0002324"
<http://purl.obolibrary.org/obo/GO_0019222>	"Reactome:R-HSA-1989781"
<http://purl.obolibrary.org/obo/CL_0000108>	"FMA:84796"
<http://purl.obolibrary.org/obo/CL_0000108>	"WBbt:0006840"
<http://purl.obolibrary.org/obo/CL_0000108>	"BTO:0004902"
<http://purl.obolibrary.org/obo/CL_0000108>	"MESH:D059329"
<http://purl.obolibrary.org/obo/UBERON_0001994>	"MA:0000109"
<http://purl.obolibrary.org/obo/UBERON_0001994>	"VSAO:0000094"
<http://purl.obolibrary.org/obo/UBERON_0001994>	"FMA:64783"
<http://purl.obolibrary.org/obo/UBERON_0001994>	"NCIT:C32746"
<http://purl.obolibrary.org/obo/UBERON_0001994>	"Wikipedia:Hyaline_cartilage"
<http://purl.obolibrary.org/obo/UBERON_0001994>	"XAO:0004029"
<http://purl.obolibrary.org/obo/UBERON_0001994>	"SCTID:39298000"
<http://purl.obolibrary.org/obo/UBERON_0001994>	"EMAPA:35414"
<http://purl.obolibrary.org/obo/GO_0006996>	"Reactome:R-HSA-1852241"
<http://purl.obolibrary.org/obo/GO_0034220>	"Reactome:R-HSA-983712"
<http://purl.obolibrary.org/obo/CHEBI_28790>	"PDBeChem:SRO"
<http://purl.obolibrary.org/obo/CHEBI_28790>	"HMDB:HMDB0000259"
<http://purl.obolibrary.org/obo/CHEBI_28790>	"LINCS:LSM-6589"
<http://purl.obolibrary.org/obo/CHEBI_28790>	"MetaCyc:SEROTONIN"
<http://purl.obolibrary.org/obo/CHEBI_28790>	"KEGG:C00780"
<http://purl.obolibrary.org/obo/CHEBI_28790>	"KNApSAcK:C00001429"
<http://purl.obolibrary.org/obo/CHEBI_28790>	"Wikipedia:Serotonin"
<http://purl.obolibrary.org/obo/CL_0010008>	"https://cellxgene.cziscience.com/cellguide/CL_0010008"
<http://purl.obolibrary.org/obo/NCBITaxon_88770>	"GC_ID:1"
<http://purl.obolibrary.org/obo/PR_P10810>	"UniProtKB:P10810"
<http://purl.obolibrary.org/obo/GO_0007049>	"Wikipedia:Cell_cycle"
<http://purl.obolibrary.org/obo/GO_0007049>	"Reactome:R-HSA-1640170"
<http://purl.obolibrary.org/obo/CL_0002328>	"BTO:0002922"
<http://purl.obolibrary.org/obo/PR_000001869>	"PIRSF:PIRSF001960"
<http://purl.obolibrary.org/obo/PR_000001869>	"IUPHARobj:1698"
<http://purl.obolibrary.org/obo/UBERON_0000949>	"AAO:0010279"
<http://purl.obolibrary.org/obo/UBERON_0000949>	"MESH:D004703"
<http://purl.obolibrary.org/obo/UBERON_0000949>	"Wikipedia:Endocrine_system"
<http://purl.obolibrary.org/obo/UBERON_0000949>	"XAO:0000158"
<http://purl.obolibrary.org/obo/UBERON_0000949>	"EFO:0002969"
<http://purl.obolibrary.org/obo/UBERON_0000949>	"VHOG:0000098"
<http://purl.obolibrary.org/obo/UBERON_0000949>	"GAID:439"
<http://purl.obolibrary.org/obo/UBERON_0000949>	"FMA:9668"
<http://purl.obolibrary.org/obo/UBERON_0000949>	"SCTID:278876000"
<http://purl.obolibrary.org/obo/UBERON_0000949>	"CALOHA:TS-1301"
<http://purl.obolibrary.org/obo/UBERON_0000949>	"EV:0100128"
<http://purl.obolibrary.org/obo/UBERON_0000949>	"NCIT:C12705"
<http://purl.obolibrary.org/obo/UBERON_0000949>	"EHDAA2:0002224"
<http://purl.obolibrary.org/obo/UBERON_0000949>	"EMAPA:35306"
<http://purl.obolibrary.org/obo/UBERON_0000949>	"MA:0000012"
<http://purl.obolibrary.org/obo/UBERON_0000949>	"ZFA:0001158"
<http://purl.obolibrary.org/obo/UBERON_0000949>	"TAO:0001158"
<http://purl.obolibrary.org/obo/GO_0061337>	"Reactome:R-HSA-5576891"
<http://purl.obolibrary.org/obo/UBERON_0000482>	"AAO:0010269"
<http://purl.obolibrary.org/obo/UBERON_0000482>	"BILA:0000065"
<http://purl.obolibrary.org/obo/UBERON_0000482>	"FMA:62918"
<http://purl.obolibrary.org/obo/UBERON_0000482>	"EHDAA2:0003065"
<http://purl.obolibrary.org/obo/UBERON_0000482>	"ZFA:0001485"
<http://purl.obolibrary.org/obo/UBERON_0000482>	"Wikipedia:Basal_lamina"
<http://purl.obolibrary.org/obo/UBERON_0000482>	"AEO:0000065"
<http://purl.obolibrary.org/obo/UBERON_0000482>	"XAO:0003163"
<http://purl.obolibrary.org/obo/UBERON_0000482>	"NCIT:C32186"
<http://purl.obolibrary.org/obo/UBERON_0000482>	"TGMA:0001850"
<http://purl.obolibrary.org/obo/UBERON_0000482>	"HAO:0000065"
<http://purl.obolibrary.org/obo/UBERON_0000482>	"CARO:0000065"
<http://purl.obolibrary.org/obo/UBERON_0000482>	"MESH:D001485"
<http://purl.obolibrary.org/obo/UBERON_0000482>	"VHOG:0001592"
<http://purl.obolibrary.org/obo/UBERON_0000482>	"TAO:0001485"
<http://purl.obolibrary.org/obo/UBERON_0000482>	"WBbt:0005756"
<http://purl.obolibrary.org/obo/UBERON_0000482>	"NIF_Subcellular:sao1397492660"
<http://purl.obolibrary.org/obo/UBERON_0002202>	"EMAPA:35879"
<http://purl.obolibrary.org/obo/UBERON_0002202>	"FMA:7472"
<http://purl.obolibrary.org/obo/UBERON_0002202>	"MA:0001860"
<http://purl.obolibrary.org/obo/UBERON_0002202>	"SCTID:4419000"
<http://purl.obolibrary.org/obo/UBERON_0002202>	"BTO:0002115"
<http://purl.obolibrary.org/obo/UBERON_0002202>	"NCIT:C49307"
<http://purl.obolibrary.org/obo/GO_0030263>	"Wikipedia:Pyknosis"
<http://purl.obolibrary.org/obo/UBERON_0015204>	"EHDAA2:0002223"
<http://purl.obolibrary.org/obo/GO_0061025>	"Wikipedia:Lipid_bilayer_fusion"
<http://purl.obolibrary.org/obo/UBERON_0003592>	"NCIT:C49210"
<http://purl.obolibrary.org/obo/UBERON_0003592>	"EMAPA:32690"
<http://purl.obolibrary.org/obo/UBERON_0003592>	"MA:0001831"
<http://purl.obolibrary.org/obo/UBERON_0003592>	"EMAPA:35193"
<http://purl.obolibrary.org/obo/CL_0009004>	"PMID:10702418"
<http://purl.obolibrary.org/obo/GO_0005773>	"Wikipedia:Vacuole"
<http://purl.obolibrary.org/obo/PR_P22091>	"UniProtKB:P22091"
<http://purl.obolibrary.org/obo/PR_000001889>	"PIRSF:PIRSF002017"
<http://purl.obolibrary.org/obo/GO_0048320>	"Reactome:R-HSA-9796292"
<http://purl.obolibrary.org/obo/NCBITaxon_197562>	"PMID:11557979"
<http://purl.obolibrary.org/obo/NCBITaxon_197562>	"PMID:10874751"
<http://purl.obolibrary.org/obo/NCBITaxon_197562>	"GC_ID:1"
<http://purl.obolibrary.org/obo/CL_1000331>	"https://cellxgene.cziscience.com/cellguide/CL_1000331"
<http://purl.obolibrary.org/obo/CL_1000331>	"FMA:263080"
<http://purl.obolibrary.org/obo/GO_0008652>	"Wikipedia:Amino_acid_synthesis"
<http://purl.obolibrary.org/obo/GO_0030213>	"Reactome:R-HSA-2142850"
<http://purl.obolibrary.org/obo/NCBITaxon_7898>	"GC_ID:1"
<http://purl.obolibrary.org/obo/GO_0097190>	"Reactome:R-HSA-193681"
<http://purl.obolibrary.org/obo/GO_0097190>	"Reactome:R-HSA-204998"
<http://purl.obolibrary.org/obo/GO_0097190>	"Reactome:R-HSA-75157"
<http://purl.obolibrary.org/obo/NCBITaxon_862507>	"GC_ID:1"
<http://purl.obolibrary.org/obo/CHEBI_17891>	"KEGG:C01351"
<http://purl.obolibrary.org/obo/GO_0019538>	"Wikipedia:Protein_metabolism"
<http://purl.obolibrary.org/obo/GO_0019538>	"Reactome:R-HSA-392499"
<http://purl.obolibrary.org/obo/CHEBI_18154>	"KEGG:C00420"
<http://purl.obolibrary.org/obo/NCBITaxon_33317>	"GC_ID:1"
<http://purl.obolibrary.org/obo/CHEBI_138103>	"Wikipedia:Mineral_acid"
<http://purl.obolibrary.org/obo/GO_0032940>	"Wikipedia:Secretion"
<http://purl.obolibrary.org/obo/CL_0002663>	"FMA:83389"
<http://purl.obolibrary.org/obo/PR_000001971>	"PIRSF:PIRSF038502"
<http://purl.obolibrary.org/obo/GO_0006887>	"Wikipedia:Exocytosis"
<http://purl.obolibrary.org/obo/UBERON_0002368>	"FMA:9602"
<http://purl.obolibrary.org/obo/UBERON_0002368>	"NCIT:C12704"
<http://purl.obolibrary.org/obo/UBERON_0002368>	"GAID:335"
<http://purl.obolibrary.org/obo/UBERON_0002368>	"MESH:D004702"
<http://purl.obolibrary.org/obo/UBERON_0002368>	"Wikipedia:Endocrine_gland"
<http://purl.obolibrary.org/obo/UBERON_0002368>	"CALOHA:TS-1300"
<http://purl.obolibrary.org/obo/UBERON_0002368>	"BTO:0001488"
<http://purl.obolibrary.org/obo/UBERON_0002368>	"AEO:0000098"
<http://purl.obolibrary.org/obo/UBERON_0002368>	"SCTID:40818001"
<http://purl.obolibrary.org/obo/UBERON_0002368>	"MA:0002563"
<http://purl.obolibrary.org/obo/UBERON_0002368>	"EMAPA:35999"
<http://purl.obolibrary.org/obo/UBERON_0002368>	"EHDAA2:0003098"
<http://purl.obolibrary.org/obo/GO_0034329>	"Reactome:R-HSA-446728"
<http://purl.obolibrary.org/obo/CHEBI_15355>	"PDBeChem:ACH"
<http://purl.obolibrary.org/obo/CHEBI_15355>	"DrugBank:DB03128"
<http://purl.obolibrary.org/obo/CHEBI_15355>	"KEGG:C01996"
<http://purl.obolibrary.org/obo/CHEBI_15355>	"Wikipedia:Acetylcholine"
<http://purl.obolibrary.org/obo/CHEBI_15355>	"LINCS:LSM-5888"
<http://purl.obolibrary.org/obo/UBERON_0001956>	"FMA:62649"
<http://purl.obolibrary.org/obo/UBERON_0001956>	"EMAPA:35192"
<http://purl.obolibrary.org/obo/UBERON_0001956>	"NCIT:C49209"
<http://purl.obolibrary.org/obo/UBERON_0001956>	"SCTID:278980009"
<http://purl.obolibrary.org/obo/UBERON_0001956>	"MA:0001835"
<http://purl.obolibrary.org/obo/GO_0007018>	"Reactome:R-HSA-983189"
<http://purl.obolibrary.org/obo/PR_Q62351>	"UniProtKB:Q62351"
<http://purl.obolibrary.org/obo/CHEBI_83057>	"Wikipedia:Daphnia"
<http://purl.obolibrary.org/obo/GO_0007059>	"Wikipedia:Chromosome_segregation"
<http://purl.obolibrary.org/obo/CHEBI_50910>	"Wikipedia:Neurotoxin"
<http://purl.obolibrary.org/obo/UBERON_0009505>	"EMAPA:16854"
<http://purl.obolibrary.org/obo/UBERON_0009505>	"EHDAA2:0002067"
<http://purl.obolibrary.org/obo/CL_0000622>	"MESH:D061354"
<http://purl.obolibrary.org/obo/CL_0000622>	"FMA:83625"
<http://purl.obolibrary.org/obo/CL_0000622>	"https://cellxgene.cziscience.com/cellguide/CL_0000622"
<http://purl.obolibrary.org/obo/GO_0030203>	"Reactome:R-HSA-1630316"
<http://purl.obolibrary.org/obo/UBERON_0006799>	"NCIT:C45715"
<http://purl.obolibrary.org/obo/UBERON_0006799>	"NCIT:C43370"
<http://purl.obolibrary.org/obo/UBERON_0006799>	"BTO:0002991"
<http://purl.obolibrary.org/obo/GO_0035282>	"Wikipedia:Segmentation_(biology)"
<http://purl.obolibrary.org/obo/GO_0045930>	"Reactome:R-HSA-8854050"
<http://purl.obolibrary.org/obo/UBERON_0002354>	"MESH:D011690"
<http://purl.obolibrary.org/obo/UBERON_0002354>	"BTO:0001735"
<http://purl.obolibrary.org/obo/UBERON_0002354>	"NCIT:C33430"
<http://purl.obolibrary.org/obo/UBERON_0002354>	"EMAPA:35718"
<http://purl.obolibrary.org/obo/UBERON_0002354>	"MA:0000096"
<http://purl.obolibrary.org/obo/UBERON_0002354>	"FMA:9492"
<http://purl.obolibrary.org/obo/UBERON_0002354>	"GAID:560"
<http://purl.obolibrary.org/obo/UBERON_0002354>	"Wikipedia:Purkinje_fiber"
<http://purl.obolibrary.org/obo/PR_P22646>	"UniProtKB:P22646"
<http://purl.obolibrary.org/obo/UBERON_0001901>	"VHOG:0001045"
<http://purl.obolibrary.org/obo/UBERON_0001901>	"CALOHA:TS-1061"
<http://purl.obolibrary.org/obo/UBERON_0001901>	"MA:0001862"
<http://purl.obolibrary.org/obo/UBERON_0001901>	"EHDAA2:0002069"
<http://purl.obolibrary.org/obo/UBERON_0001901>	"EMAPA:18409"
<http://purl.obolibrary.org/obo/UBERON_0001901>	"BTO:0001389"
<http://purl.obolibrary.org/obo/UBERON_0001901>	"EMAPA:16855"
<http://purl.obolibrary.org/obo/UBERON_0001901>	"EHDAA:5007"
<http://purl.obolibrary.org/obo/UBERON_0001901>	"FMA:62015"
<http://purl.obolibrary.org/obo/UBERON_0001901>	"NCIT:C33797"
<http://purl.obolibrary.org/obo/UBERON_0003279>	"EHDAA:3082"
<http://purl.obolibrary.org/obo/UBERON_0003279>	"RETIRED_EHDAA2:0002068"
<http://purl.obolibrary.org/obo/PR_000001327>	"PIRSF:PIRSF002504"
<http://purl.obolibrary.org/obo/UBERON_0014402>	"WBbt:0005752"
<http://purl.obolibrary.org/obo/UBERON_0014402>	"AEO:0000174"
<http://purl.obolibrary.org/obo/CL_0002246>	"MESH:D000072916"
<http://purl.obolibrary.org/obo/CL_0002246>	"BTO:0002669"
<http://purl.obolibrary.org/obo/CL_0002246>	"FMA:86711"
<http://purl.obolibrary.org/obo/NCBITaxon_197563>	"PMID:9727836"
<http://purl.obolibrary.org/obo/NCBITaxon_197563>	"PMID:11557979"
<http://purl.obolibrary.org/obo/NCBITaxon_197563>	"GC_ID:1"
<http://purl.obolibrary.org/obo/CHEBI_15366>	"PDBeChem:ACT"
<http://purl.obolibrary.org/obo/CHEBI_15366>	"KNApSAcK:C00001176"
<http://purl.obolibrary.org/obo/CHEBI_15366>	"HMDB:HMDB0000042"
<http://purl.obolibrary.org/obo/CHEBI_15366>	"Wikipedia:Acetic_acid"
<http://purl.obolibrary.org/obo/CHEBI_15366>	"PPDB:1333"
<http://purl.obolibrary.org/obo/CHEBI_15366>	"MetaCyc:ACET"
<http://purl.obolibrary.org/obo/CHEBI_15366>	"PDBeChem:ACY"
<http://purl.obolibrary.org/obo/CHEBI_15366>	"KEGG:C00033"
<http://purl.obolibrary.org/obo/CHEBI_15366>	"KEGG:D00010"
<http://purl.obolibrary.org/obo/UBERON_0003387>	"NCIT:C49306"
<http://purl.obolibrary.org/obo/UBERON_0003387>	"EMAPA:19192"
<http://purl.obolibrary.org/obo/UBERON_0003387>	"FMA:262010"
<http://purl.obolibrary.org/obo/UBERON_0003387>	"MA:0001863"
<http://purl.obolibrary.org/obo/UBERON_0003387>	"BTO:0001391"
<http://purl.obolibrary.org/obo/UBERON_0007196>	"FMA:7393"
<http://purl.obolibrary.org/obo/UBERON_0007196>	"NCIT:C117875"
<http://purl.obolibrary.org/obo/UBERON_0007196>	"Wikipedia:Tracheobronchial_tree"
<http://purl.obolibrary.org/obo/UBERON_0007196>	"SCTID:361384001"
<http://purl.obolibrary.org/obo/GO_0030154>	"Wikipedia:Cellular_differentiation"
<http://purl.obolibrary.org/obo/CHEBI_32952>	"KEGG:C00706"
<http://purl.obolibrary.org/obo/GO_0060914>	"Reactome:R-HSA-9733709"
<http://purl.obolibrary.org/obo/UBERON_0002410>	"TAO:0001574"
<http://purl.obolibrary.org/obo/UBERON_0002410>	"neuronames:2054"
<http://purl.obolibrary.org/obo/UBERON_0002410>	"MA:0000219"
<http://purl.obolibrary.org/obo/UBERON_0002410>	"VHOG:0000396"
<http://purl.obolibrary.org/obo/UBERON_0002410>	"AAO:0000033"
<http://purl.obolibrary.org/obo/UBERON_0002410>	"CALOHA:TS-2001"
<http://purl.obolibrary.org/obo/UBERON_0002410>	"BIRNLEX:1123"
<http://purl.obolibrary.org/obo/UBERON_0002410>	"SCTID:362481007"
<http://purl.obolibrary.org/obo/UBERON_0002410>	"MESH:D001341"
<http://purl.obolibrary.org/obo/UBERON_0002410>	"EHDAA2:0000158"
<http://purl.obolibrary.org/obo/UBERON_0002410>	"BTO:0002507"
<http://purl.obolibrary.org/obo/UBERON_0002410>	"EHDAA:3767"
<http://purl.obolibrary.org/obo/UBERON_0002410>	"EHDA:10095"
<http://purl.obolibrary.org/obo/UBERON_0002410>	"ZFA:0001574"
<http://purl.obolibrary.org/obo/UBERON_0002410>	"Wikipedia:Autonomic_nervous_system"
<http://purl.obolibrary.org/obo/UBERON_0002410>	"FMA:65553"
<http://purl.obolibrary.org/obo/UBERON_0002410>	"EMAPA:16984"
<http://purl.obolibrary.org/obo/UBERON_0002410>	"NCIT:C12673"
<http://purl.obolibrary.org/obo/UBERON_0002410>	"GAID:706"
<http://purl.obolibrary.org/obo/CL_0002570>	"https://cellxgene.cziscience.com/cellguide/CL_0002570"
<http://purl.obolibrary.org/obo/UBERON_0003505>	"MA:0001852"
<http://purl.obolibrary.org/obo/UBERON_0003505>	"EMAPA:35874"
<http://purl.obolibrary.org/obo/NCBITaxon_1206794>	"GC_ID:1"
<http://purl.obolibrary.org/obo/UBERON_0001957>	"MA:0001837"
<http://purl.obolibrary.org/obo/UBERON_0001957>	"NCIT:C49214"
<http://purl.obolibrary.org/obo/UBERON_0001957>	"BTO:0002108"
<http://purl.obolibrary.org/obo/UBERON_0001957>	"FMA:62653"
<http://purl.obolibrary.org/obo/UBERON_0001957>	"SCTID:85546005"
<http://purl.obolibrary.org/obo/PR_000002976>	"PIRSF:PIRSF002021"
<http://purl.obolibrary.org/obo/GO_0005794>	"NIF_Subcellular:sao451912436"
<http://purl.obolibrary.org/obo/GO_0005794>	"Wikipedia:Golgi_apparatus"
<http://purl.obolibrary.org/obo/GO_0048341>	"Reactome:R-HSA-9793380"
<http://purl.obolibrary.org/obo/GO_0030016>	"Wikipedia:Myofibril"
<http://purl.obolibrary.org/obo/GO_0045202>	"NIF_Subcellular:sao914572699"
<http://purl.obolibrary.org/obo/GO_0045202>	"Wikipedia:Chemical_synapse"
<http://purl.obolibrary.org/obo/GO_0048313>	"Reactome:R-HSA-162658"
<http://purl.obolibrary.org/obo/PR_000001012>	"IUPHARobj:2452"
<http://purl.obolibrary.org/obo/CHEBI_64909>	"Wikipedia:Poison"
<http://purl.obolibrary.org/obo/CHEBI_26836>	"PPDB:606"
<http://purl.obolibrary.org/obo/CHEBI_26836>	"KEGG:D05963"
<http://purl.obolibrary.org/obo/CHEBI_26836>	"KEGG:C00059"
<http://purl.obolibrary.org/obo/CHEBI_26836>	"MolBase:4"
<http://purl.obolibrary.org/obo/CHEBI_26836>	"Wikipedia:Sulfuric_acid"
<http://purl.obolibrary.org/obo/CHEBI_26836>	"KNApSAcK:C00007530"
<http://purl.obolibrary.org/obo/GO_0007507>	"Wikipedia:Heart_development"
<http://purl.obolibrary.org/obo/GO_0005929>	"Wikipedia:Cilium"
<http://purl.obolibrary.org/obo/GO_0005929>	"FMA:67181"
<http://purl.obolibrary.org/obo/GO_0005929>	"NIF_Subcellular:sao787716553"
<http://purl.obolibrary.org/obo/UBERON_0002185>	"MESH:D001980"
<http://purl.obolibrary.org/obo/UBERON_0002185>	"XAO:0000121"
<http://purl.obolibrary.org/obo/UBERON_0002185>	"MA:0000436"
<http://purl.obolibrary.org/obo/UBERON_0002185>	"MAT:0000133"
<http://purl.obolibrary.org/obo/UBERON_0002185>	"EMAPA:32689"
<http://purl.obolibrary.org/obo/UBERON_0002185>	"MIAA:0000133"
<http://purl.obolibrary.org/obo/UBERON_0002185>	"Wikipedia:Bronchus"
<http://purl.obolibrary.org/obo/UBERON_0002185>	"EFO:0000932"
<http://purl.obolibrary.org/obo/UBERON_0002185>	"FMA:7409"
<http://purl.obolibrary.org/obo/UBERON_0002185>	"VHOG:0000262"
<http://purl.obolibrary.org/obo/UBERON_0002185>	"CALOHA:TS-1229"
<http://purl.obolibrary.org/obo/UBERON_0002185>	"GAID:346"
<http://purl.obolibrary.org/obo/UBERON_0002185>	"SCTID:181215002"
<http://purl.obolibrary.org/obo/UBERON_0002185>	"NCIT:C12683"
<http://purl.obolibrary.org/obo/UBERON_0002185>	"BTO:0001340"
<http://purl.obolibrary.org/obo/UBERON_0002185>	"EV:0100041"
<http://purl.obolibrary.org/obo/CL_1000412>	"KUPO:0001097"
<http://purl.obolibrary.org/obo/CL_1000412>	"FMA:67760"
<http://purl.obolibrary.org/obo/CL_0000165>	"FMA:83810"
<http://purl.obolibrary.org/obo/CL_0000165>	"BTO:0002691"
<http://purl.obolibrary.org/obo/CHEBI_47622>	"Wikipedia:Acetate#Esters"
<http://purl.obolibrary.org/obo/CHEBI_47622>	"KEGG:C01883"
<http://purl.obolibrary.org/obo/NCBITaxon_6656>	"GC_ID:1"
<http://purl.obolibrary.org/obo/CHEBI_33704>	"KEGG:C00045"
<http://purl.obolibrary.org/obo/CHEBI_33704>	"KEGG:C05167"
<http://purl.obolibrary.org/obo/GO_0006892>	"Reactome:R-HSA-199992"
<http://purl.obolibrary.org/obo/PR_000001002>	"PIRSF:PIRSF016630"
<http://purl.obolibrary.org/obo/PR_000001002>	"IUPHARobj:2764"
<http://purl.obolibrary.org/obo/PR_P55284>	"UniProtKB:P55284"
<http://purl.obolibrary.org/obo/CL_0000307>	"FMA:74793"
<http://purl.obolibrary.org/obo/CHEBI_37527>	"KEGG:C00174"
<http://purl.obolibrary.org/obo/CL_0002159>	"FMA:70556"
<http://purl.obolibrary.org/obo/GO_0060896>	"Reactome:R-HSA-9834899"
<http://purl.obolibrary.org/obo/CL_0002224>	"FMA:67559"
<http://purl.obolibrary.org/obo/GO_0005874>	"NIF_Subcellular:sao1846835077"
<http://purl.obolibrary.org/obo/GO_0005874>	"Wikipedia:Microtubule"
<http://purl.obolibrary.org/obo/GO_0008088>	"Wikipedia:Axoplasmic_transport"
<http://purl.obolibrary.org/obo/UBERON_0004798>	"MA:0001816"
<http://purl.obolibrary.org/obo/GO_0009968>	"Reactome:R-HSA-8849472"
<http://purl.obolibrary.org/obo/NCBITaxon_6960>	"GC_ID:1"
<http://purl.obolibrary.org/obo/UBERON_0003126>	"VHOG:0000371"
<http://purl.obolibrary.org/obo/UBERON_0003126>	"EMAPA:16853"
<http://purl.obolibrary.org/obo/UBERON_0003126>	"EHDAA2:0002066"
<http://purl.obolibrary.org/obo/UBERON_0003126>	"CALOHA:TS-1060"
<http://purl.obolibrary.org/obo/UBERON_0003126>	"EFO:0000935"
<http://purl.obolibrary.org/obo/UBERON_0003126>	"EV:0100040"
<http://purl.obolibrary.org/obo/UBERON_0003126>	"BTO:0001388"
<http://purl.obolibrary.org/obo/UBERON_0003126>	"MAT:0000137"
<http://purl.obolibrary.org/obo/UBERON_0003126>	"MESH:D014132"
<http://purl.obolibrary.org/obo/UBERON_0003126>	"MA:0000441"
<http://purl.obolibrary.org/obo/UBERON_0003126>	"MIAA:0000137"
<http://purl.obolibrary.org/obo/UBERON_0003126>	"XAO:0000118"
<http://purl.obolibrary.org/obo/UBERON_0003126>	"NCIT:C12428"
<http://purl.obolibrary.org/obo/UBERON_0003126>	"SCTID:181213009"
<http://purl.obolibrary.org/obo/UBERON_0003126>	"AAO:0010140"
<http://purl.obolibrary.org/obo/UBERON_0003126>	"EHDAA:3078"
<http://purl.obolibrary.org/obo/UBERON_0003126>	"Wikipedia:Vertebrate_trachea"
<http://purl.obolibrary.org/obo/UBERON_0003126>	"FMA:7394"
<http://purl.obolibrary.org/obo/UBERON_0003126>	"GAID:361"
<http://purl.obolibrary.org/obo/CHEBI_16189>	"KEGG:C00059"
<http://purl.obolibrary.org/obo/CHEBI_16189>	"HMDB:HMDB0001448"
<http://purl.obolibrary.org/obo/CHEBI_16189>	"MetaCyc:SULFATE"
<http://purl.obolibrary.org/obo/CHEBI_16189>	"PDBeChem:SO4"
<http://purl.obolibrary.org/obo/CHEBI_16189>	"KEGG:D05963"
<http://purl.obolibrary.org/obo/CHEBI_16189>	"Wikipedia:Sulfate"
<http://purl.obolibrary.org/obo/UBERON_0006925>	"BTO:0000345"
<http://purl.obolibrary.org/obo/UBERON_0006925>	"AAO:0000130"
<http://purl.obolibrary.org/obo/NCBITaxon_10090>	"GC_ID:1"
<http://purl.obolibrary.org/obo/GO_0030017>	"Wikipedia:Sarcomere"
<http://purl.obolibrary.org/obo/CL_0002422>	"FMA:66785"
<http://purl.obolibrary.org/obo/CL_0002422>	"CALOHA:TS-0864"
<http://purl.obolibrary.org/obo/UBERON_0005726>	"BILA:0000139"
<http://purl.obolibrary.org/obo/CL_1000428>	"FMA:70541"
<http://purl.obolibrary.org/obo/GO_0006413>	"Reactome:R-HSA-72613"
<http://purl.obolibrary.org/obo/CL_1000223>	"https://cellxgene.cziscience.com/cellguide/CL_1000223"
<http://purl.obolibrary.org/obo/CHEBI_33853>	"KEGG:C15584"
<http://purl.obolibrary.org/obo/CHEBI_33853>	"MetaCyc:Phenols"
<http://purl.obolibrary.org/obo/CHEBI_33853>	"Wikipedia:Phenols"
<http://purl.obolibrary.org/obo/UBERON_0010009>	"NLXANAT:20090509"
<http://purl.obolibrary.org/obo/GO_0045637>	"Reactome:R-HSA-8939246"
<http://purl.obolibrary.org/obo/CL_0000035>	"FMA:70569"
<http://purl.obolibrary.org/obo/CL_0002591>	"https://cellxgene.cziscience.com/cellguide/CL_0002591"
<http://purl.obolibrary.org/obo/CL_0002591>	"BTO:0003336"
<http://purl.obolibrary.org/obo/GO_0031965>	"NIF_Subcellular:sao1687101204"
<http://purl.obolibrary.org/obo/PR_P25918>	"UniProtKB:P25918"
<http://purl.obolibrary.org/obo/GO_0043083>	"NIF_Subcellular:sao243541954"
<http://purl.obolibrary.org/obo/GO_1990904>	"Wikipedia:Ribonucleoprotein"
<http://purl.obolibrary.org/obo/UBERON_0008397>	"CALOHA:TS-1063"
<http://purl.obolibrary.org/obo/UBERON_0008397>	"BTO:0002925"
<http://purl.obolibrary.org/obo/CHEBI_35341>	"MetaCyc:Steroids"
<http://purl.obolibrary.org/obo/CHEBI_35341>	"KEGG:C00377"
<http://purl.obolibrary.org/obo/CL_0011027>	"https://cellxgene.cziscience.com/cellguide/CL_0011027"
<http://purl.obolibrary.org/obo/NCBITaxon_10088>	"GC_ID:1"
<http://purl.obolibrary.org/obo/CHEBI_28616>	"Wikipedia:Carbamic_acid"
<http://purl.obolibrary.org/obo/CHEBI_28616>	"DrugBank:DB04261"
<http://purl.obolibrary.org/obo/CHEBI_28616>	"PDBeChem:OUT"
<http://purl.obolibrary.org/obo/CHEBI_28616>	"KEGG:C01563"
<http://purl.obolibrary.org/obo/GO_0006521>	"Reactome:R-HSA-350562"
<http://purl.obolibrary.org/obo/GO_0007268>	"Reactome:R-HSA-442729"
<http://purl.obolibrary.org/obo/GO_0007268>	"Reactome:R-HSA-451307"
<http://purl.obolibrary.org/obo/GO_0007268>	"Reactome:R-HSA-442720"
<http://purl.obolibrary.org/obo/GO_0007268>	"Reactome:R-HSA-442742"
<http://purl.obolibrary.org/obo/GO_0007268>	"Reactome:R-HSA-9619483"
<http://purl.obolibrary.org/obo/GO_0007268>	"Reactome:R-HSA-112316"
<http://purl.obolibrary.org/obo/GO_0007268>	"Reactome:R-HSA-9619229"
<http://purl.obolibrary.org/obo/GO_0007268>	"Reactome:R-HSA-451308"
<http://purl.obolibrary.org/obo/GO_0007268>	"Reactome:R-HSA-9620244"
<http://purl.obolibrary.org/obo/GO_0007268>	"Wikipedia:Neurotransmission"
<http://purl.obolibrary.org/obo/CL_1000413>	"https://cellxgene.cziscience.com/cellguide/CL_1000413"
<http://purl.obolibrary.org/obo/CL_1000413>	"KUPO:0001095"
<http://purl.obolibrary.org/obo/CL_1000413>	"BTO:0004758"
<http://purl.obolibrary.org/obo/CL_1000413>	"FMA:67761"
<http://purl.obolibrary.org/obo/GO_0000785>	"NIF_Subcellular:sao1615953555"
<http://purl.obolibrary.org/obo/CHEBI_16646>	"Wikipedia:Carbohydrate"
<http://purl.obolibrary.org/obo/CHEBI_138675>	"Wikipedia:https://en.wikipedia.org/wiki/Gas"
<http://purl.obolibrary.org/obo/CHEBI_27027>	"Wikipedia:Micronutrient"
<http://purl.obolibrary.org/obo/PR_000001003>	"PIRSF:PIRSF028749"
<http://purl.obolibrary.org/obo/GO_0005730>	"Wikipedia:Nucleolus"
<http://purl.obolibrary.org/obo/GO_0005730>	"NIF_Subcellular:sao1820400233"
<http://purl.obolibrary.org/obo/CL_1000478>	"FMA:83384"
<http://purl.obolibrary.org/obo/UBERON_0003604>	"SCTID:278979006"
<http://purl.obolibrary.org/obo/UBERON_0003604>	"MA:0001857"
<http://purl.obolibrary.org/obo/UBERON_0003604>	"NCIT:C49304"
<http://purl.obolibrary.org/obo/UBERON_0003604>	"Wikipedia:Tracheal_rings"
<http://purl.obolibrary.org/obo/UBERON_0003604>	"EMAPA:35875"
<http://purl.obolibrary.org/obo/UBERON_0003604>	"EMAPA:18699"
<http://purl.obolibrary.org/obo/UBERON_0003604>	"FMA:7434"
<http://purl.obolibrary.org/obo/CL_1000361>	"FMA:263152"
<http://purl.obolibrary.org/obo/GO_0019748>	"Wikipedia:Secondary_metabolism"
<http://purl.obolibrary.org/obo/GO_0045786>	"Reactome:R-HSA-193670"
<http://purl.obolibrary.org/obo/GO_0012501>	"Reactome:R-HSA-5357801"
<http://purl.obolibrary.org/obo/GO_0012501>	"Wikipedia:Programmed_cell_death"
<http://purl.obolibrary.org/obo/PR_000001083>	"PIRSF:PIRSF001984"
<http://purl.obolibrary.org/obo/PR_000001083>	"IUPHARobj:2600"
<http://purl.obolibrary.org/obo/GO_0009058>	"Wikipedia:Anabolism"
<http://purl.obolibrary.org/obo/GO_0046219>	"Reactome:R-HSA-209931"
<http://purl.obolibrary.org/obo/PR_000001023>	"PIRSF:PIRSF501037"
<http://purl.obolibrary.org/obo/GO_0010467>	"Wikipedia:Gene_expression"
<http://purl.obolibrary.org/obo/ECOCORE_00000144>	"https://www.wikidata.org/entity/Q2072826"
<http://purl.obolibrary.org/obo/ECOCORE_00000155>	"https://www.wikidata.org/entity/Q5316712"
<http://purl.obolibrary.org/obo/ECOCORE_00000136>	"https://www.wikidata.org/entity/Q1470764"
<http://purl.obolibrary.org/obo/ECOCORE_00000145>	"https://www.wikidata.org/entity/Q17020010"
<http://purl.obolibrary.org/obo/ECOCORE_00000156>	"https://www.wikidata.org/entity/Q1420208"
<http://purl.obolibrary.org/obo/ECOCORE_00000140>	"https://www.wikidata.org/entry/Q120880"
<http://purl.obolibrary.org/obo/ECOCORE_00000152>	"https://www.wikidata.org/entity/Q7880449"
<http://purl.obolibrary.org/obo/ECOCORE_00000151>	"https://www.wikidata.org/entity/Q9300235"
<http://purl.obolibrary.org/obo/ECOCORE_00000143>	"https://www.wikidata.org/entity/Q1974986"
<http://purl.obolibrary.org/obo/ECOCORE_00000137>	"https://www.wikidata.org/entity/Q3805698"
<http://purl.obolibrary.org/obo/ECOCORE_00000154>	"https://www.wikidata.org/entity/Q2746753"
<http://purl.obolibrary.org/obo/GO_0019252>	"MetaCyc:PWY-622"
<http://purl.obolibrary.org/obo/GO_0044403>	"Reactome:R-HSA-9839923"
<http://purl.obolibrary.org/obo/GO_0042330>	"Wikipedia:Taxis"
<http://purl.obolibrary.org/obo/GO_0044419>	"Reactome:R-HSA-9824443"
<http://purl.obolibrary.org/obo/GO_0015979>	"Wikipedia:Photosynthesis"
<http://purl.obolibrary.org/obo/GO_0009060>	"Wikipedia:Cellular_respiration#Aerobic_respiration"
<http://purl.obolibrary.org/obo/GO_0019412>	"MetaCyc:P283-PWY"
<http://purl.obolibrary.org/obo/GO_0005977>	"Reactome:R-HSA-8982491"
<http://purl.obolibrary.org/obo/GO_0019329>	"MetaCyc:PWY-2242"
<http://purl.obolibrary.org/obo/GO_0009061>	"Wikipedia:Cellular_respiration#Anaerobic_respiration"
<http://purl.obolibrary.org/obo/GO_0009061>	"Wikipedia:Anaerobic_respiration"
<http://purl.obolibrary.org/obo/GO_0009061>	"MetaCyc:ANAEROBIC-RESPIRATION"
<http://purl.obolibrary.org/obo/GO_0019331>	"Wikipedia:Anammox"
<http://purl.obolibrary.org/obo/GO_0019331>	"MetaCyc:P303-PWY"
<http://purl.obolibrary.org/obo/GO_0006935>	"Wikipedia:Chemotaxis"
<http://purl.obolibrary.org/obo/GO_0062097>	"Wikipedia:Chemosynthesis"
<http://purl.obolibrary.org/obo/GO_0071941>	"Wikipedia:Nitrogen_cycle"
<http://purl.obolibrary.org/obo/GO_0016265>	"Wikipedia:Death"
<http://purl.obolibrary.org/obo/GO_0019332>	"MetaCyc:P282-PWY"
<http://purl.obolibrary.org/obo/GO_0045333>	"Wikipedia:Cellular_respiration"
<http://purl.obolibrary.org/obo/GO_0015975>	"Wikipedia:Lithotrophy"
<http://purl.obolibrary.org/obo/GO_0006113>	"Wikipedia:Fermentation_(biochemistry)"
<http://purl.obolibrary.org/obo/GO_0006113>	"MetaCyc:Fermentation"
<http://purl.obolibrary.org/obo/GO_0019409>	"MetaCyc:AMMOXID-PWY"
<http://purl.obolibrary.org/obo/GO_0007631>	"Wikipedia:List_of_feeding_behaviours"
<http://purl.obolibrary.org/obo/ENVO_00000134>	"https://en.wikipedia.org/wiki/Permafrost"
<http://purl.obolibrary.org/obo/ENVO_00000134>	"LTER:408"
<http://purl.obolibrary.org/obo/ENVO_00000134>	<http://sweetontology.net/realmSoil/Permafrost>
<http://purl.obolibrary.org/obo/ENVO_00000015>	"TGN:21102"
<http://purl.obolibrary.org/obo/ENVO_00000015>	"EcoLexicon:ocean"
<http://purl.obolibrary.org/obo/ENVO_00000015>	"FTT:1019"
<http://purl.obolibrary.org/obo/ENVO_00000015>	"SWEETRealm:Ocean"
<http://purl.obolibrary.org/obo/ENVO_00000015>	"LTER:695"
<http://purl.obolibrary.org/obo/ENVO_00000015>	"https://en.wikipedia.org/wiki/Ocean"
<http://purl.obolibrary.org/obo/ENVO_00000015>	"FTT:943"
<http://purl.obolibrary.org/obo/ENVO_00000015>	"Geonames:H.OCN"
<http://purl.obolibrary.org/obo/ENVO_01000016>	"SWEETRealm:Silt"
<http://purl.obolibrary.org/obo/ENVO_01000016>	"EcoLexicon:silt"
<http://purl.obolibrary.org/obo/ENVO_01000016>	"https://en.wikipedia.org/wiki/Silt"
<http://purl.obolibrary.org/obo/ENVO_00002040>	"https://en.wikipedia.org/wiki/Wood"
<http://purl.obolibrary.org/obo/ENVO_00002040>	"SWEETRealm:Wood"
<http://purl.obolibrary.org/obo/ENVO_00002040>	"LTER:637"
<http://purl.obolibrary.org/obo/ENVO_00002040>	"EcoLexicon:wood"
<http://purl.obolibrary.org/obo/ENVO_01001088>	"SWEETRealm:Aerosol"
<http://purl.obolibrary.org/obo/ENVO_03000143>	<http://sweetontology.net/realm/Cryosphere>
<http://purl.obolibrary.org/obo/ENVO_01001620>	"http://sweetontology.net/phenCryo/Accumulation"
<http://purl.obolibrary.org/obo/ENVO_00001998>	"SWEETRealm:Soil"
<http://purl.obolibrary.org/obo/ENVO_00001998>	"SPIRE:Soil"
<http://purl.obolibrary.org/obo/ENVO_00001998>	"https://en.wikipedia.org/wiki/Soil"
<http://purl.obolibrary.org/obo/ENVO_00001998>	"LTER:535"
<http://purl.obolibrary.org/obo/ENVO_00000000>	"https://en.wikipedia.org/wiki/Geographic_feature"
<http://purl.obolibrary.org/obo/ENVO_01001618>	"http://sweetontology.net/phenCryo/Accumulation"
<http://purl.obolibrary.org/obo/ENVO_00000016>	"Geonames:H.SEA"
<http://purl.obolibrary.org/obo/ENVO_00000016>	"EcoLexicon:sea"
<http://purl.obolibrary.org/obo/ENVO_00000016>	"TGN:21103"
<http://purl.obolibrary.org/obo/ENVO_00000016>	"FTT:830"
<http://purl.obolibrary.org/obo/ENVO_00000016>	"https://en.wikipedia.org/wiki/Sea"
<http://purl.obolibrary.org/obo/ENVO_00000016>	"FTT:233"
<http://purl.obolibrary.org/obo/ENVO_00000428>	"LTER:809"
<http://purl.obolibrary.org/obo/ENVO_00000428>	"EcoLexicon:biome"
<http://purl.obolibrary.org/obo/ENVO_00002982>	"EcoLexicon:clay"
<http://purl.obolibrary.org/obo/ENVO_00002982>	"SWEETRealm:Clay"
<http://purl.obolibrary.org/obo/ENVO_00000309>	"Geonames:T.PAN"
<http://purl.obolibrary.org/obo/ENVO_00000309>	"FTT:216"
<http://purl.obolibrary.org/obo/ENVO_00000309>	"Geonames:T.DPR"
<http://purl.obolibrary.org/obo/ENVO_00000309>	"TGN:21454"
<http://purl.obolibrary.org/obo/ENVO_00000309>	"Geonames:T.PANS"
<http://purl.obolibrary.org/obo/ENVO_00000309>	"FTT:215"
<http://purl.obolibrary.org/obo/ENVO_00000309>	"SWEETRealm:Depression"
<http://purl.obolibrary.org/obo/ENVO_00000309>	"FTT:175"
<http://purl.obolibrary.org/obo/ENVO_00000309>	"EcoLexicon:depression"
<http://purl.obolibrary.org/obo/ENVO_00000309>	"TGN:21521"
<http://purl.obolibrary.org/obo/ENVO_00000309>	"TGN:21497"
<http://purl.obolibrary.org/obo/ENVO_01000293>	"http://sweetontology.net/phenCryo/Accumulation"
<http://purl.obolibrary.org/obo/ENVO_00000020>	"Geonames:H.LKS"
<http://purl.obolibrary.org/obo/ENVO_00000020>	"LTER:278"
<http://purl.obolibrary.org/obo/ENVO_00000020>	"Geonames:H.LK"
<http://purl.obolibrary.org/obo/ENVO_00000020>	"TGN:21115"
<http://purl.obolibrary.org/obo/ENVO_00000020>	"SWEETRealm:Lake"
<http://purl.obolibrary.org/obo/ENVO_00000020>	"FTT:909"
<http://purl.obolibrary.org/obo/ENVO_00000020>	"SPIRE:Lake_or_pond"
<http://purl.obolibrary.org/obo/ENVO_00000020>	"FTT:221"
<http://purl.obolibrary.org/obo/ENVO_00000020>	"EcoLexicon:lake"
<http://purl.obolibrary.org/obo/ENVO_00000020>	"TGN:21114"
<http://purl.obolibrary.org/obo/ENVO_00000020>	"FTT:704"
<http://purl.obolibrary.org/obo/ENVO_00000176>	"https://en.wikipedia.org/wiki/Elevation"
<http://purl.obolibrary.org/obo/ENVO_00000176>	"SWEETRealm:Elevation"
<http://purl.obolibrary.org/obo/ENVO_00000176>	"LTER:177"
<http://purl.obolibrary.org/obo/ENVO_00002010>	"SWEETRealm:SaltWater"
<http://purl.obolibrary.org/obo/ENVO_00002010>	"EcoLexicon:saltwater"
<http://purl.obolibrary.org/obo/ENVO_00002010>	"https://en.wikipedia.org/wiki/Saline_water"
<http://purl.obolibrary.org/obo/ENVO_00002010>	"SWEETRealm:SalineWater"
<http://purl.obolibrary.org/obo/ENVO_01000155>	"EcoLexicon:organic_material"
<http://purl.obolibrary.org/obo/ENVO_01000267>	"LTER:48"
<http://purl.obolibrary.org/obo/ENVO_01001110>	"LTER:173"
<http://purl.obolibrary.org/obo/ENVO_00000191>	"EcoLexicon:landforms"
<http://purl.obolibrary.org/obo/ENVO_00000191>	"FTT:96"
<http://purl.obolibrary.org/obo/ENVO_00000191>	"TGN:21401"
<http://purl.obolibrary.org/obo/ENVO_00000191>	"SWEETRealm:Landform"
<http://purl.obolibrary.org/obo/ENVO_00000191>	"EcoLexicon:landform"
<http://purl.obolibrary.org/obo/ENVO_00000191>	"TGN:21400"
<http://purl.obolibrary.org/obo/ENVO_00000191>	"FTT:754"
<http://purl.obolibrary.org/obo/ENVO_00002149>	"EcoLexicon:sea_water"
<http://purl.obolibrary.org/obo/ENVO_00002149>	"https://en.wikipedia.org/wiki/Sea_water"
<http://purl.obolibrary.org/obo/ENVO_00002149>	"LTER:701"
<http://purl.obolibrary.org/obo/ENVO_00002149>	"SWEETRealm:SeaWater"
<http://purl.obolibrary.org/obo/ENVO_00010505>	"SWEETRealm:Aerosol"
<http://purl.obolibrary.org/obo/ENVO_00010505>	"EcoLexicon:aerosol"
<http://purl.obolibrary.org/obo/ENVO_01000752>	"NLCD:31"
<http://purl.obolibrary.org/obo/ENVO_00000063>	"FTT:131"
<http://purl.obolibrary.org/obo/ENVO_00000063>	"FTT:280"
<http://purl.obolibrary.org/obo/ENVO_00000063>	"SWEETRealm:BodyOfWater"
<http://purl.obolibrary.org/obo/ENVO_00000063>	"EcoLexicon:waterbody"
<http://purl.obolibrary.org/obo/ENVO_00000063>	"TGN:21101"
<http://purl.obolibrary.org/obo/ENVO_00000063>	"FTT:827"
<http://purl.obolibrary.org/obo/ENVO_00000063>	"https://en.wikipedia.org/wiki/Water_body"
<http://purl.obolibrary.org/obo/ENVO_00000063>	"TGN:21100"
<http://purl.obolibrary.org/obo/ENVO_01001617>	"http://sweetontology.net/phenCryo/Accumulation"
<http://purl.obolibrary.org/obo/ENVO_00000097>	"https://en.wikipedia.org/wiki/Desert"
<http://purl.obolibrary.org/obo/ENVO_00000097>	"LTER:147"
<http://purl.obolibrary.org/obo/ENVO_00000097>	"FTT:1"
<http://purl.obolibrary.org/obo/ENVO_00000097>	"TGN:21201"
<http://purl.obolibrary.org/obo/ENVO_00000097>	"SWEETRealm:Desert"
<http://purl.obolibrary.org/obo/ENVO_00000097>	"FTT:188"
<http://purl.obolibrary.org/obo/ENVO_00000097>	"EcoLexicon:desert"
<http://purl.obolibrary.org/obo/ENVO_00000097>	"Geonames:T.DSRT"
<http://purl.obolibrary.org/obo/ENVO_01001646>	<http://vocab.nerc.ac.uk/collection/S23/current/S23C014/>
<http://purl.obolibrary.org/obo/ENVO_01001645>	<http://vocab.nerc.ac.uk/collection/S23/current/S23C013/>
<http://purl.obolibrary.org/obo/ENVO_01001548>	<http://sweetontology.net/procStateChange/Freezing>
<http://purl.obolibrary.org/obo/ENVO_00000012>	"FTT:131"
<http://purl.obolibrary.org/obo/ENVO_00000012>	"FTT:828"
<http://purl.obolibrary.org/obo/ENVO_00000012>	"FTT:826"
<http://purl.obolibrary.org/obo/ENVO_00000012>	"FTT:711"
<http://purl.obolibrary.org/obo/ENVO_00000012>	"FTT:824"
<http://purl.obolibrary.org/obo/ENVO_00000012>	"FTT:761"
<http://purl.obolibrary.org/obo/ENVO_00000012>	"FTT:829"
<http://purl.obolibrary.org/obo/ENVO_00000012>	"Geonames:H.OVF"
<http://purl.obolibrary.org/obo/ENVO_00000012>	"FTT:280"
<http://purl.obolibrary.org/obo/ENVO_00000012>	"FTT:827"
<http://purl.obolibrary.org/obo/ENVO_00000012>	"FTT:825"
<http://purl.obolibrary.org/obo/ENVO_00002030>	"LTER:41"
<http://purl.obolibrary.org/obo/ENVO_01001570>	"https://www.worldwildlife.org/biome-categories/terrestrial-ecoregions"
<http://purl.obolibrary.org/obo/ENVO_00002007>	"EcoLexicon:sedimentation"
<http://purl.obolibrary.org/obo/ENVO_00002007>	"SWEETRealm:Sediment"
<http://purl.obolibrary.org/obo/ENVO_00002007>	"https://en.wikipedia.org/wiki/Sediment"
<http://purl.obolibrary.org/obo/ENVO_00002007>	"EcoLexicon:sediment"
<http://purl.obolibrary.org/obo/ENVO_00002007>	"LTER:493"
<http://purl.obolibrary.org/obo/ENVO_00002007>	"LTER:492"
<http://purl.obolibrary.org/obo/ENVO_01001652>	<http://vocab.nerc.ac.uk/collection/S23/current/S23C005/>
<http://purl.obolibrary.org/obo/ENVO_00010504>	"https://en.wikipedia.org/wiki/Surface"
<http://purl.obolibrary.org/obo/ENVO_00010504>	"http://sweetontology.net/reprSpaceGeometry/Surface"
<http://purl.obolibrary.org/obo/ENVO_00010504>	"EcoLexicon:surface"
<http://purl.obolibrary.org/obo/ENVO_00000447>	"SPIRE:Marine"
<http://purl.obolibrary.org/obo/ENVO_01000846>	<http://sweetontology.net/matrWater/Ice>
<http://purl.obolibrary.org/obo/ENVO_01001191>	"SWEETRealm:SurfaceWater"
<http://purl.obolibrary.org/obo/ENVO_01001191>	"EcoLexicon:surface_water"
<http://purl.obolibrary.org/obo/ENVO_01001191>	"https://en.wikipedia.org/wiki/Surface_water"
<http://purl.obolibrary.org/obo/ENVO_01000342>	"LTER:350"
<http://purl.obolibrary.org/obo/ENVO_01000230>	"EcoLexicon:aridity"
<http://purl.obolibrary.org/obo/ENVO_00002000>	"SWEETRealm:Slope"
<http://purl.obolibrary.org/obo/ENVO_00002000>	"https://en.wikipedia.org/wiki/Slope"
<http://purl.obolibrary.org/obo/ENVO_00002000>	"EcoLexicon:slope"
<http://purl.obolibrary.org/obo/ENVO_01001211>	"NCIT:C44445"
<http://purl.obolibrary.org/obo/ENVO_00002006>	"https://en.wikipedia.org/wiki/Water"
<http://purl.obolibrary.org/obo/ENVO_00002006>	"LTER:617"
<http://purl.obolibrary.org/obo/ENVO_00002006>	"EcoLexicon:water"
<http://purl.obolibrary.org/obo/ENVO_00000446>	"SPIRE:Terrestrial"
<http://purl.obolibrary.org/obo/ENVO_00000446>	"LTER:798"
<http://purl.obolibrary.org/obo/ENVO_00002005>	"https://en.wikipedia.org/wiki/Air"
<http://purl.obolibrary.org/obo/ENVO_00002005>	"LTER:18"
<http://purl.obolibrary.org/obo/ENVO_00002005>	"SWEETRealm:Air"
<http://purl.obolibrary.org/obo/ENVO_00002005>	"EcoLexicon:air"
<http://purl.obolibrary.org/obo/ENVO_01000017>	"EcoLexicon:sand"
<http://purl.obolibrary.org/obo/ENVO_01000017>	"SWEETRealm:Sand"
<http://purl.obolibrary.org/obo/ENVO_01000017>	"LTER:484"
<http://purl.obolibrary.org/obo/ENVO_01000017>	"https://en.wikipedia.org/wiki/Sand"
<http://purl.obolibrary.org/obo/ENVO_03000111>	"http://sweetontology.net/phenCryo/Accumulation"
<http://purl.obolibrary.org/obo/ENVO_01000277>	<http://sweetontology.net/matrWater/Ice>
<http://purl.obolibrary.org/obo/ENVO_01000277>	"LTER:262"
<http://purl.obolibrary.org/obo/ENVO_00000019>	"FTT:907"
<http://purl.obolibrary.org/obo/ENVO_00000019>	"TGN:21116"
<http://purl.obolibrary.org/obo/ENVO_00000019>	"Geonames:H.LKN"
<http://purl.obolibrary.org/obo/ENVO_00000019>	"FTT:221"
<http://purl.obolibrary.org/obo/ENVO_00000019>	"https://en.wikipedia.org/wiki/Saline_lake"
<http://purl.obolibrary.org/obo/ENVO_00000019>	"Geonames:H.LKSN"
<http://purl.obolibrary.org/obo/ENVO_00000002>	"FTT:78"
<http://purl.obolibrary.org/obo/ENVO_00000002>	"TGN:50001"
<http://purl.obolibrary.org/obo/ENVO_01001524>	"http://sweetontology.net/realmCryo/FrozenGround"
<http://purl.obolibrary.org/obo/ENVO_01001089>	"SWEETRealm:Aerosol"
<http://purl.obolibrary.org/obo/ENVO_01001619>	"http://sweetontology.net/phenCryo/Accumulation"
<http://purl.obolibrary.org/obo/ENVO_01000256>	"LTER:341"
<http://purl.obolibrary.org/obo/ENVO_01000739>	"LTER:238"
<http://purl.obolibrary.org/obo/ENVO_01000739>	"https://en.wikipedia.org/wiki/Habitat"
<http://purl.obolibrary.org/obo/ENVO_01000739>	"EcoLexicon:habitat"
<http://purl.obolibrary.org/obo/ENVO_01000739>	"SWEETRealm:Habitat"
<http://purl.obolibrary.org/obo/ENVO_01000024>	"SPIRE:Benthic"
<http://purl.obolibrary.org/obo/ENVO_00001995>	"SWEETRealm:Rock"
<http://purl.obolibrary.org/obo/ENVO_00001995>	"EcoLexicon:rock"
<http://purl.obolibrary.org/obo/ENVO_00001995>	"Geonames:T.RKS"
<http://purl.obolibrary.org/obo/ENVO_00001995>	"https://en.wikipedia.org/wiki/Rock"
<http://purl.obolibrary.org/obo/ENVO_00001995>	"FTT:1010"
<http://purl.obolibrary.org/obo/ENVO_00001995>	"FTT:145"
<http://purl.obolibrary.org/obo/ENVO_00001995>	"Geonames:T.RK"
<http://purl.obolibrary.org/obo/ENVO_00001995>	"TGN:21444"
<http://purl.obolibrary.org/obo/ENVO_01000179>	"SPIRE:Desert_or_dune"
<http://purl.obolibrary.org/obo/ENVO_00000100>	"TGN:21453"
<http://purl.obolibrary.org/obo/ENVO_00000100>	"FTT:949"
<http://purl.obolibrary.org/obo/ENVO_00000100>	"FTT:158"
<http://purl.obolibrary.org/obo/ENVO_00000100>	"EcoLexicon:valley"
<http://purl.obolibrary.org/obo/ENVO_00000100>	"TGN:21451"
<http://purl.obolibrary.org/obo/ENVO_00000100>	"Geonames:T.GRGE"
<http://purl.obolibrary.org/obo/ENVO_00000100>	"FTT:761"
<http://purl.obolibrary.org/obo/ENVO_00000100>	"TGN:21425"
<http://purl.obolibrary.org/obo/ENVO_00000100>	"FTT:166"
<http://purl.obolibrary.org/obo/ENVO_00000100>	"Geonames:T.VALS"
<http://purl.obolibrary.org/obo/ENVO_00000100>	"TGN:21452"
<http://purl.obolibrary.org/obo/ENVO_00000100>	"FTT:811"
<http://purl.obolibrary.org/obo/ENVO_00000100>	"SWEETRealm:Valley"
<http://purl.obolibrary.org/obo/ENVO_00000100>	"FTT:418"
<http://purl.obolibrary.org/obo/ENVO_00000100>	"Geonames:T.VAL"
<http://purl.obolibrary.org/obo/ENVO_01000895>	<http://sweetontology.net/phenAtmoPrecipitation/Snowfall>
<http://purl.obolibrary.org/obo/ENVO_00000339>	"TGN:21444"
<http://purl.obolibrary.org/obo/ENVO_00000339>	"FTT:1010"
<http://purl.obolibrary.org/obo/ENVO_00000339>	"Geonames:T.RKS"
<http://purl.obolibrary.org/obo/ENVO_00000339>	"FTT:145"
<http://purl.obolibrary.org/obo/ENVO_00000339>	"Geonames:T.RK"
<http://purl.obolibrary.org/obo/ENVO_00000248>	"https://en.wikipedia.org/wiki/Glacial_valley"
